segment_id,lat_cell,lon_cell,detections
0,-15.9,25.6,1
0,51.5,-2.0,2
0,-14.7,127.1,35
0,-13.7,34.3,14
0,23.1,120.1,3
0,34.6,-98.6,2
0,14.6,-85.3,3
0,-29.7,31.0,18
0,32.6,-105.5,2
0,15.0,80.0,1
0,-21.3,33.3,48
0,43.8,12.7,2
0,12.0,107.9,3
0,-10.1,-66.9,9
0,-6.4,12.4,79
0,7.4,-3.4,2
0,-3.2,32.9,7
0,-8.3,19.2,105
0,21.6,-78.9,5
0,-12.4,14.4,194
0,9.7,33.2,2
0,7.2,40.7,8
0,-7.9,-74.2,1
0,36.9,9.7,6
0,-25.0,149.5,1
0,13.2,23.7,7
0,-9.6,29.1,171
0,13.5,24.8,1
0,-35.9,174.0,1
0,55.5,38.1,1
0,-15.5,-39.0,1
0,-24.7,44.3,5
0,-7.7,-63.1,4
0,3.2,28.1,1
0,47.8,132.1,2
0,-21.2,118.6,2
0,8.9,-73.5,1
0,-6.5,-45.1,96
0,-7.9,-63.5,8
0,51.3,57.1,2
0,21.8,85.1,1
0,41.7,23.2,31
0,-13.1,132.3,165
0,-9.7,34.5,49
0,-16.6,-69.9,5
0,-7.4,-38.1,2
0,46.9,29.6,3
0,26.2,44.0,10
0,-11.7,-42.5,10
0,-25.1,-51.1,16
0,-5.8,-57.9,1
0,44.6,129.7,2
0,13.5,10.6,1
0,-4.8,21.8,98
0,-12.8,21.9,56
0,-26.6,149.2,6
0,-1.3,25.3,33
0,46.2,48.3,2
0,-22.8,31.0,105
0,6.7,-71.7,1
0,22.1,-80.1,1
0,22.5,75.6,2
0,43.0,-92.0,1
0,36.0,-83.5,1
0,53.0,67.9,23
0,14.5,-9.7,7
0,38.2,-78.6,1
0,-14.3,127.2,149
0,-7.1,22.4,177
0,-5.1,-50.9,2
0,-13.1,29.6,128
0,14.7,34.7,2
0,-33.7,138.6,1
0,-2.3,28.3,46
0,-14.1,131.9,64
0,33.1,-83.4,1
0,43.3,24.3,1
0,28.4,-89.1,1
0,-2.7,34.9,8
0,7.9,-5.8,2
0,31.3,74.6,11
0,-0.7,31.5,8
0,9.8,27.0,27
0,-18.5,19.9,35
0,-3.7,-61.1,3
0,-5.4,-48.6,1
0,29.8,106.4,9
0,20.3,72.9,3
0,26.0,79.6,1
0,23.8,49.1,22
0,45.0,18.5,2
0,-11.9,18.0,226
0,-8.8,21.9,243
0,-22.5,34.5,6
0,-18.3,-51.7,1
0,18.1,-88.5,55
0,-20.3,44.3,150
0,-23.5,46.5,15
0,43.5,25.4,2
0,25.1,113.4,1
0,3.9,20.7,5
0,-29.1,151.9,1
0,-17.2,34.6,135
0,48.9,13.2,1
0,-28.6,21.1,3
0,-6.1,-56.8,1
0,-12.0,-73.0,18
0,24.6,67.9,2
0,-30.5,117.3,1
0,31.3,-89.8,1
0,-1.0,23.3,6
0,46.9,47.9,10
0,-3.3,103.7,2
0,-34.6,117.7,2
0,-13.5,23.9,121
0,-36.8,144.6,1
0,-14.1,39.9,50
0,44.9,10.5,4
0,-6.5,32.5,166
0,36.8,-89.2,2
0,-8.8,13.7,38
0,-2.1,110.5,48
0,-29.8,-52.4,1
0,26.4,-81.6,12
0,45.4,40.8,21
0,-25.8,-62.7,1
0,10.3,-69.5,7
0,-2.3,15.9,51
0,58.5,-119.0,4
0,31.2,7.7,12
0,48.3,37.2,275
0,37.4,-93.5,1
0,47.5,-101.2,13
0,-15.3,126.7,8
0,-29.0,-62.1,2
0,1.8,99.7,15
0,-18.0,19.5,2
0,40.6,-81.7,2
0,65.3,82.4,37
0,67.4,77.2,1
0,-4.5,-46.1,7
0,-16.1,-63.5,34
0,62.3,50.7,1
0,35.2,111.2,1
0,35.5,133.4,1
0,33.8,-85.4,1
0,-5.5,37.4,9
0,-5.1,32.5,18
0,-19.9,20.7,33
0,-24.3,31.7,85
0,6.0,17.4,3
0,50.4,-99.4,1
0,-21.3,46.4,22
0,39.4,112.7,1
0,-8.7,39.3,19
0,60.8,71.7,20
0,-4.6,38.5,6
0,12.1,35.6,5
0,12.3,6.9,3
0,49.4,35.6,1
0,40.0,111.3,1
0,-14.4,39.1,151
0,-9.1,17.3,145
0,-3.5,29.9,1
0,11.2,30.9,1
0,-11.9,15.7,275
0,55.9,13.5,1
0,-39.2,-73.2,3
0,7.8,-62.3,1
0,45.0,20.9,7
0,1.2,128.0,1
0,-5.1,-47.9,5
0,-7.9,26.2,224
0,49.5,10.9,3
0,-16.1,-41.5,1
0,31.3,107.7,3
0,-39.4,176.8,2
0,-17.6,31.5,55
0,32.0,49.8,12
0,-12.0,32.4,9
0,-21.9,-47.1,1
0,36.6,-86.7,1
0,13.0,-13.9,10
0,57.1,95.6,1
0,54.7,-125.4,13
0,-15.0,21.5,21
0,23.7,79.9,2
0,-21.7,-45.9,2
0,22.8,-81.6,3
0,69.4,122.9,1
0,-25.0,-58.5,4
0,-4.0,-44.3,5
0,47.8,37.1,5
0,-38.1,-71.4,1
0,51.1,62.5,85
0,51.2,36.4,2
0,-13.5,39.2,128
0,-7.7,32.4,187
0,26.5,-108.5,1
0,3.0,32.0,12
0,-15.6,-56.1,27
0,13.0,2.9,1
0,-11.7,30.7,120
0,37.2,31.4,1
0,19.7,100.7,1
0,34.2,-86.5,5
0,-11.6,24.7,151
0,-4.1,33.2,2
0,-16.3,33.1,26
0,-9.3,-69.1,1
0,-11.4,36.9,88
0,35.7,-92.6,2
0,35.7,128.3,4
0,-9.4,27.7,51
0,19.9,-104.9,22
0,-24.0,-57.4,1
0,-3.6,23.0,10
0,6.6,-69.4,9
0,22.9,-82.8,3
0,-7.1,-71.9,3
0,20.1,-87.5,1
0,46.1,103.8,1
0,48.4,22.4,2
0,23.8,96.4,2
0,-27.1,29.0,4
0,-20.6,-63.2,1
0,-38.1,146.8,1
0,-11.1,31.2,128
0,13.8,26.9,61
0,46.2,49.6,5
0,47.8,67.8,12
0,19.2,-103.3,4
0,58.3,-116.7,12
0,-4.4,17.6,201
0,32.4,72.7,2
0,29.4,49.3,162
0,50.2,-105.6,1
0,-3.7,-47.2,1
0,-41.6,146.8,1
0,-7.2,12.8,58
0,22.5,80.2,1
0,3.0,-59.7,1
0,-14.0,133.1,57
0,32.8,49.5,3
0,-10.0,-60.2,165
0,60.8,112.1,256
0,-15.3,-51.3,1
0,41.3,-89.7,1
0,-8.7,-70.7,15
0,-2.7,-49.4,3
0,-2.8,-46.0,5
0,-15.9,-44.9,6
0,-14.4,24.6,61
0,-10.2,-40.3,4
0,-17.7,-61.1,1
0,-11.0,36.2,28
0,-8.7,31.1,6
0,6.8,39.4,2
0,31.3,76.1,1
0,-23.7,-55.9,3
0,37.1,-7.9,1
0,-6.7,16.6,117
0,8.0,-65.9,1
0,-14.2,16.1,243
0,52.8,-106.3,1
0,-28.3,-60.9,22
0,16.5,76.5,6
0,25.2,49.3,25
0,-8.9,33.8,53
0,-15.1,24.8,179
0,-3.7,-51.2,5
0,35.9,6.7,5
0,18.4,-103.0,6
0,-24.0,148.1,3
0,-11.5,26.6,220
0,33.7,-111.0,157
0,-28.9,-57.1,3
0,57.3,-96.2,2
0,-19.4,-57.6,13
0,-18.9,32.4,53
0,9.7,34.6,1
0,49.3,1.5,2
0,4.6,-68.5,4
0,26.4,-107.8,78
0,-18.3,46.7,100
0,52.3,42.8,3
0,-6.8,-47.4,5
0,-16.3,32.8,8
0,-6.9,-70.4,2
0,-16.4,-48.2,10
0,18.1,-92.9,28
0,-7.6,29.6,128
0,-19.2,16.4,11
0,10.4,-11.8,1
0,-7.4,-77.6,4
0,-11.2,35.8,51
0,23.8,78.9,4
0,7.0,30.9,1
0,42.9,-96.6,1
0,-8.7,-40.7,9
0,17.0,106.9,2
0,43.3,-94.3,3
0,-16.4,127.9,18
0,-3.4,115.2,8
0,-1.2,112.1,4
0,2.8,113.0,4
0,-33.9,117.9,1
0,20.3,-105.6,1
0,22.5,104.0,1
0,-11.4,-66.1,5
0,9.5,30.7,17
0,-9.3,32.5,148
0,-16.4,15.3,6
0,-24.0,32.7,2
0,34.6,113.8,8
0,49.0,24.0,1
0,-10.0,-47.0,29
0,30.6,-94.4,6
0,-12.2,-42.6,6
0,43.9,132.2,7
0,33.8,-117.0,19
0,4.3,27.9,1
0,-19.3,47.6,2
0,11.2,-72.6,18
0,19.8,-155.8,5
0,-20.4,33.8,62
0,-23.5,-54.1,1
0,36.7,-120.2,4
0,15.1,100.2,6
0,10.8,29.0,4
0,26.5,76.7,4
0,11.1,77.6,3
0,7.7,-2.4,17
0,8.4,80.7,34
0,-15.7,-68.1,3
0,32.4,-94.6,1
0,-15.2,132.2,51
0,-11.7,-48.4,7
0,-19.5,-45.3,3
0,42.2,19.5,12
0,-33.0,-60.1,1
0,-34.8,135.7,10
0,-1.9,-46.6,2
0,-22.6,150.3,13
0,-12.4,27.9,272
0,-18.3,131.5,63
0,42.1,19.0,13
0,6.5,-2.3,7
0,-23.5,-56.2,3
0,34.4,109.1,6
0,-7.4,-46.1,15
0,-13.4,38.6,145
0,-22.8,-55.9,20
0,-15.2,127.6,221
0,37.4,49.6,2
0,-17.2,22.6,83
0,-14.5,143.4,19
0,-11.5,-41.0,7
0,18.2,-95.4,3
0,7.6,-65.6,9
0,0.3,30.8,2
0,30.7,48.8,9
0,23.8,-106.5,9
0,-14.0,-42.6,13
0,22.6,-104.6,131
0,-37.9,143.8,1
0,-19.4,127.7,4
0,53.3,-106.8,2
0,41.1,-96.9,2
0,10.7,-14.1,17
0,-10.5,35.4,126
0,13.6,-7.1,4
0,7.8,-62.2,1
0,-14.3,24.3,238
0,-27.9,152.9,10
0,-15.2,28.3,72
0,-28.3,114.3,1
0,-11.5,-47.7,23
0,35.8,-82.2,1
0,37.3,95.8,5
0,-17.9,35.1,175
0,20.5,-104.3,7
0,-17.4,-49.1,1
0,17.9,103.4,1
0,27.9,45.4,59
0,-17.6,32.0,30
0,14.1,-16.7,2
0,-3.2,12.6,7
0,-23.0,31.2,3
0,34.3,7.9,1
0,-12.6,134.6,99
0,35.5,-92.6,1
0,40.9,69.9,1
0,-14.8,128.0,311
0,-12.7,-69.3,32
0,51.2,62.0,3
0,52.1,6.4,6
0,4.9,19.8,4
0,39.2,48.5,8
0,12.8,-86.2,21
0,15.1,-86.1,2
0,10.9,107.4,5
0,-16.2,-48.9,2
0,-12.7,14.4,189
0,13.6,-88.1,1
0,-18.6,48.3,4
0,36.4,127.7,1
0,49.9,39.1,1
0,18.1,100.5,1
0,-20.0,-49.4,4
0,30.9,-93.0,8
0,36.8,-80.1,2
0,-4.1,142.6,1
0,3.1,32.9,7
0,32.8,-82.5,4
0,-12.1,-69.1,4
0,-4.5,19.8,212
0,55.7,38.2,1
0,-12.3,39.1,61
0,23.3,116.4,1
0,14.0,9.4,1
0,-19.9,45.6,52
0,-22.7,34.9,33
0,54.7,133.9,1
0,29.7,-108.2,213
0,-13.2,27.5,185
0,-28.1,-49.7,1
0,-18.2,-40.3,2
0,19.4,76.4,1
0,2.6,11.0,2
0,48.9,38.1,137
0,-7.4,-58.2,6
0,30.1,108.1,8
0,8.6,-68.3,1
0,-23.9,21.7,6
0,-10.1,39.0,124
0,-34.7,117.6,2
0,42.6,70.1,1
0,24.9,94.3,1
0,-9.9,-39.5,2
0,38.1,112.5,2
0,-17.5,18.4,31
0,26.3,106.6,8
0,39.9,66.6,2
0,-16.8,-39.9,1
0,32.7,74.0,2
0,-10.4,34.6,14
0,39.4,16.4,1
0,34.5,118.7,1
0,51.3,109.7,20
0,-6.9,28.9,97
0,-13.8,-40.6,4
0,-12.9,40.4,86
0,-7.4,35.9,5
0,6.7,40.4,2
0,50.8,66.4,1
0,38.4,-2.7,1
0,12.5,-85.8,3
0,-16.4,47.3,19
0,39.4,-84.5,113
0,-9.9,15.9,232
0,-10.1,-50.5,25
0,14.9,0.7,1
0,59.0,-119.5,3
0,49.1,76.9,1
0,-7.3,-41.2,2
0,-12.3,131.1,203
0,-8.6,-72.7,2
0,54.3,55.0,1
0,29.8,72.2,20
0,32.7,-98.9,4
0,-7.6,16.8,114
0,-6.8,-76.2,7
0,-9.6,-64.8,3
0,24.4,104.8,3
0,-5.4,148.1,1
0,42.1,116.4,2
0,-5.3,18.5,225
0,-19.2,13.9,3
0,33.4,49.4,1
0,4.7,-71.8,22
0,2.7,-73.7,1
0,-10.1,14.8,197
0,-26.0,-51.1,7
0,21.4,99.5,1
0,-15.1,39.3,8
0,-5.7,-41.0,22
0,40.9,118.2,1
0,-10.9,27.8,225
0,38.8,100.9,3
0,28.3,-98.2,1
0,-16.9,24.0,111
0,14.8,76.9,3
0,-14.1,-75.8,1
0,-4.2,36.0,31
0,44.4,23.8,1
0,43.7,44.4,12
0,39.8,-108.0,75
0,-16.2,16.4,98
0,55.7,-119.4,2
0,58.0,109.8,2
0,-11.2,-75.9,1
0,-28.2,25.1,1
0,31.0,-89.0,2
0,21.8,99.1,2
0,-18.0,-47.0,44
0,36.9,-89.5,14
0,-14.6,-55.1,1
0,3.1,-75.6,2
0,-8.2,-55.1,8
0,9.3,7.0,1
0,-7.9,27.9,137
0,-16.7,-62.8,11
0,-14.8,33.3,65
0,-8.9,39.0,7
0,29.3,112.1,1
0,-30.3,29.5,26
0,-23.7,150.0,20
0,-9.1,18.6,193
0,41.2,-78.7,14
0,1.3,24.1,2
0,20.9,-87.0,1
0,38.1,107.8,1
0,-17.7,33.7,35
0,-6.0,144.8,12
0,-16.3,16.0,44
0,6.6,-10.6,1
0,40.6,113.9,1
0,-1.1,38.3,1
0,30.2,-91.8,1
0,-41.6,-66.5,7
0,37.5,13.2,15
0,-25.2,-50.0,1
0,31.2,48.8,858
0,-15.8,49.1,1
0,-24.6,-61.2,6
0,-6.3,145.1,20
0,27.8,114.7,47
0,48.4,78.1,3
0,48.7,125.1,1
0,-28.8,29.3,27
0,18.6,-103.5,7
0,-19.1,12.8,1
0,34.2,-119.3,1
0,-36.6,-72.3,1
0,-5.4,31.3,122
0,51.2,65.4,8
0,6.8,-69.6,4
0,-24.1,149.7,1
0,32.0,-98.6,1
0,-10.9,25.6,367
0,-15.9,136.3,92
0,6.5,-74.6,1
0,-11.6,-55.2,1
0,-23.5,22.4,1
0,14.6,-88.5,12
0,36.7,-81.7,3
0,-1.8,34.5,1
0,12.8,-15.5,8
0,36.8,-85.3,1
0,-4.2,19.0,257
0,-30.7,151.0,3
0,26.6,67.2,11
0,29.1,76.4,8
0,41.0,-76.3,2
0,23.8,100.5,1
0,33.3,102.9,1
0,6.3,0.8,2
0,9.9,-73.7,2
0,29.0,51.5,2
0,31.4,-82.2,3
0,56.2,-104.9,261
0,33.3,71.6,1
0,-14.0,38.1,104
0,7.8,-5.0,1
0,-8.4,-74.0,3
0,-15.3,144.5,29
0,-14.2,37.0,110
0,0.1,100.6,4
0,56.4,60.2,43
0,-3.7,17.4,141
0,-23.6,-51.3,1
0,5.8,-72.3,1
0,-3.6,21.4,36
0,-16.8,17.2,62
0,-9.5,13.1,1
0,-18.2,130.0,8
0,46.9,-81.8,2
0,-26.4,151.4,13
0,-12.9,39.0,152
0,41.2,32.2,1
0,47.3,-91.8,25
0,47.2,6.1,2
0,-18.7,19.7,5
0,36.9,37.7,2
0,8.9,-72.6,1
0,-18.0,45.3,71
0,-10.1,39.5,30
0,10.5,77.7,3
0,36.6,36.7,3
0,-4.1,20.9,24
0,-5.9,-43.8,43
0,-11.8,133.4,17
0,9.9,19.1,2
0,-31.5,-67.2,1
0,-8.6,-74.5,37
0,40.0,67.8,2
0,13.2,-10.1,5
0,-18.9,31.3,9
0,20.3,0.9,5
0,-15.9,27.9,24
0,5.5,-61.4,1
0,-20.3,44.8,132
0,14.2,21.3,1
0,9.6,24.4,2
0,-25.2,-64.9,5
0,40.8,107.1,1
0,-1.6,11.5,1
0,52.4,-113.7,1
0,31.6,75.1,44
0,-17.3,-42.6,2
0,40.5,117.5,8
0,-11.9,-74.1,21
0,33.3,-95.3,1
0,57.8,-116.1,37
0,-2.4,-48.7,8
0,64.0,46.8,2
0,35.0,46.3,2
0,-22.6,-46.1,3
0,-6.6,25.3,63
0,40.6,68.8,8
0,39.9,119.7,3
0,17.3,-99.8,4
0,30.2,-97.6,1
0,8.9,23.0,1
0,-22.1,-46.2,8
0,-3.6,-51.8,1
0,-21.3,32.4,1
0,-5.7,18.8,160
0,-16.2,136.4,2
0,10.7,123.1,2
0,63.5,-152.2,13
0,34.0,-90.7,2
0,-21.2,32.1,1
0,25.7,86.2,1
0,-4.0,-44.5,19
0,-2.4,111.7,1
0,47.9,-99.5,2
0,34.4,108.4,3
0,27.7,80.0,1
0,28.3,-81.4,3
0,40.9,26.3,3
0,-11.3,30.9,173
0,-23.1,-60.0,45
0,-0.8,101.1,4
0,-5.6,-36.8,1
0,1.6,109.7,8
0,42.5,128.0,2
0,-37.1,143.8,1
0,-16.0,19.0,50
0,5.3,34.0,11
0,-1.6,34.3,1
0,-23.7,-47.3,16
0,17.3,121.6,5
0,5.4,5.1,1
0,-21.0,29.4,1
0,32.3,-96.4,1
0,-32.5,27.6,7
0,-13.8,-63.4,27
0,-1.8,17.7,73
0,-24.7,-49.6,1
0,11.7,31.2,4
0,-33.4,20.9,1
0,5.3,-69.1,5
0,52.9,31.3,3
0,15.8,-95.9,2
0,37.2,116.5,1
0,-44.8,-68.2,1
0,39.8,42.2,2
0,-12.5,39.6,79
0,28.1,104.5,25
0,0.1,111.8,11
0,25.4,50.1,89
0,-13.8,48.4,10
0,-10.4,34.5,5
0,40.0,-2.2,4
0,53.3,40.4,1
0,22.7,-105.0,32
0,-18.5,-45.2,4
0,-20.3,-43.7,1
0,-19.9,20.6,43
0,29.2,52.7,2
0,-15.8,32.6,28
0,36.1,-88.1,1
0,-11.6,29.5,116
0,38.9,-7.6,4
0,41.4,27.0,1
0,-18.5,-40.4,4
0,18.1,-95.4,4
0,-38.3,141.6,2
0,-17.2,-45.9,19
0,-6.5,-47.4,9
0,-23.2,-52.5,2
0,-29.0,-66.4,1
0,-29.4,29.4,21
0,49.7,3.6,1
0,40.3,110.3,1
0,-33.1,-68.9,1
0,-26.3,149.3,2
0,-4.9,-44.2,3
0,51.7,11.3,1
0,31.0,-91.3,1
0,33.2,-104.8,1
0,-7.0,29.4,193
0,-28.4,152.6,3
0,12.4,-6.3,3
0,-7.1,146.5,5
0,-13.9,31.9,42
0,30.9,-100.0,1
0,21.7,-98.5,2
0,24.2,103.0,2
0,28.4,-82.6,10
0,32.4,51.2,33
0,-34.0,24.4,16
0,-2.9,-68.5,1
0,44.8,-120.8,20
0,-8.4,-42.1,1
0,13.1,-11.3,1
0,-12.4,30.4,182
0,50.3,-98.0,2
0,16.9,-96.3,1
0,-15.0,36.0,151
0,-9.2,141.9,3
0,-16.8,14.0,1
0,6.6,-8.7,1
0,21.0,-103.2,1
0,8.8,-5.5,1
0,9.3,19.0,2
0,-44.5,171.0,1
0,12.7,-14.5,8
0,-17.3,-53.6,1
0,-24.0,-47.5,3
0,40.4,-76.5,3
0,36.1,37.6,1
0,49.0,38.0,104
0,-4.5,122.1,5
0,-17.0,44.2,3
0,54.3,86.9,2
0,37.7,65.4,62
0,43.5,22.2,2
0,-11.2,25.6,175
0,7.1,-60.1,1
0,-16.3,19.6,67
0,-24.0,-57.7,3
0,-28.5,-56.0,1
0,48.4,15.0,1
0,16.6,-97.7,9
0,39.3,-121.1,2
0,-30.3,-66.8,1
0,-3.4,-44.9,2
0,-16.3,-48.8,23
0,-29.8,-50.8,1
0,49.4,12.1,3
0,-22.5,122.3,107
0,34.6,36.1,3
0,2.5,-73.1,2
0,-12.3,-59.3,16
0,51.4,35.2,4
0,-19.7,147.2,1
0,-22.0,15.8,3
0,-17.1,22.3,90
0,-10.2,20.0,150
0,44.6,46.2,11
0,49.0,10.0,1
0,19.5,94.8,1
0,18.6,79.4,5
0,35.8,-92.5,1
0,36.7,38.0,2
0,-23.5,-53.8,3
0,-14.5,29.4,105
0,51.9,77.4,1
0,-3.9,-41.7,60
0,-5.1,23.3,94
0,-21.5,25.5,1
0,26.6,-80.7,4
0,-30.5,151.6,1
0,39.9,-85.4,2
0,16.2,-94.8,2
0,13.4,25.4,2
0,5.9,102.1,1
0,33.1,116.0,2
0,-1.5,115.8,7
0,43.7,126.0,1
0,47.8,33.4,933
0,45.5,20.5,7
0,-4.0,12.3,26
0,31.1,104.2,2
0,-27.2,-51.5,4
0,49.3,38.5,2
0,43.5,-7.3,20
0,-22.7,-60.3,2
0,-16.5,-63.7,5
0,-18.4,-66.1,3
0,1.0,30.5,3
0,-27.1,-54.6,10
0,29.2,61.6,3
0,-21.5,-56.2,2
0,-6.3,26.6,131
0,-17.2,33.7,76
0,-9.9,24.1,175
0,36.9,-89.2,1
0,-9.1,-46.1,33
0,44.3,129.0,2
0,-1.3,31.6,41
0,11.9,39.5,1
0,10.1,16.2,3
0,1.7,27.5,1
0,8.9,78.2,1
0,54.1,117.2,182
0,61.3,112.8,1361
0,15.0,105.9,1
0,-15.9,129.1,7
0,50.8,127.5,7
0,19.7,-98.7,33
0,-10.8,23.5,183
0,-11.3,38.7,66
0,12.8,24.4,10
0,23.6,86.2,7
0,-24.5,29.6,30
0,40.1,-75.1,1
0,35.4,45.5,16
0,46.7,-108.4,1
0,-16.2,-62.1,44
0,-6.2,-46.8,3
0,-6.2,-45.1,86
0,15.7,-86.5,2
0,12.7,106.0,1
0,34.8,50.8,2
0,18.1,-90.6,70
0,32.6,73.0,1
0,-15.6,47.6,1
0,-7.4,22.1,274
0,-12.2,-58.2,6
0,-18.4,127.7,165
0,46.0,124.0,1
0,-15.6,-65.7,12
0,-4.8,19.8,319
0,9.3,28.0,1
0,7.2,0.3,1
0,45.9,129.3,1
0,40.0,66.2,2
0,-8.5,-77.1,2
0,-18.1,48.2,15
0,-26.4,-49.7,2
0,8.2,-62.7,1
0,-18.5,29.8,7
0,32.7,-82.3,5
0,23.7,79.1,2
0,35.4,8.3,2
0,-27.4,-61.7,6
0,-30.4,149.5,4
0,-4.2,-44.4,20
0,-27.5,-52.6,1
0,12.1,1.4,1
0,32.5,-115.5,14
0,-19.6,33.5,197
0,-10.5,-48.1,21
0,-2.6,-44.2,3
0,35.7,-99.6,2
0,48.9,10.9,1
0,-4.0,23.4,177
0,13.1,36.7,3
0,59.3,100.9,2
0,7.1,-58.5,4
0,0.0,23.9,1
0,-15.8,-49.1,17
0,-4.3,-63.9,2
0,-1.5,-56.1,2
0,-10.6,29.5,134
0,49.8,135.4,9
0,-6.9,-76.1,1
0,43.8,-75.5,1
0,-16.4,18.3,29
0,39.5,27.0,6
0,37.0,9.6,22
0,30.7,115.0,1
0,51.9,42.3,2
0,44.8,39.8,1
0,-10.1,21.5,126
0,-31.5,151.0,5
0,-5.7,-76.7,41
0,41.7,126.0,117
0,-8.0,-45.3,52
0,-20.3,-43.1,2
0,34.1,-79.2,1
0,-13.1,14.2,32
0,-12.0,-39.5,1
0,23.2,114.2,1
0,-12.2,14.1,33
0,33.7,-84.0,1
0,-42.7,147.8,3
0,-13.1,-46.8,59
0,-11.6,20.3,171
0,-29.7,-55.4,1
0,28.9,116.8,4
0,-9.5,160.3,10
0,31.8,120.0,23
0,-15.4,126.4,9
0,30.3,72.2,1
0,-27.2,-54.2,40
0,54.7,115.7,94
0,-12.7,22.6,44
0,7.6,-62.3,12
0,-8.0,114.1,1
0,46.4,55.5,14
0,-6.4,22.8,83
0,-27.3,-61.3,3
0,-18.9,-46.9,36
0,51.7,83.4,1
0,6.9,81.3,2
0,-8.5,19.8,66
0,17.3,34.5,3
0,-38.2,143.9,2
0,-6.9,22.5,140
0,-20.1,-42.5,5
0,-35.2,-72.2,9
0,-12.8,-67.2,19
0,52.2,84.1,2
0,38.6,-4.2,6
0,-4.6,-44.2,1
0,15.2,76.4,2
0,-1.3,23.3,6
0,9.0,-75.4,2
0,2.8,31.7,1
0,-12.1,37.7,104
0,-10.6,-56.7,3
0,17.9,101.3,1
0,18.1,-90.7,107
0,-11.6,-54.6,51
0,-5.7,23.4,178
0,-1.3,122.0,1
0,-18.1,21.5,57
0,-3.9,-43.4,2
0,20.5,75.2,1
0,-8.4,22.7,234
0,55.1,36.6,7
0,6.2,80.7,9
0,-30.4,-53.2,1
0,1.5,23.2,4
0,35.4,-94.1,2
0,-12.9,-44.9,9
0,-6.7,-69.7,2
0,32.1,-115.3,6
0,50.3,60.1,13
0,-11.4,40.4,1
0,-7.8,27.8,132
0,53.9,63.8,1
0,-15.2,33.5,136
0,47.2,-96.4,1
0,-18.6,19.7,19
0,0.4,25.3,47
0,-5.4,-59.1,1
0,-16.9,-62.3,5
0,36.3,-76.9,163
0,-26.5,32.2,59
0,30.6,113.9,5
0,52.8,37.0,1
0,13.6,-87.4,10
0,-32.4,26.7,1
0,-29.3,-62.5,5
0,41.0,-4.1,2
0,-37.2,141.2,12
0,-17.0,-58.3,1
0,45.8,-108.7,3
0,60.3,-122.9,4
0,-15.0,33.7,119
0,-16.6,39.0,38
0,-17.0,127.8,2
0,0.4,-76.4,1
0,-22.6,46.6,9
0,-5.3,31.3,1
0,-15.6,-61.4,5
0,-9.8,35.6,33
0,33.1,74.9,1
0,60.8,97.2,37
0,6.7,30.0,5
0,20.0,-101.9,7
0,-14.4,27.2,94
0,52.6,0.1,2
0,-15.7,21.0,53
0,16.6,-92.7,4
0,6.9,-75.9,4
0,-16.0,32.1,49
0,-4.2,23.9,165
0,-17.6,22.4,219
0,51.4,41.9,1
0,20.3,-76.4,11
0,14.1,-10.6,9
0,-16.9,130.4,46
0,-4.8,-44.0,4
0,55.2,-100.9,320
0,6.6,-8.3,4
0,-24.1,-59.8,6
0,45.8,21.5,3
0,27.3,118.8,3
0,23.1,112.6,11
0,-17.6,29.6,1
0,-29.2,152.0,1
0,32.4,115.6,1
0,-15.6,13.5,1
0,19.7,109.8,1
0,36.4,-114.6,2
0,-15.4,30.4,104
0,-29.5,150.7,5
0,-15.2,135.0,128
0,10.5,125.1,18
0,60.0,10.1,1
0,29.0,102.5,3
0,57.7,55.3,1
0,-1.8,40.9,1
0,48.1,-3.9,1
0,-20.8,-58.0,1
0,45.6,40.4,3
0,-20.9,-56.4,4
0,-16.0,-41.6,2
0,1.1,32.5,9
0,52.8,115.6,6
0,16.3,-97.2,2
0,32.3,-6.4,1
0,29.7,-96.7,7
0,34.1,132.5,1
0,39.9,41.3,3
0,33.5,48.2,41
0,2.3,36.1,1
0,21.1,105.9,4
0,-9.0,-50.4,2
0,-11.8,43.2,1
0,56.9,-114.0,134
0,-33.9,-69.1,16
0,37.7,60.0,1
0,-18.0,130.6,3
0,1.7,113.8,1
0,27.0,81.6,1
0,37.6,-8.8,2
0,8.6,41.3,2
0,-6.2,-51.5,1
0,3.2,38.5,2
0,54.8,-118.4,7
0,-19.7,127.7,62
0,-19.3,129.3,34
0,6.5,-68.2,4
0,-22.6,34.4,6
0,44.4,42.8,8
0,-9.2,37.7,40
0,51.8,16.5,8
0,11.8,38.0,1
0,27.4,-99.6,13
0,29.6,107.2,9
0,49.1,124.7,4
0,-15.7,24.1,147
0,-11.1,39.7,76
0,-10.8,-76.9,1
0,12.6,28.2,4
0,17.0,79.9,1
0,42.0,26.0,2
0,13.8,101.5,1
0,-6.4,-62.9,1
0,-26.2,27.7,46
0,-25.5,30.6,60
0,14.8,-87.1,8
0,-7.1,35.2,2
0,-16.3,20.8,25
0,27.1,86.6,1
0,-15.8,-65.2,67
0,57.2,85.5,1
0,-32.2,27.3,25
0,-21.8,126.4,2
0,6.7,28.4,1
0,12.7,-15.4,3
0,10.2,-64.3,1
0,49.6,124.7,1
0,44.1,123.7,2
0,-2.7,32.9,4
0,-2.6,121.5,23
0,-10.7,15.4,204
0,-22.0,34.5,2
0,20.8,-99.9,1
0,4.2,103.1,1
0,-21.6,131.1,66
0,22.5,78.9,1
0,48.2,-103.7,3
0,31.5,47.2,3
0,36.5,-102.8,1
0,33.9,-83.3,3
0,36.1,1.3,5
0,55.9,-99.7,82
0,-6.2,26.8,214
0,-17.7,141.0,29
0,45.6,-66.3,6
0,-10.0,17.1,190
0,0.3,30.5,4
0,10.5,105.3,3
0,-2.3,30.0,2
0,-13.9,-61.1,6
0,-5.7,-46.4,4
0,-4.4,37.3,12
0,32.9,-82.6,1
0,-9.1,-78.6,5
0,-16.1,45.3,14
0,-19.0,-45.2,2
0,-16.8,137.0,30
0,12.8,36.8,5
0,39.4,-77.5,1
0,-26.2,32.0,11
0,-27.3,-58.3,1
0,-24.1,47.1,4
0,-29.1,-60.9,140
0,-12.5,28.3,179
0,54.6,-6.8,2
0,39.5,116.7,10
0,-12.1,19.5,31
0,-7.4,-79.4,11
0,43.3,91.6,1
0,49.2,-102.4,7
0,61.2,105.4,198
0,38.1,-84.9,2
0,31.6,113.4,3
0,-17.1,26.0,9
0,-11.8,-58.2,3
0,-24.5,-55.7,5
0,-0.5,116.5,6
0,-16.8,-44.1,1
0,49.8,32.3,1
0,-29.3,30.4,24
0,-1.3,31.1,10
0,41.1,-95.5,3
0,-27.8,-57.9,1
0,-33.8,135.1,3
0,6.3,18.3,5
0,-12.7,130.3,2
0,-24.7,-60.3,5
0,40.3,69.2,26
0,-1.4,17.1,1
0,-11.0,25.6,278
0,2.3,22.4,14
0,-13.8,-42.9,7
0,30.6,-8.3,1
0,-33.8,24.8,1
0,15.4,101.1,1
0,67.7,-144.4,5
0,10.2,-12.8,3
0,52.3,43.3,4
0,48.0,29.7,3
0,34.6,109.1,1
0,35.2,-93.6,1
0,-24.5,26.8,4
0,6.3,117.0,1
0,32.0,105.4,1
0,-11.0,21.0,32
0,38.4,29.4,10
0,-23.1,35.5,15
0,32.4,51.4,3
0,19.4,-89.3,15
0,32.8,13.0,3
0,45.7,124.3,28
0,-17.4,28.2,16
0,13.4,-84.4,5
0,-28.4,-56.5,25
0,56.0,62.0,1
0,-15.0,131.0,23
0,42.4,21.7,8
0,-28.9,-60.6,3
0,28.4,68.2,20
0,36.8,7.4,4
0,-16.8,48.7,2
0,-6.1,-39.4,1
0,9.8,39.9,4
0,8.7,-7.5,1
0,-15.9,-44.0,3
0,-31.5,116.9,3
0,-8.0,-71.8,15
0,28.3,69.3,4
0,50.3,59.6,6
0,-6.2,27.0,153
0,56.8,53.1,1
0,-16.0,32.9,13
0,27.7,30.8,2
0,33.7,72.5,1
0,36.7,116.9,9
0,35.6,10.1,13
0,54.6,-118.4,9
0,-15.5,-59.0,3
0,-7.4,21.5,98
0,30.0,-81.9,4
0,12.3,-16.0,12
0,-16.4,39.3,167
0,54.4,-109.7,3
0,-3.0,-41.1,2
0,66.7,57.3,8
0,-3.6,24.6,14
0,-3.6,26.7,35
0,-18.4,30.4,16
0,-5.0,-47.5,14
0,-17.9,20.4,36
0,-16.6,19.6,164
0,-18.1,177.3,10
0,24.6,73.8,6
0,-13.2,33.5,28
0,-0.7,16.2,38
0,50.0,45.6,11
0,-20.7,-68.3,1
0,-12.9,133.5,198
0,46.1,47.1,2
0,39.9,117.2,2
0,1.4,25.2,4
0,-22.4,-45.1,1
0,50.6,127.9,4
0,12.3,7.0,2
0,-18.0,-63.4,9
0,31.2,-103.0,11
0,-16.8,143.2,11
0,-36.3,144.9,3
0,-8.0,126.3,1
0,29.1,104.7,1
0,65.6,-151.6,58
0,4.6,19.2,1
0,-14.6,50.1,13
0,-13.3,-43.4,6
0,-4.9,23.5,11
0,2.5,-75.6,2
0,-9.8,-46.7,11
0,29.0,119.6,2
0,38.8,117.2,7
0,-29.1,114.9,2
0,34.5,-100.1,2
0,9.0,32.5,26
0,-23.5,29.9,27
0,-5.5,-43.1,107
0,3.7,19.9,14
0,1.1,39.1,5
0,-9.9,30.8,8
0,30.2,7.7,1
0,-7.6,-72.5,4
0,-29.6,-58.5,9
0,-11.5,-75.1,2
0,4.7,-61.4,2
0,30.9,106.4,2
0,62.2,-117.6,403
0,-13.2,32.4,74
0,-33.4,-71.0,2
0,30.8,27.5,52
0,-4.2,143.7,8
0,40.5,33.2,1
0,50.0,31.1,2
0,36.0,-86.5,25
0,-6.6,-43.5,92
0,-23.2,-47.4,9
0,-20.8,127.4,15
0,44.7,42.3,9
0,-17.6,-40.0,15
0,10.7,-73.2,5
0,44.1,86.8,11
0,-17.2,45.0,93
0,-8.7,-60.6,3
0,-22.8,-49.9,10
0,38.5,116.2,1
0,31.7,112.5,1
0,-14.9,39.9,2
0,36.8,-97.1,1
0,-11.1,14.8,148
0,-14.2,25.0,131
0,-19.1,35.2,12
0,41.6,0.6,4
0,-7.0,25.5,131
0,-26.6,-65.4,2
0,-16.2,130.6,82
0,-8.8,38.3,23
0,-2.3,14.0,45
0,-8.5,-74.5,24
0,5.5,-69.9,3
0,-8.7,-76.1,1
0,26.7,79.5,1
0,9.3,-64.8,10
0,-11.1,-65.9,3
0,61.3,112.7,361
0,9.0,-71.7,1
0,11.8,26.3,1
0,-0.4,17.9,1
0,58.4,-102.1,40
0,-19.5,45.5,83
0,-16.9,29.7,89
0,56.3,-108.1,42
0,-7.6,-39.9,6
0,-30.6,-52.5,7
0,-6.2,-43.4,396
0,-38.3,143.0,4
0,-2.7,-46.9,15
0,57.1,-114.5,128
0,-8.9,-78.1,2
0,-14.6,133.1,110
0,51.9,-103.2,5
0,5.1,-55.7,3
0,14.4,23.8,14
0,-11.2,35.9,72
0,-16.9,-42.1,4
0,54.1,64.2,8
0,31.7,-93.8,3
0,22.8,108.2,2
0,-30.1,-52.5,1
0,42.4,47.9,12
0,5.7,102.6,1
0,-7.1,-76.8,25
0,37.9,12.8,10
0,-12.4,132.0,8
0,-8.8,-48.7,2
0,16.4,94.7,2
0,-5.1,30.3,51
0,0.5,15.7,1
0,47.9,117.7,10
0,-16.9,27.0,8
0,6.8,100.7,3
0,19.3,-72.0,1
0,2.9,20.4,5
0,-4.0,-77.3,2
0,8.7,-7.8,1
0,-27.9,30.9,62
0,58.5,-103.1,69
0,43.5,27.4,3
0,-6.7,-69.9,20
0,5.5,35.7,4
0,-6.7,-47.5,7
0,22.5,76.8,1
0,-5.0,18.5,226
0,-6.1,36.5,2
0,-30.2,29.1,14
0,30.8,-85.4,7
0,-0.4,112.0,6
0,25.7,95.9,2
0,-14.8,30.7,73
0,44.4,40.0,2
0,-3.7,-44.8,2
0,33.1,107.2,2
0,66.2,-156.6,83
0,34.1,72.5,2
0,15.0,37.1,4
0,34.3,-82.5,1
0,-13.0,-49.2,3
0,20.9,-100.0,1
0,24.2,75.7,1
0,55.2,-110.8,252
0,32.5,115.2,2
0,35.4,117.6,5
0,21.4,80.2,1
0,43.0,-96.0,2
0,48.2,-118.8,7
0,-7.4,108.9,1
0,-12.8,29.2,104
0,37.9,62.1,3
0,31.0,48.1,660
0,17.1,100.1,1
0,27.4,-107.9,49
0,39.6,-119.4,1
0,8.2,77.7,5
0,-0.5,100.8,2
0,44.2,123.3,1
0,44.3,-91.7,1
0,-9.6,-73.9,2
0,3.7,28.1,1
0,-8.6,27.2,164
0,-3.1,103.9,5
0,-35.4,147.8,2
0,-20.9,46.8,49
0,51.5,-93.7,8
0,28.0,-81.1,5
0,55.8,94.9,3
0,-11.3,130.4,11
0,48.4,45.7,15
0,40.2,-105.3,29
0,0.6,32.0,1
0,34.2,48.3,2
0,-3.1,-60.9,1
0,18.5,100.6,2
0,30.2,56.9,202
0,-11.5,-62.2,7
0,33.9,-89.9,1
0,-19.3,-66.5,4
0,-0.9,110.7,13
0,-16.1,13.7,3
0,-14.5,-64.5,11
0,-0.2,112.3,4
0,3.4,19.9,9
0,-19.7,32.6,1
0,-7.5,-77.3,1
0,46.5,40.6,1
0,-2.7,102.3,3
0,15.5,7.5,2
0,31.8,-101.9,22
0,38.8,-97.0,2
0,-16.9,-48.6,4
0,28.8,-88.1,2
0,-15.4,-46.5,37
0,2.6,19.3,10
0,-12.7,18.4,101
0,-11.9,-45.0,44
0,-28.7,-66.0,2
0,42.5,-74.3,2
0,-1.4,16.8,37
0,-0.3,11.7,7
0,-2.3,-50.6,5
0,-6.8,-59.1,12
0,3.2,28.8,1
0,-5.0,28.3,75
0,67.4,132.7,1
0,-6.3,29.9,171
0,40.5,110.6,49
0,20.3,-101.3,2
0,2.5,-59.4,10
0,-20.9,31.8,19
0,34.6,116.1,2
0,-10.6,-63.6,9
0,-33.4,147.0,3
0,25.5,53.1,1066
0,-4.9,36.4,8
0,6.5,-1.0,2
0,-1.9,33.5,4
0,12.2,-16.1,10
0,-7.8,-72.6,7
0,-12.1,38.6,79
0,40.5,107.0,1
0,-13.6,25.6,121
0,52.9,113.3,4
0,31.0,76.3,8
0,51.8,127.1,16
0,-26.1,-52.4,1
0,-18.1,35.7,157
0,0.9,31.6,2
0,28.3,53.0,2
0,-15.7,-63.0,1
0,14.5,-6.9,3
0,31.2,121.2,4
0,8.1,17.4,2
0,-28.3,-49.7,4
0,29.6,121.5,4
0,58.9,131.4,1
0,-22.7,-49.6,5
0,-23.0,-60.8,3
0,-11.2,14.8,186
0,50.0,80.1,2
0,47.7,30.3,4
0,50.3,103.6,14
0,46.9,32.2,3
0,55.4,-107.7,451
0,10.5,-85.7,2
0,-27.8,30.5,31
0,-10.4,-58.4,2
0,33.1,74.5,8
0,29.5,112.8,1
0,-7.4,36.1,10
0,55.3,-101.4,25
0,23.7,76.1,3
0,6.0,-2.5,7
0,46.3,3.6,2
0,11.6,-0.2,2
0,-5.9,19.0,78
0,13.9,-84.1,16
0,20.1,-75.8,4
0,47.5,39.5,3
0,-8.4,-78.1,5
0,4.0,113.8,2
0,-3.9,13.6,20
0,31.7,72.2,7
0,15.4,-85.5,10
0,-2.5,30.5,9
0,-24.5,47.1,28
0,-21.0,47.1,2
0,-12.5,-45.2,83
0,-8.6,-69.9,8
0,-17.5,130.4,135
0,-3.0,-45.2,19
0,51.6,109.7,406
0,-20.0,47.6,2
0,22.1,105.5,2
0,-16.3,34.4,97
0,-22.7,-47.1,7
0,-6.1,37.4,21
0,-3.0,150.8,1
0,52.6,113.4,91
0,-15.1,-47.6,2
0,34.8,-90.9,21
0,-8.8,-63.0,5
0,-14.1,17.6,23
0,42.2,124.3,4
0,1.3,33.6,4
0,-17.3,30.8,93
0,-3.9,30.6,67
0,36.4,102.4,56
0,46.1,-120.0,1
0,-7.3,31.9,120
0,54.7,-109.7,3
0,33.8,-5.4,3
0,62.8,76.7,11
0,27.6,78.5,1
0,-22.4,31.9,53
0,34.3,104.1,1
0,-18.3,130.4,50
0,-18.4,27.0,7
0,54.5,-2.7,1
0,-30.2,28.0,1
0,0.3,21.9,2
0,-16.9,29.3,11
0,-5.6,-39.3,9
0,61.8,113.6,3
0,66.3,14.1,90
0,-28.5,29.9,26
0,-21.3,-44.5,2
0,-27.7,-56.2,20
0,28.2,-105.5,2
0,-12.4,22.0,84
0,-16.9,19.0,65
0,55.8,-109.8,346
0,-7.0,20.0,184
0,-8.7,14.7,168
0,-17.5,19.9,107
0,17.8,-97.0,1
0,44.5,120.7,1
0,30.6,-89.6,2
0,24.4,78.2,2
0,-12.6,-69.3,23
0,-11.1,-77.4,1
0,-15.6,28.0,91
0,1.4,-77.4,1
0,-14.1,33.4,1
0,-10.7,25.0,182
0,31.4,105.5,1
0,-10.2,32.8,96
0,-5.8,-77.3,7
0,45.2,121.2,1
0,11.8,27.0,3
0,55.0,-84.8,1
0,33.3,119.9,2
0,14.3,32.7,1
0,-30.2,-57.4,2
0,14.2,-4.2,6
0,-0.7,100.6,10
0,-18.3,-59.6,190
0,-3.1,12.6,5
0,19.0,-90.5,31
0,-6.3,25.6,175
0,-6.4,27.8,78
0,-16.1,30.4,74
0,-6.1,34.3,90
0,42.3,-8.7,12
0,-8.0,27.1,247
0,51.1,54.1,4
0,-11.8,32.1,3
0,21.5,-98.6,12
0,-7.6,16.5,101
0,1.6,-60.3,1
0,-9.5,147.1,28
0,-9.2,-67.6,22
0,-36.6,140.9,1
0,-11.9,-47.4,6
0,-28.8,-49.9,2
0,-33.2,-69.4,1
0,34.2,112.6,6
0,32.5,119.9,3
0,-3.1,104.6,1
0,16.8,-89.8,7
0,1.1,30.3,8
0,35.5,-76.9,3
0,-18.4,25.5,10
0,51.4,81.9,8
0,56.2,-93.4,44
0,-5.1,-49.3,5
0,-12.8,-65.4,17
0,-16.6,23.0,70
0,22.3,106.0,1
0,-13.0,-56.3,2
0,-39.4,-62.5,1
0,19.3,72.0,5
0,-26.4,152.3,31
0,-7.9,39.0,19
0,22.9,32.9,1
0,-11.3,36.9,60
0,11.5,26.4,2
0,36.5,7.3,3
0,38.1,-92.1,3
0,-15.4,142.0,33
0,8.9,39.1,1
0,-4.4,17.8,297
0,11.2,30.0,1
0,-30.6,30.1,9
0,4.3,25.3,1
0,45.6,-63.4,1
0,-8.9,-50.8,11
0,1.2,-75.2,7
0,-14.3,-44.9,38
0,-27.4,-64.5,17
0,-10.2,23.0,168
0,26.7,80.0,1
0,-28.1,-59.1,20
0,-4.8,-55.7,3
0,-9.1,-59.6,67
0,-5.0,21.2,251
0,-1.0,9.2,1
0,-17.1,24.5,181
0,-14.2,33.5,3
0,64.8,-147.8,1
0,34.1,-111.7,5
0,20.6,-76.9,4
0,34.3,107.4,1
0,36.7,44.0,1
0,30.7,-93.7,2
0,-23.1,35.0,4
0,-16.5,19.9,110
0,12.6,35.7,6
0,51.0,0.0,1
0,2.2,20.5,16
0,41.6,-83.5,61
0,-15.3,131.0,4
0,22.2,-80.8,4
0,15.8,-0.2,2
0,-22.1,-45.1,15
0,-13.9,132.7,150
0,-0.3,35.3,1
0,33.9,-95.0,1
0,24.5,109.4,2
0,56.3,116.7,1
0,-5.7,144.0,1
0,13.3,-85.1,1
0,-1.8,41.1,2
0,-23.1,46.0,71
0,48.2,21.1,12
0,32.6,22.7,163
0,36.1,-84.6,1
0,48.6,125.2,1
0,-1.0,29.5,1
0,-4.8,140.8,1
0,23.0,79.9,4
0,-7.9,-65.7,6
0,36.0,126.9,1
0,0.5,11.4,1
0,-9.0,28.1,191
0,19.9,-75.0,1
0,66.2,-156.5,1
0,54.3,-95.7,110
0,31.3,-116.5,1
0,-23.6,35.2,13
0,52.5,8.6,1
0,14.2,32.1,5
0,26.2,14.3,10
0,-9.5,30.2,156
0,17.1,99.5,1
0,-11.3,-47.9,21
0,-28.4,152.5,5
0,29.5,106.4,1
0,-17.0,33.9,86
0,42.7,-122.3,2
0,18.2,75.6,1
0,-6.8,23.4,150
0,49.4,-96.9,6
0,-18.8,-66.1,1
0,49.7,-111.7,1
0,3.0,31.9,2
0,17.2,80.0,6
0,21.1,109.7,1
0,-4.8,18.1,221
0,-32.7,117.2,6
0,22.6,-99.2,2
0,-12.7,28.9,99
0,-6.7,36.9,48
0,51.6,40.8,2
0,-15.8,125.7,8
0,38.1,26.8,47
0,-8.5,-70.0,2
0,-2.7,20.2,10
0,48.8,124.1,3
0,11.8,-10.2,3
0,16.4,-90.5,18
0,-20.7,31.3,6
0,18.6,-91.1,12
0,-0.4,15.3,10
0,-3.0,-58.4,5
0,40.1,29.5,8
0,51.6,36.1,2
0,-9.6,23.8,234
0,3.4,101.2,2
0,-18.2,23.1,2
0,56.5,76.0,1
0,26.5,84.0,1
0,8.1,-67.0,1
0,-7.7,27.9,152
0,-20.1,-58.7,11
0,44.7,24.5,1
0,25.3,84.2,5
0,40.6,-97.3,1
0,-16.9,122.7,205
0,50.1,38.2,1
0,-5.1,17.1,250
0,55.2,90.4,16
0,10.6,-69.0,5
0,8.6,-7.7,1
0,-7.3,-37.1,1
0,43.9,21.1,1
0,49.6,66.9,1
0,-16.0,20.0,71
0,-24.9,31.1,49
0,-2.8,17.3,102
0,10.1,-65.7,4
0,38.5,-78.1,1
0,64.2,-138.8,9
0,46.9,40.4,3
0,5.3,-1.4,2
0,37.9,31.5,2
0,-18.2,47.5,12
0,-34.0,147.0,6
0,36.3,44.4,2
0,-12.3,21.2,40
0,-5.6,-37.7,2
0,-3.2,-49.3,1
0,-14.3,29.4,138
0,40.3,111.4,2
0,41.3,123.5,20
0,-6.0,-45.3,10
0,0.6,23.7,1
0,13.1,105.2,1
0,-11.3,-51.2,69
0,-4.4,-38.2,3
0,-26.9,30.6,40
0,39.2,30.9,2
0,-22.2,46.7,5
0,-18.2,123.4,72
0,37.2,39.5,23
0,-20.7,47.3,6
0,32.7,-104.5,8
0,36.7,-76.3,11
0,1.6,-74.0,7
0,-30.9,115.8,1
0,-21.6,-60.1,1
0,16.8,-94.9,10
0,-18.1,-42.2,2
0,14.5,2.9,1
0,-3.3,-43.5,20
0,-21.6,46.9,8
0,36.8,54.5,6
0,-14.5,-64.3,47
0,-14.2,37.7,129
0,-9.4,-63.5,18
0,-21.9,33.4,21
0,22.4,99.7,2
0,-15.4,37.6,78
0,37.5,-97.6,4
0,29.8,30.8,16
0,-2.0,18.7,1
0,39.3,-77.3,1
0,35.7,74.5,2
0,-31.0,115.4,3
0,51.0,14.4,1
0,-22.2,45.0,117
0,17.6,-93.8,1
0,36.3,41.8,2
0,20.1,-104.9,35
0,-9.9,27.2,98
0,-20.2,134.9,69
0,-19.3,-48.5,10
0,-14.4,-57.8,4
0,41.2,19.7,58
0,37.6,38.3,2
0,-6.7,33.4,75
0,36.0,-96.2,1
0,-7.8,29.0,218
0,34.2,48.5,1
0,-16.2,33.0,1
0,-0.2,32.7,1
0,-4.0,-59.9,11
0,17.4,121.6,5
0,-12.1,39.1,71
0,-3.5,13.3,11
0,-12.1,32.6,100
0,6.7,40.1,2
0,37.6,34.9,1
0,-26.9,30.4,35
0,-23.9,29.7,45
0,-7.8,-45.7,16
0,42.7,-116.9,7
0,-14.5,13.9,32
0,49.0,51.6,1
0,37.6,104.9,49
0,43.1,-78.3,1
0,-11.9,15.6,209
0,27.2,-82.3,22
0,-26.8,28.2,1
0,14.5,-86.0,8
0,-37.8,-73.5,1
0,-11.4,-50.9,58
0,7.7,28.4,2
0,32.0,121.2,2
0,50.8,45.2,1
0,-13.6,-40.9,21
0,6.0,125.4,3
0,-7.9,-63.3,20
0,-17.6,23.3,113
0,-13.8,22.0,93
0,-4.9,-55.9,14
0,-12.7,20.2,73
0,-17.2,38.0,4
0,-9.4,38.9,2
0,38.5,110.1,5
0,-2.5,119.5,1
0,51.7,92.1,54
0,-16.0,-71.8,1
0,29.2,-95.1,2
0,-15.8,127.6,62
0,29.5,-82.7,14
0,-28.7,150.4,8
0,-7.4,-76.5,37
0,37.3,36.3,1
0,6.5,-1.6,1
0,-16.5,142.4,28
0,-9.0,-73.2,2
0,-16.3,21.3,20
0,10.1,105.5,1
0,9.2,27.3,2
0,32.7,113.0,2
0,41.0,17.0,4
0,-17.5,-46.9,1
0,-16.5,144.7,6
0,-17.0,-60.7,4
0,50.2,40.6,2
0,-18.9,178.5,3
0,35.5,-99.4,2
0,38.8,116.7,4
0,-5.8,35.9,10
0,-24.3,-58.0,1
0,34.1,-96.1,2
0,-33.3,-68.4,6
0,-7.9,24.4,129
0,-8.6,-35.3,1
0,-25.9,-50.7,1
0,25.5,-103.4,5
0,-1.9,28.8,1
0,-13.1,23.3,202
0,-28.9,28.6,5
0,-30.0,147.9,5
0,29.4,-82.6,17
0,56.4,-95.2,274
0,14.5,-89.9,4
0,-13.6,20.5,24
0,11.6,25.6,3
0,47.4,37.5,10
0,-2.0,-56.9,1
0,1.7,19.2,1
0,-15.4,-64.9,4
0,-3.1,115.9,1
0,-12.6,-44.3,5
0,11.9,-13.8,10
0,-37.0,141.3,2
0,-17.9,-60.0,2
0,-2.5,110.8,4
0,-1.5,-77.5,1
0,-10.9,15.9,301
0,-3.2,-56.7,1
0,46.9,-0.7,1
0,54.6,112.1,119
0,18.2,-94.1,117
0,56.9,90.6,1
0,-6.0,35.6,6
0,36.1,37.3,2
0,54.2,124.3,4
0,19.3,-72.4,2
0,26.4,-107.2,28
0,-8.3,-43.1,3
0,6.4,-7.3,1
0,28.9,79.9,4
0,-20.2,-44.5,3
0,1.0,31.2,2
0,56.9,35.7,1
0,-10.8,40.1,38
0,41.2,121.7,1
0,54.3,112.9,1
0,12.9,104.5,1
0,-27.6,-60.6,2
0,-18.6,-66.1,1
0,10.4,18.0,4
0,-16.5,36.1,25
0,39.7,-108.1,411
0,14.6,36.1,12
0,9.1,30.5,1
0,45.0,23.8,3
0,43.1,-82.7,7
0,53.2,-106.0,3
0,-11.2,15.1,171
0,-16.6,-63.2,11
0,51.8,68.4,3
0,13.1,79.6,1
0,49.2,124.2,1
0,-17.9,-46.0,9
0,19.3,77.2,1
0,0.4,109.2,5
0,47.5,29.4,5
0,9.0,30.7,6
0,-3.9,-53.5,1
0,-13.7,39.5,119
0,35.4,118.7,1
0,-12.5,27.5,142
0,-18.2,122.7,79
0,35.5,43.6,1
0,-2.9,-49.3,9
0,-9.9,16.1,206
0,31.6,-98.2,1
0,-6.3,33.3,36
0,-22.9,43.9,85
0,-26.4,-51.4,1
0,46.7,40.4,11
0,11.8,14.9,31
0,-15.7,17.2,75
0,-4.5,-47.9,11
0,-6.5,143.2,5
0,-18.3,35.6,28
0,4.5,6.5,12
0,-32.6,146.8,3
0,49.6,7.5,1
0,-10.6,-43.7,26
0,58.6,109.9,5
0,-1.0,-80.4,1
0,-15.1,15.7,87
0,-23.4,-50.2,2
0,-4.5,21.5,123
0,-6.9,15.2,181
0,-3.0,11.6,16
0,-2.4,-80.3,1
0,47.0,2.6,1
0,-12.7,-40.5,6
0,49.0,7.1,1
0,-10.8,36.5,26
0,-5.4,17.0,113
0,-5.7,30.2,132
0,-16.8,138.6,9
0,-8.9,-41.4,4
0,30.7,118.4,6
0,-8.6,16.1,244
0,9.1,-65.0,2
0,-13.3,49.2,18
0,47.0,39.5,30
0,51.1,-113.8,1
0,-19.7,27.1,2
0,42.2,142.5,1
0,-16.2,-41.5,2
0,-18.9,130.9,110
0,39.8,-121.5,5
0,15.0,-84.8,2
0,33.2,-93.8,15
0,-36.0,-72.1,1
0,-31.8,152.2,2
0,-5.0,-49.0,14
0,-12.0,32.1,15
0,-7.1,16.1,186
0,6.3,1.7,2
0,58.0,-122.7,1
0,16.2,33.5,1
0,-19.1,-53.2,1
0,-8.1,22.8,149
0,63.7,101.2,4
0,44.0,-105.3,7
0,-12.6,-47.4,1
0,14.0,-12.0,2
0,-3.2,108.1,1
0,12.9,14.5,9
0,-19.6,-42.2,3
0,48.2,30.4,7
0,-29.3,23.7,1
0,-34.6,-64.7,2
0,-18.7,-49.4,1
0,36.4,-78.4,1
0,-20.5,-63.4,1
0,4.5,96.6,11
0,16.9,-90.7,13
0,-18.2,34.1,105
0,-5.6,-60.3,24
0,-20.2,-54.2,1
0,-14.9,33.0,98
0,-22.3,46.5,22
0,12.5,-14.8,12
0,10.7,-72.3,1
0,-36.2,148.9,1
0,43.2,-8.7,1
0,12.5,99.0,1
0,-6.7,-45.6,103
0,-1.8,115.5,4
0,17.6,99.7,1
0,-6.4,-48.3,1
0,24.0,95.9,1
0,-11.8,28.8,237
0,-32.7,-61.0,2
0,62.2,15.5,2
0,19.5,82.9,2
0,32.8,-93.7,7
0,50.0,26.3,1
0,-16.5,-41.4,2
0,41.4,82.3,6
0,-9.7,120.3,15
0,55.4,-119.4,5
0,30.5,31.8,4
0,51.7,59.7,9
0,-7.5,-39.0,2
0,-8.0,-72.3,2
0,43.2,45.5,1
0,-21.2,34.9,35
0,46.6,-119.3,2
0,13.4,80.2,2
0,13.3,4.3,1
0,28.4,67.0,6
0,-9.6,-66.5,1
0,-6.2,-38.2,2
0,41.3,15.2,28
0,-2.7,104.0,10
0,-14.2,130.5,116
0,-25.1,28.6,52
0,-15.3,49.6,1
0,-11.5,-47.0,120
0,48.3,12.8,1
0,14.4,-86.0,9
0,-3.4,104.7,3
0,21.2,-87.7,8
0,-21.2,-44.3,21
0,18.8,96.3,1
0,49.0,18.9,5
0,-12.8,23.2,66
0,40.6,81.2,1
0,0.1,103.0,2
0,-3.9,36.9,11
0,-2.2,110.8,15
0,40.1,67.8,3
0,47.7,36.8,48
0,39.0,-97.5,9
0,34.2,-2.3,1
0,-26.2,32.6,92
0,-0.4,117.0,5
0,45.6,8.9,5
0,-10.5,-49.1,23
0,-3.1,15.0,21
0,-7.1,20.6,216
0,57.8,86.3,7
0,-24.9,-51.1,1
0,31.9,-82.4,7
0,7.4,-5.8,1
0,8.8,33.1,109
0,32.4,3.9,2
0,-33.9,-56.2,2
0,47.7,37.9,6
0,-20.5,-44.0,15
0,-19.0,44.6,148
0,1.5,10.7,2
0,-3.1,-45.3,12
0,32.1,-87.3,3
0,18.3,-99.0,2
0,-12.0,33.9,4
0,51.9,55.0,1
0,-19.3,-42.3,1
0,4.0,-71.8,5
0,4.6,-71.4,3
0,46.8,17.1,2
0,27.7,-108.6,2
0,-18.2,-42.3,1
0,41.4,-95.9,3
0,-11.7,29.4,153
0,42.5,-72.3,1
0,40.3,68.6,4
0,-24.4,-58.0,10
0,-4.4,36.5,3
0,12.0,8.5,1
0,-16.1,17.8,18
0,-13.7,37.0,53
0,51.2,59.5,1
0,3.7,108.3,1
0,14.0,25.6,1
0,-15.5,-63.6,15
0,-29.6,-60.0,1
0,44.5,8.6,1
0,-3.7,-62.2,3
0,15.3,-85.7,27
0,21.2,102.7,6
0,55.5,-101.3,441
0,6.1,20.2,1
0,9.6,21.6,1
0,22.8,-105.7,4
0,12.4,-86.5,3
0,27.4,78.8,2
0,-29.7,146.3,1
0,-3.7,35.6,2
0,45.6,-95.4,1
0,32.2,115.2,3
0,8.7,-71.6,1
0,-23.1,-53.5,2
0,-27.6,-52.9,1
0,-28.3,-64.7,15
0,-6.3,20.2,141
0,-7.9,-48.2,47
0,5.0,13.9,1
0,63.4,-122.9,321
0,-25.2,28.0,5
0,23.5,95.8,2
0,-23.3,-48.5,4
0,11.0,78.2,1
0,41.9,69.4,2
0,-2.8,29.2,3
0,-19.0,34.3,11
0,44.9,18.5,1
0,45.2,-96.5,3
0,-31.3,-58.0,2
0,-23.6,-45.9,1
0,15.6,-92.3,1
0,-28.6,-56.4,25
0,36.2,48.6,8
0,54.5,36.2,2
0,41.9,114.3,1
0,12.9,-14.1,16
0,37.7,117.7,1
0,-14.6,34.3,8
0,50.9,35.8,1
0,21.5,-77.9,7
0,-17.8,130.2,14
0,-9.3,37.1,57
0,66.4,56.5,2
0,7.4,99.4,1
0,30.2,31.4,4
0,0.1,117.4,5
0,-14.4,21.2,30
0,37.4,14.6,21
0,36.6,-91.3,1
0,37.8,-121.2,100
0,21.0,102.4,5
0,-14.5,14.4,6
0,50.8,-95.6,245
0,-19.0,-66.4,1
0,52.1,65.1,1
0,-25.7,-60.2,5
0,-5.8,16.7,156
0,49.7,28.3,2
0,-27.3,-49.9,1
0,-21.2,47.3,1
0,25.7,68.6,7
0,-3.9,141.9,2
0,-31.1,-56.6,1
0,-10.7,-61.7,1
0,-10.1,-77.1,3
0,18.8,33.5,8
0,-5.4,-44.0,8
0,-7.9,14.9,189
0,-24.7,151.8,4
0,-10.4,15.6,292
0,41.2,119.3,3
0,49.9,36.9,1
0,-7.0,32.6,176
0,17.0,-94.8,3
0,31.4,-95.1,1
0,60.8,-121.9,2
0,-22.0,-48.5,1
0,30.7,117.8,12
0,18.7,-90.9,51
0,6.9,28.4,1
0,-19.7,-44.2,6
0,-12.8,36.0,23
0,-8.2,-36.4,1
0,39.5,-89.1,2
0,32.3,-83.8,2
0,41.3,-93.8,2
0,2.5,-77.0,1
0,32.8,114.3,1
0,-26.4,-67.0,1
0,36.3,-90.2,5
0,-27.8,-57.0,4
0,46.8,68.9,1
0,-13.7,136.2,21
0,31.1,55.9,1
0,-9.1,18.5,149
0,-18.0,-64.8,1
0,-9.8,15.4,194
0,-2.5,101.3,19
0,49.5,31.7,1
0,-1.3,110.9,8
0,50.3,38.7,1
0,5.5,35.9,3
0,33.0,47.2,1
0,-19.9,22.9,4
0,44.4,27.0,8
0,-4.9,-47.3,7
0,-36.5,144.6,3
0,-28.4,146.5,28
0,46.6,29.3,2
0,-32.7,-54.6,4
0,-16.9,-63.9,37
0,0.9,18.2,2
0,-22.6,-54.7,28
0,40.7,20.2,177
0,4.4,13.5,1
0,-28.9,116.1,2
0,-21.9,-41.2,2
0,51.9,76.7,1
0,-20.2,44.3,2
0,47.9,27.5,1
0,-2.5,34.2,27
0,7.7,-74.1,4
0,7.1,-74.0,10
0,-3.2,-42.6,48
0,16.0,99.4,1
0,-28.6,-60.4,67
0,-10.6,34.7,61
0,-20.2,-65.7,5
0,-13.7,-48.1,64
0,-12.2,-45.4,1
0,-15.8,136.3,85
0,-20.2,34.3,115
0,44.2,23.0,39
0,29.4,71.1,1
0,33.9,-98.1,2
0,-23.4,43.9,14
0,56.1,101.5,1
0,57.6,-3.7,4
0,-10.5,24.6,155
0,-14.3,132.4,5
0,11.3,106.1,1
0,3.4,-61.2,5
0,-9.1,39.2,47
0,-3.0,-60.2,1
0,13.5,39.4,8
0,42.1,-123.4,5
0,-22.9,34.7,46
0,-25.8,-61.7,35
0,-2.9,-76.2,1
0,-15.1,22.1,64
0,-16.6,-68.2,9
0,-15.1,128.5,111
0,54.0,-101.5,26
0,11.3,32.6,19
0,-18.2,45.7,103
0,57.2,-101.0,47
0,16.3,106.8,2
0,-1.7,-48.3,9
0,-3.6,-40.6,1
0,54.5,72.7,1
0,-27.0,31.7,13
0,-26.4,-58.6,10
0,40.4,63.5,1
0,-5.9,16.5,198
0,-17.6,177.9,17
0,-9.1,141.3,7
0,-37.4,-71.9,2
0,-11.0,-59.2,11
0,-19.2,22.1,5
0,-18.1,138.8,55
0,40.9,71.9,6
0,-11.4,-50.3,46
0,-14.3,20.8,74
0,0.7,109.9,9
0,-33.1,-59.3,2
0,-13.4,37.6,134
0,-7.2,24.4,229
0,8.5,-3.4,1
0,-13.7,21.7,67
0,57.1,25.6,4
0,-9.5,32.5,128
0,-9.9,22.8,245
0,-19.6,-41.9,2
0,-22.5,28.4,15
0,-38.1,-65.8,2
0,33.1,-88.7,2
0,-14.7,-64.3,6
0,-15.7,125.3,30
0,36.5,-94.2,3
0,0.7,-70.2,1
0,26.6,118.1,7
0,55.2,-101.0,651
0,54.5,-97.8,7
0,-7.4,18.4,195
0,-2.2,16.7,66
0,34.9,-80.0,1
0,9.2,-68.9,4
0,-15.5,131.1,16
0,-5.3,36.3,1
0,-3.5,103.8,3
0,8.3,16.6,3
0,-10.4,27.7,160
0,-31.3,-64.1,1
0,-26.0,145.8,5
0,7.9,-64.8,7
0,8.9,38.8,5
0,39.4,-2.8,4
0,-4.6,-80.5,1
0,30.8,76.6,5
0,-24.3,-57.1,2
0,-6.9,111.7,3
0,3.1,16.0,2
0,-17.1,-60.0,2
0,-19.8,135.0,2
0,-0.2,16.4,18
0,28.8,10.0,15
0,6.3,12.7,2
0,-18.6,49.2,2
0,2.9,19.6,7
0,19.3,105.0,5
0,11.7,79.4,2
0,38.6,-85.8,6
0,12.3,105.9,1
0,14.3,-12.1,2
0,-8.5,27.1,93
0,-23.6,29.5,3
0,-17.7,31.9,22
0,-16.9,44.4,224
0,28.8,110.9,1
0,-17.1,-67.1,1
0,-28.3,151.6,2
0,2.6,20.9,9
0,-5.7,-43.4,171
0,-9.3,-73.0,2
0,-5.1,-38.1,12
0,-16.2,24.1,79
0,1.0,112.5,1
0,-23.9,-58.2,1
0,29.6,-81.5,1
0,-37.4,-72.0,5
0,-13.7,-44.3,35
0,34.4,114.4,1
0,-23.5,45.8,52
0,-14.0,142.8,2
0,-14.3,134.9,59
0,40.8,72.8,4
0,39.7,117.5,13
0,37.9,34.0,1
0,47.4,36.4,16
0,7.1,-61.5,2
0,-25.3,-49.3,7
0,39.2,113.6,6
0,-21.7,47.9,2
0,13.2,24.0,2
0,-24.2,29.3,34
0,-0.9,18.7,2
0,2.7,125.4,69
0,-2.0,120.8,17
0,18.5,-89.5,9
0,0.8,23.3,45
0,47.6,30.7,5
0,-11.8,40.4,2
0,-16.8,-60.8,17
0,-4.9,-79.5,1
0,45.2,-93.0,3
0,52.1,12.1,6
0,35.1,71.2,3
0,28.9,52.4,42
0,3.7,-73.0,11
0,52.5,64.0,1
0,1.9,22.5,1
0,-20.2,47.7,1
0,34.5,-92.5,1
0,20.8,102.7,2
0,-16.4,-43.4,2
0,-5.0,-40.2,1
0,57.2,63.3,1
0,22.5,76.3,1
0,-31.3,118.5,1
0,3.4,23.8,2
0,-15.6,47.7,10
0,-12.9,131.9,68
0,3.8,-75.4,3
0,30.5,106.7,2
0,-17.5,46.7,31
0,34.3,112.1,7
0,-9.6,22.7,243
0,22.9,100.7,2
0,-15.5,21.0,47
0,52.9,67.8,1
0,10.2,32.3,135
0,2.1,22.4,3
0,-10.6,27.8,292
0,54.6,-96.9,308
0,53.5,-104.4,1
0,-14.3,34.1,22
0,-12.1,31.4,105
0,-27.2,-63.1,5
0,-22.6,34.2,2
0,39.2,117.2,2
0,52.6,114.9,3
0,55.2,-107.6,564
0,45.8,-115.3,23
0,41.4,22.6,7
0,-6.7,-55.4,6
0,48.7,35.3,42
0,-31.4,146.4,2
0,30.6,48.4,15
0,-3.8,-52.5,5
0,-3.9,35.9,55
0,36.5,4.9,1
0,-2.9,28.7,13
0,-2.4,102.5,18
0,-10.4,-49.1,10
0,25.2,79.4,1
0,-5.4,105.6,3
0,6.3,80.8,14
0,38.1,40.6,4
0,-26.5,149.2,3
0,-1.2,111.3,18
0,41.3,-80.4,1
0,59.1,29.8,5
0,-38.1,-68.7,64
0,35.3,36.1,6
0,24.8,83.7,4
0,11.0,-69.3,3
0,5.3,95.9,3
0,27.4,59.6,2
0,-17.8,178.7,2
0,-24.9,31.9,3
0,-23.6,32.9,4
0,-9.3,13.8,77
0,-40.5,-68.1,4
0,7.8,-12.3,2
0,-1.2,109.9,1
0,-1.0,109.9,1
0,-12.4,-48.0,4
0,-21.8,-53.4,2
0,-6.0,25.6,59
0,33.9,-96.1,1
0,-9.9,26.0,203
0,-18.4,-50.3,1
0,-0.2,39.2,1
0,21.0,79.5,2
0,31.0,105.2,1
0,42.3,24.9,1
0,-2.9,25.6,18
0,-10.5,-58.0,115
0,-20.5,-45.9,2
0,59.6,-120.2,4
0,37.7,14.5,4
0,36.4,-92.8,1
0,-34.6,-68.3,8
0,-10.0,-74.1,22
0,-19.4,-66.4,7
0,-15.9,37.7,44
0,36.5,9.6,1
0,52.7,54.1,2
0,-28.4,32.1,11
0,9.5,-7.4,2
0,-11.0,-75.5,1
0,-13.4,-46.8,2
0,13.3,108.4,1
0,16.2,-95.2,365
0,-17.5,32.2,5
0,30.5,-83.4,2
0,54.0,38.5,1
0,32.7,-88.0,2
0,-2.8,120.0,7
0,26.2,116.9,5
0,-7.6,35.9,6
0,48.6,26.9,2
0,-34.2,148.3,6
0,10.3,-11.1,1
0,-20.2,122.2,40
0,15.9,-91.3,1
0,33.4,114.9,1
0,-26.4,-52.2,9
0,-22.7,114.3,24
0,6.6,1.5,9
0,-19.3,31.2,3
0,-5.6,15.4,130
0,47.4,47.1,1
0,-13.8,-40.1,5
0,3.9,114.2,1
0,-14.2,141.7,20
0,31.1,36.0,63
0,-30.3,-57.6,13
0,3.0,26.0,1
0,55.8,-119.6,7
0,35.9,128.3,3
0,17.7,105.8,2
0,39.7,113.3,9
0,37.0,-5.7,1
0,36.9,-105.7,1
0,49.1,34.5,1
0,48.5,38.7,7
0,36.2,7.2,2
0,44.2,-108.0,2
0,-34.8,116.0,4
0,-23.2,120.6,5
0,49.7,37.7,67
0,-15.8,129.5,21
0,4.5,-72.2,7
0,14.4,100.2,9
0,0.3,-76.7,1
0,54.7,99.6,2
0,-17.2,21.9,96
0,44.9,-97.5,2
0,43.9,1.6,2
0,30.7,-90.5,7
0,50.5,125.8,12
0,28.9,109.9,1
0,50.4,110.8,13
0,32.7,-98.5,1
0,63.8,79.6,9
0,30.8,48.4,11
0,35.0,-88.5,2
0,-16.5,-61.9,159
0,-21.8,16.1,3
0,-29.6,-62.8,13
0,40.2,-94.4,3
0,-25.7,29.2,4
0,-33.3,119.3,1
0,-2.6,115.2,6
0,-11.7,-50.3,66
0,30.9,121.5,2
0,5.2,-5.0,1
0,54.2,-108.6,3
0,-10.0,-76.3,6
0,41.0,111.2,2
0,36.4,-88.3,2
0,13.3,-84.6,2
0,-7.5,36.2,54
0,-25.5,-55.0,9
0,31.1,48.6,2
0,-12.3,-68.9,2
0,-16.0,-64.3,10
0,-10.9,-40.2,4
0,3.2,18.9,10
0,2.0,30.1,3
0,43.5,1.4,1
0,8.7,98.8,1
0,37.5,112.5,2
0,15.0,36.6,1
0,-28.7,-65.1,29
0,30.6,31.8,3
0,33.3,73.4,1
0,46.0,11.4,3
0,41.1,28.7,1
0,50.1,41.3,2
0,65.7,157.5,2
0,31.5,-91.2,1
0,-13.8,31.6,71
0,49.7,27.9,1
0,11.9,-86.2,30
0,14.0,-13.3,1
0,30.5,70.7,3
0,-8.7,21.0,132
0,13.1,34.7,1
0,-18.8,-66.0,1
0,-20.3,45.9,108
0,9.8,19.1,2
0,2.4,19.0,9
0,-29.8,151.5,3
0,47.0,37.0,1
0,30.2,78.2,3
0,-29.8,152.9,5
0,17.9,-88.4,22
0,-9.6,-68.6,45
0,-8.9,27.3,211
0,-23.9,-58.7,5
0,-13.0,-70.6,4
0,-14.3,-74.3,3
0,-3.4,18.2,102
0,27.8,68.5,12
0,31.0,75.3,18
0,44.0,26.4,58
0,11.3,-11.7,3
0,30.5,-90.7,1
0,-0.7,39.7,3
0,61.9,95.9,5
0,-8.3,113.1,3
0,-10.7,-47.0,21
0,-26.3,151.8,11
0,-5.7,-36.6,1
0,37.3,15.1,2
0,-6.1,11.3,67
0,-9.3,14.4,35
0,40.6,111.5,7
0,64.2,123.6,25
0,-17.5,21.8,180
0,60.0,-111.3,34
0,-12.9,-52.9,44
0,-10.2,33.9,6
0,26.4,80.8,1
0,35.8,-83.7,4
0,-10.1,-38.6,1
0,43.2,81.8,47
0,-19.7,28.2,1
0,-15.4,39.5,37
0,-27.3,-61.5,7
0,-9.4,34.7,47
0,41.6,-117.9,4
0,40.5,95.7,142
0,-11.1,28.3,168
0,-8.9,33.3,18
0,19.3,99.4,1
0,-3.7,105.2,3
0,-6.3,-76.3,27
0,-27.5,31.9,1
0,-14.5,40.7,4
0,-1.4,-50.1,7
0,8.5,29.4,1
0,-9.6,14.6,241
0,-7.1,-34.9,1
0,11.1,-14.7,6
0,36.7,-90.5,1
0,52.4,76.6,1
0,29.7,-95.7,3
0,38.6,28.5,2
0,-7.4,-75.1,10
0,11.2,-71.9,22
0,10.1,-85.4,1
0,-14.5,35.0,109
0,-17.4,33.7,74
0,62.7,129.6,5
0,-16.7,-42.8,1
0,-7.5,109.2,1
0,39.1,63.3,441
0,-4.1,12.9,108
0,-3.8,31.2,117
0,-12.2,-57.8,7
0,39.6,48.1,1
0,21.1,-77.7,1
0,-25.1,-59.0,1
0,-3.0,31.9,4
0,-15.9,23.9,108
0,54.2,70.0,5
0,-4.6,36.2,4
0,-16.0,-50.2,11
0,-15.9,124.7,12
0,-31.6,29.6,1
0,49.4,-113.3,1
0,25.8,79.4,4
0,12.3,33.6,1
0,-13.6,18.9,31
0,34.8,44.2,3
0,-9.5,17.7,283
0,29.0,121.6,1
0,-10.7,24.4,220
0,5.5,-68.5,7
0,25.6,-106.7,1
0,-11.7,-41.9,5
0,50.4,19.4,145
0,48.4,-4.5,1
0,47.5,126.7,10
0,47.8,31.8,2
0,-5.6,31.9,160
0,-31.9,152.3,1
0,-3.8,15.4,86
0,63.7,75.8,1
0,23.9,109.1,4
0,-14.6,30.4,79
0,44.1,126.6,2
0,-15.2,-74.0,1
0,30.1,-103.6,3
0,-16.4,33.2,10
0,-13.2,142.3,75
0,59.5,70.0,18
0,-2.7,28.7,30
0,5.7,101.9,1
0,17.1,-93.0,8
0,-13.6,49.7,7
0,32.2,-86.2,5
0,-1.7,19.3,7
0,-9.5,15.0,192
0,30.5,-93.9,23
0,27.2,81.2,1
0,49.3,39.9,1
0,-23.4,-47.8,10
0,-7.5,33.9,116
0,20.9,-103.4,34
0,49.8,-95.1,54
0,-23.1,47.4,3
0,-0.6,15.3,43
0,-18.1,34.5,99
0,-34.8,117.4,2
0,-14.9,142.0,25
0,-4.5,32.0,27
0,43.2,0.6,3
0,-14.6,-75.3,5
0,16.7,82.1,1
0,-16.7,-64.1,38
0,20.2,-88.7,1
0,-22.3,-63.0,1
0,34.6,116.2,6
0,49.7,15.9,1
0,45.9,115.0,1
0,32.7,-88.9,1
0,-10.9,21.8,92
0,3.5,33.0,5
0,-10.2,35.4,27
0,0.8,117.0,20
0,54.5,30.9,1
0,14.9,2.3,1
0,12.7,14.8,1
0,-15.8,34.4,9
0,-12.2,24.7,140
0,-11.8,37.1,58
0,-10.9,18.1,250
0,47.4,-113.4,1
0,-26.6,-66.3,1
0,-24.0,-48.7,14
0,-0.9,101.5,10
0,-14.6,-53.6,3
0,-6.9,17.9,220
0,18.5,-99.5,2
0,-5.7,-51.3,18
0,-25.7,-50.1,2
0,11.5,104.8,1
0,41.5,-8.3,1
0,-19.6,30.7,3
0,-20.1,-47.4,36
0,21.8,-103.5,1
0,57.3,73.2,1
0,49.4,-103.8,2
0,43.5,22.6,2
0,-10.4,32.1,176
0,54.3,34.7,1
0,-37.1,143.1,4
0,20.8,-90.1,4
0,53.2,76.2,1
0,-21.5,-53.1,7
0,13.6,104.0,1
0,-17.8,36.6,163
0,8.1,32.5,2
0,-18.6,34.3,62
0,-10.0,-64.1,1
0,10.7,4.6,1
0,-4.8,17.9,350
0,35.1,-96.5,1
0,4.3,-74.9,3
0,36.2,-87.1,2
0,-21.4,31.3,3
0,21.3,82.2,2
0,1.0,100.4,8
0,-9.4,25.2,209
0,-14.1,134.2,55
0,-14.2,-53.3,4
0,-14.4,129.4,168
0,29.8,108.8,1
0,-15.7,18.0,23
0,15.3,121.1,2
0,11.8,18.9,1
0,-2.9,32.4,6
0,29.6,-81.6,11
0,-12.8,-58.0,3
0,-18.0,34.7,76
0,-8.2,-38.6,6
0,-6.1,37.2,4
0,13.4,-8.1,5
0,44.1,-123.1,3
0,14.8,-12.5,1
0,10.4,38.7,4
0,5.3,116.2,1
0,54.5,-118.5,6
0,4.2,-70.4,4
0,-8.5,116.8,1
0,-29.0,29.5,19
0,50.1,35.1,1
0,-12.7,14.7,186
0,-4.1,-47.0,46
0,-11.8,-65.7,16
0,66.9,75.5,451
0,34.4,-89.2,1
0,7.9,33.5,37
0,9.7,-74.5,1
0,-32.5,27.9,2
0,-18.4,126.5,36
0,-9.0,14.0,25
0,-28.3,28.9,15
0,31.8,44.6,58
0,42.4,124.0,4
0,-26.4,27.9,89
0,36.2,49.6,1
0,19.2,-103.9,3
0,-3.9,-63.5,1
0,-8.7,22.5,188
0,14.0,122.7,2
0,-11.6,133.4,2
0,-32.1,118.8,2
0,-13.0,-57.0,254
0,55.3,-107.3,73
0,-4.4,19.1,327
0,12.3,105.4,2
0,-22.2,-43.9,1
0,-7.0,33.3,9
0,-16.0,22.4,95
0,-7.7,-46.6,37
0,4.7,-70.6,4
0,-10.2,30.9,141
0,41.9,13.6,2
0,33.4,-102.6,4
0,-3.5,37.7,10
0,-6.6,26.0,183
0,16.4,-94.6,3
0,48.0,7.6,2
0,27.4,14.3,1
0,49.1,120.0,4
0,33.6,48.4,2
0,23.9,38.2,215
0,17.8,-101.5,12
0,-13.1,25.8,172
0,53.3,78.0,1
0,-15.8,126.1,4
0,45.6,-121.2,1
0,4.0,-75.3,5
0,-17.7,37.1,48
0,-32.4,26.5,7
0,33.9,-5.2,7
0,-14.0,35.1,124
0,-21.8,44.4,57
0,-22.9,-51.9,3
0,-3.1,-58.6,5
0,49.8,62.0,14
0,-6.8,-59.2,58
0,57.3,-96.3,15
0,17.8,-71.5,51
0,40.8,-80.6,1
0,30.2,76.6,23
0,-2.8,25.6,4
0,23.5,-106.7,2
0,-21.2,-64.1,2
0,37.1,41.9,1
0,16.7,-89.8,9
0,51.2,23.7,2
0,48.6,28.2,8
0,-14.9,36.4,98
0,-22.3,-56.0,46
0,-14.4,24.5,69
0,-7.7,24.6,220
0,33.4,-97.2,2
0,-2.9,27.6,12
0,14.2,32.2,4
0,-18.4,125.5,6
0,-11.6,24.5,144
0,-23.5,121.2,26
0,-6.0,17.0,198
0,52.2,32.4,13
0,19.0,121.2,2
0,-2.8,-50.0,1
0,-11.6,-66.8,1
0,31.3,12.2,10
0,-9.4,27.5,146
0,-20.2,-54.8,2
0,33.2,44.3,2
0,33.3,-112.7,1
0,10.6,79.8,2
0,-8.9,18.6,181
0,31.6,-87.8,6
0,31.5,-100.0,4
0,19.1,-88.2,5
0,30.1,-82.6,11
0,-1.0,114.4,2
0,9.1,-63.2,7
0,-10.6,23.6,216
0,47.7,37.1,38
0,35.7,50.9,1
0,-13.4,15.6,120
0,30.8,49.2,32
0,-22.2,-50.1,10
0,13.3,25.6,3
0,46.4,4.0,3
0,25.2,51.6,2
0,-4.2,-48.2,24
0,30.2,-85.4,2
0,-27.8,-58.8,6
0,40.9,-97.7,1
0,31.4,-102.1,7
0,40.9,-116.5,12
0,37.1,39.5,4
0,-12.2,132.7,38
0,29.5,114.0,2
0,52.8,34.1,1
0,23.6,110.5,8
0,2.3,19.9,2
0,-26.7,147.7,16
0,48.2,-120.2,1
0,47.0,-0.9,1
0,46.7,41.2,1
0,31.8,43.9,1
0,-15.1,134.5,90
0,61.2,73.2,1
0,-3.4,17.5,146
0,-22.8,34.1,44
0,-39.2,-66.0,6
0,-21.7,-42.7,1
0,32.4,73.4,9
0,-41.5,147.9,5
0,-17.3,-56.9,1
0,8.1,123.2,1
0,46.4,1.3,2
0,41.7,-96.1,1
0,-0.8,11.9,145
0,-3.8,33.4,20
0,50.7,49.9,1
0,-6.9,-43.6,43
0,2.4,19.6,2
0,-37.9,146.0,3
0,66.2,-127.6,3
0,-14.6,135.5,26
0,36.4,49.3,1
0,15.8,-91.4,1
0,39.3,-89.2,5
0,38.4,68.0,1
0,-5.5,37.3,4
0,-22.4,131.7,1
0,-22.7,-42.4,2
0,50.9,51.3,1
0,-7.5,-71.2,2
0,-10.6,-40.6,1
0,55.8,-104.4,3
0,36.4,59.1,2
0,-11.0,29.7,45
0,40.7,-80.7,2
0,-22.4,-48.0,2
0,17.2,96.1,2
0,60.9,26.6,1
0,-18.2,32.9,24
0,-12.2,32.1,19
0,33.0,-93.9,2
0,-5.9,15.7,199
0,-11.5,32.4,121
0,-10.1,24.5,152
0,-25.3,32.3,21
0,37.5,61.7,21
0,-10.7,21.3,120
0,5.5,102.7,2
0,-3.0,-59.2,1
0,15.0,108.7,8
0,-2.6,106.2,2
0,18.9,-90.7,87
0,53.3,46.2,1
0,-32.1,-54.8,3
0,5.7,-60.7,2
0,32.9,-82.9,15
0,-10.5,37.3,44
0,-20.6,-42.9,3
0,-18.3,26.0,7
0,-4.5,31.4,1
0,-13.9,27.9,126
0,5.3,-8.1,1
0,-15.5,13.9,5
0,-12.8,-65.7,5
0,2.9,32.6,9
0,-10.9,30.2,208
0,65.2,-121.4,4
0,37.4,115.2,1
0,-13.3,-48.9,1
0,42.6,-81.7,1
0,-16.0,-40.4,3
0,-11.5,-42.5,4
0,1.5,-56.1,22
0,-14.7,24.2,158
0,-14.7,-47.3,10
0,-6.0,-78.3,1
0,32.8,44.8,7
0,-4.5,22.1,70
0,51.3,35.5,2
0,-15.4,-64.3,33
0,39.7,66.5,5
0,11.5,36.4,3
0,-30.7,-59.0,2
0,5.8,-1.0,3
0,17.5,-88.8,7
0,-13.1,-40.8,8
0,-14.0,31.1,131
0,-13.7,38.7,78
0,-4.7,35.1,10
0,-13.5,48.3,1
0,-20.5,46.6,71
0,-13.0,21.6,72
0,56.3,36.6,1
0,47.4,118.6,2
0,-24.0,-53.0,1
0,22.2,96.5,2
0,-2.8,-46.8,1
0,50.3,-123.0,2
0,37.9,-87.8,29
0,42.4,19.1,10
0,28.0,-81.6,2
0,-24.3,20.1,1
0,-17.2,-60.4,117
0,33.4,133.2,5
0,-12.4,142.4,6
0,13.7,-14.7,5
0,34.9,7.8,1
0,24.5,75.4,1
0,41.8,114.6,7
0,20.4,-102.1,3
0,-23.9,-51.8,1
0,-19.1,-52.9,6
0,-13.1,136.3,10
0,-6.3,-46.0,44
0,-21.9,-53.4,1
0,-16.2,128.3,101
0,23.8,-99.2,4
0,33.0,-115.7,1
0,-22.5,-52.6,1
0,16.5,94.9,1
0,-24.1,46.9,71
0,55.2,-107.7,455
0,33.5,111.1,1
0,46.8,87.7,1
0,-15.3,23.9,87
0,-0.2,17.8,1
0,-7.0,25.6,172
0,-4.9,-65.3,9
0,-5.4,23.8,104
0,54.2,111.9,27
0,-26.3,23.3,2
0,-26.0,122.9,4
0,-12.3,21.9,105
0,-18.0,28.1,1
0,-3.5,120.3,2
0,-13.5,34.8,30
0,40.1,111.7,2
0,-24.1,-61.3,15
0,57.9,-120.3,4
0,41.2,68.6,1
0,-14.8,-52.5,1
0,-7.5,-42.0,37
0,1.2,-74.4,1
0,-13.2,-50.5,1
0,-5.3,151.1,1
0,17.3,79.6,1
0,-20.0,47.5,3
0,-34.3,-61.5,1
0,41.4,22.1,1
0,-5.7,37.3,7
0,30.7,-87.2,4
0,15.0,-12.0,11
0,19.9,102.7,3
0,41.5,-5.0,4
0,6.5,5.7,1
0,-30.6,-60.6,1
0,-9.9,-63.5,5
0,12.0,9.5,1
0,51.7,109.7,20
0,-13.4,13.6,1
0,-9.3,34.3,77
0,4.0,30.7,2
0,37.0,35.4,1
0,32.2,-94.8,11
0,43.6,125.4,1
0,-10.4,38.2,89
0,-6.4,-37.7,3
0,13.6,29.5,7
0,6.7,81.4,18
0,-19.1,48.5,1
0,-20.8,-44.5,9
0,47.9,39.9,1
0,-0.6,112.4,1
0,-13.4,29.7,160
0,60.3,88.0,56
0,-1.0,25.5,11
0,-3.2,102.9,4
0,21.9,-84.5,2
0,-4.3,-45.0,1
0,-12.7,13.8,5
0,-14.0,30.9,29
0,-36.5,-72.5,8
0,37.7,-89.9,1
0,9.9,32.2,74
0,-11.0,26.5,211
0,15.1,-4.7,10
0,10.9,24.5,3
0,36.7,6.8,4
0,17.1,-94.4,4
0,25.4,102.4,6
0,-23.7,30.1,18
0,-18.3,29.5,1
0,-18.8,46.3,32
0,-28.3,-59.9,17
0,6.9,-71.2,5
0,-25.2,26.5,23
0,-10.2,-46.7,54
0,21.7,-98.3,5
0,-18.1,-48.1,2
0,39.3,31.3,3
0,30.6,-95.0,1
0,10.2,-85.9,2
0,1.5,39.9,10
0,32.3,-91.6,1
0,-0.9,111.6,27
0,-11.4,-40.6,1
0,46.9,-96.0,2
0,-12.2,-60.8,55
0,-26.6,150.2,8
0,18.8,78.0,1
0,52.5,13.9,9
0,45.3,19.2,1
0,-14.2,143.4,8
0,-6.8,-46.4,12
0,-13.0,23.5,126
0,-7.2,-76.4,134
0,15.3,-92.7,1
0,-0.2,104.4,1
0,-11.1,30.1,59
0,42.2,68.1,1
0,7.7,-8.2,1
0,39.5,9.2,3
0,-11.5,23.2,141
0,53.4,30.2,2
0,-13.1,-47.0,13
0,34.9,-79.5,19
0,-7.9,37.9,7
0,14.2,122.6,1
0,12.0,23.2,1
0,-21.8,-65.0,21
0,31.5,47.0,11
0,-29.4,150.4,7
0,48.9,9.2,1
0,59.7,-112.1,254
0,-11.9,-44.3,118
0,-5.5,21.9,151
0,56.6,-103.1,77
0,31.5,119.3,6
0,-3.1,14.4,11
0,22.9,107.6,1
0,-26.0,151.6,73
0,-5.6,31.0,88
0,32.9,-93.4,2
0,64.0,-125.1,365
0,48.1,9.3,6
0,55.0,-103.2,11
0,47.4,126.3,3
0,11.9,11.7,2
0,31.2,-98.9,3
0,-7.2,-75.3,22
0,-16.7,35.6,55
0,-13.2,-50.8,32
0,2.3,117.8,2
0,-14.3,24.6,45
0,-6.9,-52.2,1
0,-10.2,-48.8,6
0,7.8,-62.9,1
0,-4.2,13.2,44
0,-11.3,23.0,163
0,-6.2,24.0,137
0,-33.1,-57.0,4
0,-16.9,45.5,71
0,14.3,78.9,6
0,-29.4,-53.3,1
0,29.4,74.4,5
0,-18.9,14.7,22
0,49.7,107.3,2
0,35.4,112.2,3
0,-6.7,-69.6,6
0,-16.5,137.3,105
0,42.8,-76.2,1
0,48.0,28.4,2
0,-13.0,-45.2,125
0,-9.8,14.1,18
0,-33.0,117.7,1
0,4.9,35.8,1
0,5.6,-61.2,5
0,-15.3,27.3,67
0,-4.8,-55.8,6
0,2.3,-74.4,1
0,-28.7,153.2,2
0,55.7,-106.5,12
0,-10.5,26.5,319
0,33.6,44.5,7
0,47.8,86.1,1
0,38.5,-5.3,2
0,29.6,-97.5,3
0,14.1,-84.7,5
0,10.3,-71.3,3
0,-2.8,121.0,2
0,-18.3,30.6,11
0,2.7,30.3,19
0,-8.8,-69.1,19
0,0.8,114.7,5
0,-11.0,17.8,259
0,-19.1,178.3,1
0,21.8,106.8,1
0,34.1,113.4,9
0,-12.3,37.7,107
0,6.2,-8.1,2
0,33.3,115.5,2
0,-13.9,34.3,46
0,48.4,-108.8,4
0,-31.1,-58.0,7
0,-15.9,27.0,126
0,17.1,-99.7,45
0,9.9,-85.2,1
0,19.5,-105.1,10
0,-10.1,150.0,8
0,50.1,71.9,5
0,34.3,-94.5,1
0,-22.5,-66.4,3
0,-11.0,-41.2,2
0,6.1,25.4,1
0,-19.9,31.0,1
0,46.2,18.7,1
0,-7.0,14.8,125
0,11.8,18.7,1
0,-3.2,-61.6,5
0,34.5,107.3,1
0,-23.7,132.0,5
0,30.8,47.9,1662
0,-15.2,23.9,114
0,43.3,12.5,38
0,53.3,74.5,6
0,-5.5,15.5,158
0,-20.4,32.7,11
0,-17.9,24.0,5
0,26.0,68.6,1
0,-36.4,146.0,5
0,38.3,-92.1,4
0,71.1,72.3,123
0,-8.9,36.9,6
0,10.0,20.9,2
0,15.7,-90.1,12
0,-0.1,29.2,1
0,-34.0,23.6,5
0,21.2,-105.0,8
0,-19.4,32.8,63
0,38.1,107.4,1
0,36.4,-81.2,6
0,-19.5,-44.0,9
0,-2.1,116.3,1
0,28.8,22.2,284
0,-16.9,28.8,84
0,33.9,-85.8,1
0,56.2,-104.3,223
0,48.7,2.7,1
0,40.2,-82.0,1
0,-22.6,45.0,53
0,34.9,-98.0,1
0,-8.1,15.8,209
0,30.5,56.8,65
0,-14.7,30.7,75
0,36.9,59.3,1
0,17.0,-96.0,2
0,-10.5,20.8,79
0,12.1,-16.4,7
0,-13.5,-56.8,2
0,-12.7,-57.0,274
0,-27.6,-56.3,10
0,-9.9,124.1,12
0,38.5,28.1,4
0,-13.4,26.4,137
0,-17.1,34.8,55
0,-4.0,18.9,342
0,-5.0,31.0,89
0,20.8,81.1,4
0,21.1,-87.1,1
0,-13.9,-42.5,4
0,-11.0,37.0,70
0,-7.3,19.0,222
0,1.7,32.0,2
0,-32.8,-71.5,8
0,-23.8,-61.1,19
0,38.7,-6.7,1
0,2.4,20.4,6
0,16.2,121.3,3
0,51.0,-95.6,318
0,-4.7,-50.6,1
0,12.8,33.3,1
0,16.3,79.9,1
0,40.0,-99.0,2
0,64.7,33.5,48
0,14.2,-91.8,2
0,4.4,118.6,3
0,-8.5,-72.9,4
0,25.3,68.2,1
0,59.3,-122.9,30
0,-25.7,-56.1,13
0,53.2,77.6,1
0,-31.6,-59.7,9
0,47.2,131.6,1
0,-5.4,35.6,20
0,30.4,-98.8,6
0,-13.8,-63.5,44
0,39.3,20.8,38
0,-11.3,25.2,186
0,-9.3,-65.9,31
0,-9.6,-41.5,2
0,-26.0,31.9,120
0,30.7,73.7,44
0,-12.0,20.6,99
0,-29.5,30.1,20
0,39.1,-95.8,1
0,-5.8,-39.6,6
0,-5.2,141.3,2
0,14.1,-84.4,4
0,-2.1,-45.2,1
0,-5.1,-48.6,9
0,15.3,-91.7,1
0,-2.8,111.6,1
0,9.3,77.7,4
0,-14.0,32.7,50
0,49.3,43.8,1
0,11.8,31.9,1
0,16.6,34.2,1
0,19.4,105.6,2
0,-17.9,30.8,92
0,-25.9,-58.4,36
0,9.1,-11.6,1
0,-14.7,22.2,61
0,32.7,44.1,1
0,6.7,-8.5,16
0,50.6,40.9,4
0,-33.0,-55.4,3
0,-1.6,-51.6,2
0,-1.4,115.1,2
0,-13.0,36.9,43
0,56.0,-100.8,982
0,36.5,35.3,2
0,13.0,3.8,1
0,8.9,28.2,5
0,33.7,135.4,5
0,50.2,-95.9,3
0,-23.3,27.5,3
0,-4.6,31.6,100
0,-9.4,39.6,2
0,-6.2,145.9,47
0,-30.5,-59.8,151
0,53.6,114.9,35
0,0.0,35.6,18
0,-17.1,19.4,135
0,3.0,45.5,11
0,15.3,-13.3,4
0,15.1,-10.2,12
0,-7.9,-40.4,6
0,48.3,36.4,18
0,-22.6,-61.7,40
0,-3.8,-39.0,16
0,-5.0,34.0,2
0,-22.9,20.4,1
0,-4.2,-56.1,1
0,-15.5,-47.1,4
0,39.6,16.2,16
0,18.9,-90.3,30
0,54.9,56.0,22
0,42.1,26.0,5
0,8.8,28.8,64
0,-13.1,27.9,209
0,-6.5,16.4,111
0,29.1,79.2,8
0,-10.5,17.9,177
0,3.6,26.7,1
0,34.8,-99.5,1
0,52.6,-114.4,13
0,-15.9,-53.5,49
0,-10.8,-54.5,11
0,-7.9,27.0,148
0,60.9,70.7,36
0,-6.2,-35.3,5
0,-14.5,-64.9,4
0,62.9,-117.7,15
0,-22.3,-54.5,1
0,-24.8,-59.8,2
0,30.9,-94.0,6
0,-4.9,-79.1,3
0,14.3,-83.6,4
0,-1.2,-46.9,7
0,-16.3,33.7,27
0,-13.8,21.0,25
0,34.7,-80.6,1
0,-32.3,-60.8,14
0,4.5,116.3,2
0,-2.8,118.9,1
0,18.8,100.7,1
0,32.2,-95.2,1
0,32.2,12.8,1
0,34.6,45.8,3
0,33.3,-85.5,1
0,10.4,29.7,6
0,-14.5,-74.0,1
0,15.0,-92.8,3
0,34.1,0.1,1
0,9.6,-65.5,1
0,51.9,114.9,270
0,-12.6,27.3,122
0,-17.5,124.3,24
0,18.8,78.2,2
0,26.0,68.8,36
0,-20.5,47.0,18
0,44.2,28.3,51
0,40.1,-81.1,2
0,-9.2,23.6,228
0,-10.2,21.1,114
0,59.6,29.5,1
0,36.2,36.2,7
0,-15.5,36.0,66
0,-27.7,-57.2,9
0,-2.6,23.3,22
0,-3.2,-40.1,4
0,26.7,-77.5,12
0,-34.2,116.8,6
0,12.1,16.1,2
0,-16.4,46.2,28
0,-3.5,115.1,19
0,-9.4,-64.3,2
0,-7.7,-56.4,1
0,-20.1,127.4,2
0,7.3,6.9,1
0,-6.8,-75.2,9
0,-12.2,-40.9,1
0,-3.4,103.2,4
0,28.3,79.8,2
0,5.9,39.4,3
0,60.2,56.8,2
0,-19.1,34.9,9
0,-19.2,30.9,19
0,-4.1,30.8,145
0,51.8,115.3,11
0,10.8,-15.1,1
0,-3.8,-52.2,11
0,20.4,-88.9,3
0,10.4,-66.7,2
0,-12.5,-53.5,2
0,48.3,26.9,3
0,-16.1,-61.4,113
0,44.2,27.3,12
0,45.9,-90.2,3
0,43.6,18.5,1
0,-4.8,-57.5,1
0,60.7,131.7,1
0,-8.9,36.5,116
0,-8.1,17.7,223
0,-15.1,-52.9,4
0,26.8,55.9,16
0,4.0,22.5,2
0,-5.2,31.7,16
0,22.0,81.3,1
0,-32.5,-68.3,3
0,-10.3,-36.9,2
0,31.7,-99.1,7
0,-13.0,136.2,36
0,-16.7,13.6,78
0,8.1,-65.5,2
0,-22.4,-46.2,1
0,-5.9,27.9,149
0,4.6,22.2,1
0,7.7,31.4,1
0,23.0,100.8,17
0,-5.6,29.8,74
0,12.6,32.6,1
0,61.6,68.2,8
0,-13.9,39.2,91
0,10.1,38.8,3
0,45.8,-100.5,1
0,39.3,-81.5,13
0,-11.6,20.2,141
0,27.1,67.5,1
0,-12.5,37.3,78
0,9.5,-64.9,5
0,13.5,-0.7,1
0,-10.8,14.0,131
0,-10.0,-67.8,24
0,-16.6,14.7,1
0,-19.2,-48.1,11
0,51.1,42.2,2
0,-9.6,38.2,1
0,-21.8,-48.6,1
0,37.9,-96.8,2
0,45.3,123.9,1
0,37.5,-7.1,13
0,-3.0,104.4,1
0,6.6,40.6,1
0,30.8,74.5,31
0,55.8,-101.8,223
0,39.5,-92.9,2
0,33.9,-91.6,26
0,-14.4,-60.3,11
0,52.0,26.8,1
0,-13.6,49.0,2
0,26.6,117.9,1
0,-37.8,-72.1,30
0,-19.9,-45.7,12
0,8.7,-67.2,1
0,-22.9,121.9,13
0,-2.9,27.7,17
0,-2.9,107.3,4
0,-9.1,19.1,131
0,15.7,0.2,3
0,40.5,128.6,1
0,32.3,6.9,462
0,2.6,98.5,3
0,31.2,31.2,6
0,-13.1,-50.4,1
0,-6.4,28.2,128
0,-0.7,110.2,39
0,-8.9,34.8,13
0,-27.5,-53.7,1
0,5.0,44.8,9
0,-2.9,24.8,25
0,34.9,-80.3,10
0,-17.6,47.6,15
0,54.8,-102.0,978
0,12.6,30.9,3
0,-31.0,-55.2,1
0,53.8,75.5,1
0,48.0,31.1,3
0,9.8,38.5,1
0,-5.2,-71.7,1
0,-12.0,13.7,1
0,-14.7,39.3,120
0,53.5,40.1,8
0,-25.9,32.5,1
0,64.8,17.4,1
0,11.8,24.3,2
0,66.8,-134.9,124
0,-1.2,16.7,124
0,-18.0,33.3,202
0,-9.6,37.9,34
0,-3.6,116.3,1
0,-3.4,26.9,35
0,3.6,43.3,1
0,-4.7,33.5,4
0,24.5,116.1,13
0,38.4,-85.8,1
0,14.0,-7.9,3
0,-16.9,-66.7,3
0,53.1,-125.0,15
0,-5.0,30.3,52
0,-4.6,29.2,1
0,-15.6,23.6,48
0,40.4,118.5,3
0,5.9,38.9,1
0,36.0,49.7,3
0,-6.2,18.3,146
0,-21.2,44.9,128
0,-14.6,-45.7,12
0,14.3,35.7,2
0,-1.5,-49.1,4
0,-5.3,-73.9,2
0,-16.1,48.0,47
0,-20.3,33.7,31
0,53.2,-99.3,45
0,32.2,121.1,3
0,-0.7,110.6,45
0,12.6,3.4,1
0,1.1,110.3,6
0,-22.9,-52.0,1
0,-14.3,-45.3,26
0,-4.1,119.8,8
0,51.3,92.6,22
0,12.2,25.6,6
0,13.8,13.7,1
0,51.7,45.3,2
0,37.0,46.1,6
0,-2.6,121.9,1
0,37.3,-3.1,3
0,44.0,22.5,3
0,53.2,29.7,3
0,-23.3,-50.3,11
0,-23.2,-49.9,2
0,-10.5,-51.8,7
0,-28.2,-68.1,2
0,61.9,-109.9,44
0,-13.7,15.4,80
0,-17.9,122.5,13
0,28.2,-108.6,80
0,13.2,102.7,1
0,-20.5,-48.5,2
0,-23.1,34.4,13
0,-16.9,-62.0,2
0,36.2,114.7,1
0,44.6,27.3,2
0,30.6,75.1,36
0,-15.1,37.3,79
0,-13.3,24.2,161
0,-1.4,17.4,1
0,-16.2,-62.9,13
0,8.2,5.5,1
0,-16.5,13.4,39
0,46.6,23.9,1
0,30.6,72.2,5
0,16.3,0.3,1
0,33.9,117.1,64
0,-5.4,29.1,80
0,53.1,59.4,6
0,6.5,18.3,7
0,-3.4,15.1,66
0,-7.4,13.5,13
0,-12.1,31.9,80
0,-32.0,-55.7,1
0,-13.6,20.9,98
0,-14.7,-47.8,2
0,56.1,74.4,1
0,-10.7,-39.8,1
0,7.4,-74.9,7
0,39.1,141.0,3
0,-11.6,-48.5,1
0,-12.9,134.3,50
0,-10.0,29.7,273
0,-20.3,-45.3,4
0,29.1,76.5,12
0,11.4,106.5,1
0,40.2,-8.0,117
0,8.7,-4.8,1
0,-4.2,119.6,4
0,-23.8,-58.6,4
0,41.1,126.2,6
0,-16.8,130.5,140
0,38.4,16.0,7
0,7.2,31.7,3
0,36.5,5.3,15
0,-20.6,-54.7,24
0,-30.6,30.2,33
0,-16.1,13.9,26
0,-16.5,142.3,34
0,51.7,25.7,2
0,-3.4,-42.9,40
0,-9.7,120.4,65
0,2.3,117.0,3
0,11.8,25.5,7
0,51.1,58.1,2
0,21.2,75.3,1
0,-27.0,-55.6,1
0,7.4,-64.5,3
0,41.1,71.8,3
0,-10.8,40.4,18
0,10.1,-74.5,1
0,17.4,-88.8,19
0,-19.0,45.5,162
0,10.7,-2.5,1
0,43.9,44.6,45
0,-28.1,-61.7,50
0,23.1,93.5,1
0,10.7,35.8,1
0,-23.8,-59.1,2
0,2.1,-74.3,1
0,27.6,77.6,1
0,-19.9,-49.0,3
0,-14.2,133.4,1
0,-14.0,14.1,72
0,-1.2,37.6,2
0,10.7,16.1,1
0,51.5,25.6,1
0,-6.8,146.4,5
0,51.2,24.0,1
0,-5.2,-37.8,5
0,55.2,54.6,2
0,50.2,40.7,6
0,-9.7,24.3,151
0,-31.1,-60.3,16
0,-15.9,13.0,2
0,-26.5,148.3,5
0,50.0,37.6,23
0,-30.5,151.8,2
0,-0.9,22.0,2
0,-16.8,-42.8,3
0,-5.8,22.3,162
0,-23.5,-57.1,3
0,34.7,-89.5,4
0,52.3,33.2,4
0,-8.9,-60.8,96
0,43.9,42.8,5
0,45.6,-103.3,1
0,-17.5,45.2,92
0,-30.7,-60.6,4
0,7.5,27.7,2
0,-4.6,136.8,2
0,54.7,-102.8,146
0,14.5,100.6,5
0,32.0,-95.4,1
0,30.0,120.5,12
0,23.8,87.0,1
0,50.1,15.6,3
0,-1.9,26.0,8
0,23.4,74.7,1
0,19.3,-92.3,44
0,-2.6,22.1,1
0,5.6,104.9,69
0,-12.4,14.1,117
0,15.6,78.5,4
0,-14.9,36.3,126
0,-36.9,-72.1,10
0,-11.2,14.4,221
0,13.6,-83.8,5
0,-17.2,36.5,163
0,-4.2,-50.3,6
0,36.3,111.9,85
0,49.4,-118.0,2
0,60.1,102.9,1
0,46.4,31.6,36
0,38.0,21.3,3
0,43.2,73.7,5
0,-27.6,-67.4,1
0,-19.9,-46.5,9
0,-25.7,151.3,15
0,10.6,28.2,2
0,24.6,54.7,1
0,43.8,119.2,2
0,2.9,20.9,2
0,-28.6,150.9,1
0,34.1,-96.8,1
0,-5.4,13.9,102
0,-2.1,114.4,3
0,-22.6,118.4,4
0,19.8,-104.3,2
0,-9.0,-49.8,3
0,54.6,-105.9,396
0,-10.4,17.9,119
0,45.9,34.0,2
0,-27.2,-48.9,2
0,-12.8,142.5,32
0,54.5,-124.9,3
0,-13.5,36.1,109
0,38.9,-9.1,63
0,-3.9,25.2,39
0,55.3,38.0,2
0,29.5,109.7,2
0,39.2,49.1,1
0,-16.3,-71.7,24
0,12.2,-14.0,6
0,-9.2,38.1,43
0,-9.4,28.0,210
0,35.9,-97.9,3
0,41.9,86.3,11
0,38.4,28.9,2
0,26.3,70.6,1
0,-26.1,-60.5,8
0,40.6,36.4,17
0,20.7,-100.3,4
0,-17.2,-63.2,37
0,-18.1,20.4,26
0,26.3,78.8,2
0,-0.7,-50.8,1
0,-35.7,-62.4,1
0,9.1,29.6,3
0,23.2,75.7,1
0,-14.0,20.9,23
0,10.4,29.4,1
0,-7.7,-43.5,25
0,11.2,77.7,4
0,28.4,51.9,1
0,50.4,40.1,2
0,32.3,73.8,17
0,-8.9,37.1,88
0,46.4,-97.5,4
0,-5.2,32.7,9
0,14.1,-85.0,13
0,39.8,70.5,5
0,56.3,95.5,4
0,-8.4,-71.8,8
0,-10.3,20.8,132
0,-5.1,-46.6,1
0,-11.6,17.1,206
0,22.4,80.3,2
0,-17.5,126.5,11
0,52.5,61.0,7
0,-26.0,31.7,20
0,51.4,70.8,1
0,53.8,9.4,9
0,38.0,102.5,2
0,-13.6,-45.6,25
0,16.1,2.9,2
0,-8.8,-75.3,68
0,-17.1,24.8,130
0,0.0,30.6,11
0,21.9,-78.7,21
0,47.7,29.8,5
0,0.6,-59.6,1
0,-22.3,46.4,47
0,3.0,44.1,1
0,0.4,112.3,5
0,0.9,17.1,28
0,-9.8,120.3,45
0,-20.6,-51.8,1
0,41.2,-123.3,9
0,43.1,-93.7,2
0,43.9,-116.4,1
0,53.2,111.7,15
0,-29.6,115.6,6
0,-8.0,-74.7,4
0,55.0,37.7,1
0,-19.3,33.6,43
0,-9.5,13.6,23
0,50.8,43.3,2
0,-6.3,35.0,27
0,44.1,86.6,7
0,-16.8,17.6,88
0,-20.3,-55.6,6
0,5.5,36.9,1
0,-26.3,-49.6,3
0,3.0,98.7,7
0,42.7,75.3,1
0,31.8,-95.0,1
0,-6.3,-44.6,84
0,43.9,63.1,1
0,24.4,107.8,1
0,17.5,83.1,4
0,38.6,-121.7,5
0,-36.9,146.4,1
0,14.2,-85.9,6
0,34.2,112.4,4
0,55.7,-119.6,20
0,-24.6,27.4,11
0,-9.2,-64.1,10
0,-8.0,-49.9,3
0,36.7,42.9,7
0,-12.6,143.1,9
0,-1.7,105.9,4
0,-18.1,22.5,117
0,-7.2,13.2,9
0,-16.2,126.5,1
0,-12.9,27.6,226
0,17.0,-92.0,20
0,-34.1,142.6,1
0,-14.8,127.4,50
0,3.3,35.2,1
0,8.3,-63.7,7
0,-19.7,-42.7,3
0,10.0,78.3,4
0,-10.5,-48.9,6
0,42.0,48.1,17
0,-15.2,27.3,90
0,49.5,23.0,2
0,4.7,29.1,4
0,49.3,107.5,3
0,-11.3,37.0,75
0,33.6,-93.5,2
0,-12.8,18.5,43
0,34.2,-88.1,5
0,-27.2,152.6,26
0,5.2,-68.1,2
0,49.3,36.2,1
0,-22.7,-55.9,17
0,6.6,40.2,2
0,8.0,2.0,1
0,-31.7,29.1,93
0,11.7,-1.2,2
0,-0.5,22.3,1
0,44.9,25.4,4
0,-6.3,17.1,291
0,36.3,-94.2,2
0,-17.6,30.5,89
0,12.0,-14.9,4
0,-1.4,-49.4,3
0,34.6,117.5,23
0,30.1,38.0,2
0,-3.7,114.8,1
0,1.5,101.2,3
0,36.1,9.5,2
0,-9.0,-38.2,1
0,-24.4,33.1,5
0,17.1,-92.0,19
0,48.3,5.3,1
0,-21.1,-43.6,2
0,52.3,84.8,1
0,7.6,-9.7,2
0,-25.3,-64.1,18
0,14.5,-9.0,1
0,-23.7,20.6,5
0,-15.7,-64.8,1
0,2.8,28.0,2
0,37.7,40.4,1
0,6.2,124.4,3
0,37.1,-94.2,4
0,-14.1,37.7,122
0,-8.4,-35.2,1
0,40.5,71.5,2
0,56.1,43.8,2
0,-27.3,151.0,3
0,-3.6,-42.2,1
0,33.4,113.3,1
0,50.7,62.1,17
0,24.6,55.4,80
0,20.8,105.1,2
0,-7.8,13.4,112
0,52.3,36.9,2
0,46.5,30.0,6
0,6.1,-74.4,3
0,-7.8,-72.8,7
0,38.3,46.4,3
0,-17.2,29.0,6
0,-31.5,-61.6,2
0,41.0,45.4,3
0,-25.7,149.3,1
0,34.9,-92.4,9
0,-5.1,145.1,6
0,52.2,40.7,2
0,-20.7,18.0,1
0,-11.8,14.5,205
0,2.1,-76.9,4
0,-19.7,-53.3,1
0,-21.6,15.9,21
0,30.7,-107.3,1
0,30.3,104.1,1
0,41.0,123.7,18
0,31.7,-84.1,6
0,13.2,-84.2,14
0,6.5,100.3,1
0,-16.0,144.0,3
0,-25.2,-54.8,2
0,-25.5,-62.5,1
0,47.2,39.3,21
0,30.9,27.5,74
0,-29.9,-51.2,40
0,-20.5,30.9,2
0,-17.6,-45.7,2
0,-16.2,48.4,12
0,32.3,-99.1,5
0,33.1,36.5,2
0,-10.9,-46.2,18
0,-10.3,39.1,39
0,34.1,112.6,2
0,-37.9,-57.7,1
0,6.4,18.2,10
0,32.3,116.1,4
0,-8.2,31.7,44
0,-11.2,29.9,26
0,-3.0,11.9,26
0,-15.0,-44.9,1
0,-12.6,135.4,108
0,-20.8,-54.7,2
0,-18.1,-61.7,4
0,-1.6,-50.7,1
0,12.4,33.3,3
0,23.5,75.9,2
0,19.1,-99.4,2
0,22.8,100.0,3
0,28.2,-96.9,1
0,49.2,37.9,43
0,31.4,106.0,1
0,41.8,125.2,2
0,-32.2,147.0,7
0,62.3,74.5,1
0,-13.7,17.9,42
0,-13.6,34.3,24
0,48.8,125.6,1
0,62.1,65.4,2
0,-31.2,-60.4,31
0,-21.2,46.2,33
0,-3.2,-43.6,17
0,-3.2,-40.3,1
0,44.8,47.1,137
0,-17.9,48.0,18
0,-20.3,46.8,14
0,8.3,-8.7,1
0,6.1,-70.2,2
0,-0.7,17.8,8
0,39.8,116.1,2
0,-2.6,119.2,2
0,-13.9,-75.2,1
0,3.6,29.6,9
0,17.4,105.6,1
0,-9.6,18.9,245
0,-22.0,-53.2,1
0,33.4,-81.5,2
0,52.3,14.0,2
0,3.1,19.7,11
0,-9.7,-68.7,5
0,13.7,26.7,1
0,-8.4,27.9,179
0,5.8,-69.7,1
0,51.2,68.2,15
0,-12.8,-41.7,2
0,-22.1,44.2,65
0,43.1,-88.1,1
0,-16.6,-62.7,23
0,34.2,117.2,7
0,35.7,-84.0,3
0,36.3,-93.5,2
0,54.6,30.1,1
0,-21.0,-44.3,1
0,-8.1,31.3,27
0,30.0,102.6,1
0,-9.7,-73.7,11
0,-12.9,20.7,42
0,36.3,43.8,5
0,-11.4,-51.2,34
0,51.3,42.8,1
0,-3.5,24.4,194
0,-26.2,-56.1,14
0,44.9,25.9,2
0,14.6,-88.8,1
0,3.4,-72.4,4
0,32.3,69.7,6
0,53.3,-107.8,1
0,45.4,-74.6,2
0,-13.9,27.6,126
0,32.1,50.4,1
0,27.8,109.8,1
0,39.9,47.3,11
0,46.0,38.1,2
0,43.5,21.3,8
0,-8.2,-75.2,37
0,-3.4,-68.4,2
0,-39.2,-72.4,2
0,-12.1,-54.3,4
0,-4.2,22.4,19
0,30.3,118.4,2
0,30.1,67.5,32
0,-18.4,16.2,2
0,-11.1,24.5,174
0,62.8,-117.6,136
0,-1.3,19.1,9
0,40.8,48.4,2
0,-1.5,11.8,2
0,4.2,-69.7,1
0,-10.2,-57.6,7
0,-26.7,-63.4,10
0,46.2,30.6,1
0,-24.7,34.4,12
0,-11.5,-39.9,1
0,32.7,102.5,1
0,31.8,35.4,2
0,12.4,34.0,1
0,17.6,78.0,1
0,5.3,-1.7,6
0,-7.8,112.7,5
0,23.4,79.4,1
0,15.0,78.0,32
0,4.9,-2.6,7
0,19.9,94.1,4
0,-17.5,27.9,6
0,11.5,35.2,2
0,-13.3,31.4,76
0,41.0,-7.9,43
0,51.9,54.1,19
0,52.4,-106.3,1
0,-5.3,119.4,2
0,-29.9,-57.4,2
0,-4.3,143.6,8
0,52.5,59.0,1
0,-16.7,17.5,90
0,-12.7,-51.7,35
0,-8.8,-48.1,43
0,-15.1,26.8,102
0,-19.8,-48.4,2
0,39.1,48.4,4
0,45.4,126.5,1
0,-15.4,13.8,4
0,48.6,115.8,1
0,31.5,75.6,24
0,-29.4,29.9,28
0,15.9,78.9,1
0,-2.5,119.4,8
0,-1.0,18.3,15
0,27.8,67.7,2
0,-8.8,38.9,13
0,-4.7,104.6,9
0,45.8,-73.3,292
0,21.1,81.2,3
0,34.0,-84.1,1
0,22.7,77.0,2
0,-13.9,17.5,22
0,-17.8,138.7,11
0,-25.3,31.2,44
0,-20.2,31.2,12
0,-31.5,23.9,2
0,-15.5,24.7,122
0,7.4,-8.3,1
0,40.6,122.6,6
0,54.8,-101.4,421
0,-25.0,33.9,24
0,14.1,100.2,6
0,-31.2,150.6,11
0,-13.2,-43.8,2
0,-38.5,146.5,1
0,32.1,-90.2,6
0,55.4,-107.6,400
0,-9.3,-60.3,26
0,42.2,123.8,15
0,-8.6,13.3,14
0,10.0,21.2,3
0,11.5,-13.6,31
0,-29.2,-58.9,16
0,-9.3,-61.1,44
0,46.1,40.8,1
0,35.7,44.0,873
0,5.8,-57.0,19
0,42.1,120.8,4
0,-9.6,-73.7,1
0,-4.2,-38.2,17
0,-8.1,-48.1,46
0,45.5,8.8,4
0,33.9,114.8,1
0,-19.3,31.5,5
0,6.5,-10.0,3
0,-14.1,16.0,175
0,29.4,116.0,1
0,-28.5,-59.4,2
0,63.4,102.2,7
0,50.2,125.5,3
0,-11.6,-58.1,2
0,15.0,34.6,2
0,49.6,47.1,1
0,-26.3,26.0,4
0,34.3,-102.2,1
0,-25.8,146.5,29
0,-10.4,18.2,175
0,-13.8,17.1,147
0,-28.9,-58.8,24
0,22.5,-105.1,3
0,52.8,-93.6,32
0,50.7,5.8,1
0,-15.8,22.5,50
0,52.1,50.9,170
0,47.6,-97.5,1
0,8.2,31.8,2
0,-9.3,-57.9,7
0,22.5,-102.2,2
0,-2.9,-49.6,10
0,6.7,-5.2,1
0,-7.3,106.4,1
0,32.0,44.6,11
0,-31.3,150.8,3
0,-7.8,27.9,125
0,-3.3,33.7,1
0,47.7,32.3,6
0,-15.1,-64.8,101
0,31.6,99.9,2
0,-8.8,141.1,1
0,-13.7,14.9,76
0,34.2,115.8,1
0,-29.8,-53.2,3
0,51.7,127.1,10
0,-5.2,-38.1,6
0,-12.4,29.2,173
0,-22.6,-56.1,57
0,52.9,-125.2,11
0,50.5,129.9,2
0,51.4,72.5,1
0,30.6,95.8,1
0,7.1,124.4,1
0,-2.6,33.9,1
0,34.2,3.4,2
0,4.9,-68.2,1
0,47.3,38.4,2
0,-3.5,17.7,191
0,-5.8,-49.1,5
0,30.5,47.6,826
0,-4.4,144.5,2
0,52.8,7.3,1
0,33.8,-83.6,2
0,-15.8,-39.6,1
0,44.8,-0.1,1
0,-8.6,121.5,4
0,-9.0,26.5,153
0,57.9,14.4,1
0,-20.3,-58.4,14
0,-10.8,-47.1,115
0,29.8,106.0,3
0,-32.2,18.7,4
0,41.5,43.4,1
0,21.6,78.9,1
0,52.1,114.1,269
0,-27.3,-52.5,1
0,-9.9,-68.9,6
0,-26.9,153.0,5
0,41.8,-4.9,2
0,31.4,48.5,42
0,39.9,-97.0,1
0,62.0,71.9,2
0,47.3,42.1,14
0,53.4,38.6,3
0,-10.5,-39.7,1
0,19.1,78.0,4
0,-17.4,45.5,133
0,-29.6,-49.9,2
0,15.3,107.6,1
0,-6.0,19.7,160
0,19.2,41.3,1
0,-19.9,-46.3,1
0,-1.7,-48.2,10
0,-14.7,29.4,54
0,-9.7,119.0,8
0,28.5,112.1,3
0,60.4,96.1,2
0,5.2,-57.8,2
0,42.6,-80.6,1
0,-5.6,14.2,121
0,4.8,40.1,1
0,-17.3,46.9,19
0,27.0,68.1,4
0,0.9,102.5,19
0,45.0,16.7,1
0,-2.5,40.7,1
0,1.7,-74.4,2
0,-13.7,132.8,20
0,31.9,15.0,3
0,4.3,-70.1,5
0,-14.3,15.8,173
0,43.9,131.1,1
0,17.2,-93.8,4
0,-5.1,21.7,15
0,53.0,48.3,12
0,-16.3,-69.2,1
0,11.4,0.4,4
0,26.5,118.7,3
0,-11.3,-68.5,1
0,8.4,-8.2,1
0,41.7,-89.4,13
0,11.5,14.8,9
0,-16.7,21.8,124
0,33.8,113.0,33
0,35.7,47.7,2
0,25.3,83.3,2
0,-26.2,-54.5,19
0,42.0,-123.2,5
0,20.8,100.6,7
0,20.7,-98.7,1
0,-18.2,-44.4,2
0,-9.2,37.8,2
0,15.2,108.6,13
0,-15.9,-53.6,4
0,50.5,29.2,2
0,22.0,81.5,4
0,-16.6,-48.1,1
0,11.1,-11.0,2
0,-21.2,45.0,74
0,20.6,-75.2,31
0,-25.9,-50.5,7
0,-27.6,-57.2,20
0,-18.4,-47.2,3
0,-9.0,-61.8,21
0,39.5,-92.6,1
0,-5.5,18.7,85
0,-16.6,-42.6,2
0,9.9,24.6,1
0,-9.9,27.4,175
0,49.8,18.3,1
0,-17.5,-50.7,1
0,10.1,6.6,1
0,-8.9,38.8,3
0,45.0,-84.9,13
0,6.4,-2.1,2
0,-27.2,149.1,2
0,-22.5,-47.1,2
0,-18.2,30.7,24
0,19.6,-101.0,6
0,16.8,36.5,1
0,50.6,21.3,1
0,58.5,15.0,1
0,-23.8,-47.7,5
0,36.4,5.5,1
0,34.5,7.2,107
0,-2.3,-49.3,3
0,33.0,-99.1,4
0,-23.1,-50.7,2
0,37.5,37.6,3
0,-24.2,151.1,7
0,-14.2,32.2,4
0,-17.3,22.5,92
0,-4.5,-59.7,3
0,-29.2,152.3,2
0,-3.6,21.8,3
0,28.4,103.8,1
0,47.7,35.8,4
0,-4.2,16.5,102
0,-7.5,-60.6,16
0,28.4,-109.3,2
0,-11.1,21.7,154
0,-22.7,-50.5,6
0,34.7,-92.3,1
0,-33.1,-70.9,3
0,-13.7,-72.3,9
0,10.6,19.9,2
0,-3.5,35.0,2
0,42.2,19.9,5
0,15.1,108.5,26
0,24.3,99.5,2
0,-27.3,27.6,2
0,-23.4,147.6,62
0,-16.4,45.2,81
0,-41.5,148.1,21
0,-16.8,18.1,68
0,10.5,105.9,1
0,-16.9,22.5,81
0,-4.1,-40.0,1
0,-6.0,37.1,2
0,-13.9,37.1,76
0,-36.8,147.1,1
0,57.2,-124.7,1
0,-6.5,37.6,28
0,44.8,26.0,1
0,-8.9,-41.1,1
0,58.2,-121.9,202
0,12.7,-85.4,1
0,-7.1,-59.9,148
0,-7.9,26.3,222
0,20.7,-89.0,23
0,-12.6,131.2,38
0,-22.8,33.5,36
0,34.7,118.0,86
0,64.1,-148.1,10
0,15.1,-90.3,10
0,-6.3,145.2,50
0,10.6,-71.7,5
0,39.9,41.8,3
0,7.6,81.0,8
0,34.0,117.0,5
0,-13.9,126.9,3
0,-17.5,125.9,4
0,-3.5,-64.8,24
0,8.4,-69.3,1
0,-15.3,24.9,149
0,-4.9,15.7,106
0,-36.6,-62.8,1
0,-17.9,-47.6,1
0,-18.8,22.6,13
0,32.0,20.8,1
0,-1.7,18.6,12
0,-27.1,30.8,43
0,-5.5,-50.0,4
0,-17.7,-52.2,3
0,-12.3,133.6,78
0,-5.1,17.2,158
0,11.6,11.3,1
0,56.7,-103.0,72
0,29.8,71.9,3
0,13.7,-11.6,5
0,53.4,64.5,4
0,-2.0,101.7,3
0,11.3,31.6,1
0,30.7,113.5,14
0,-2.7,30.8,33
0,48.8,16.2,1
0,9.1,20.3,1
0,-15.0,14.8,26
0,-17.4,-61.4,1
0,-4.6,24.2,140
0,20.3,-88.8,4
0,-16.5,23.7,79
0,32.2,120.3,3
0,33.9,113.2,1
0,12.7,22.2,1
0,-36.8,141.0,1
0,-14.8,131.0,5
0,-21.4,120.1,153
0,1.7,34.4,15
0,-18.5,-49.5,1
0,-32.7,-60.4,7
0,47.6,29.3,14
0,61.4,-45.1,2
0,-11.7,-61.9,1
0,3.3,-73.3,1
0,47.6,32.4,3
0,47.8,125.0,1
0,-4.6,39.2,1
0,-5.0,19.1,249
0,22.2,105.6,1
0,7.2,-11.4,4
0,43.5,43.4,1
0,-29.2,-57.6,19
0,7.8,-11.0,5
0,-5.7,122.7,2
0,-15.1,34.4,63
0,-29.3,-59.9,2
0,8.0,-65.8,4
0,24.1,113.9,38
0,-16.4,144.1,23
0,15.4,37.7,2
0,14.0,77.5,1
0,-6.6,-77.5,4
0,20.6,79.9,1
0,21.0,105.9,3
0,10.1,31.7,8
0,-9.4,-38.2,1
0,50.0,82.4,1
0,-13.9,-50.7,4
0,-5.6,146.2,5
0,47.2,39.7,13
0,28.8,76.4,4
0,10.3,25.3,2
0,-0.6,37.6,7
0,-16.2,125.2,99
0,19.2,-89.8,18
0,-23.2,33.4,1
0,-15.3,17.4,174
0,-1.9,9.7,33
0,11.0,-13.2,19
0,-14.4,19.7,23
0,32.8,-97.1,1
0,13.8,-8.7,2
0,31.8,48.0,1
0,-28.3,23.5,56
0,-7.9,131.4,1
0,38.7,36.2,1
0,-1.7,102.5,1
0,-13.4,-45.8,4
0,70.8,74.5,3
0,-8.3,35.1,58
0,-23.0,-45.3,1
0,-23.9,147.5,3
0,-18.8,123.2,132
0,-24.5,33.1,2
0,-9.0,29.6,94
0,-11.8,27.7,183
0,29.3,-99.2,7
0,-15.1,38.9,29
0,34.5,-88.7,5
0,6.9,-66.1,1
0,23.7,-106.6,1
0,-2.2,-78.9,1
0,49.5,31.9,2
0,-10.4,-42.0,1
0,-1.9,35.1,52
0,37.0,-85.0,1
0,-16.2,-49.1,1
0,-25.4,27.7,35
0,-28.1,-64.5,13
0,-28.0,31.7,15
0,12.1,3.5,2
0,52.9,122.5,4
0,48.5,39.1,6
0,25.7,117.7,5
0,38.3,69.2,7
0,-11.6,16.9,203
0,19.5,-99.2,4
0,41.0,14.1,18
0,18.3,-100.2,5
0,17.6,34.0,3
0,45.7,11.3,4
0,-2.9,25.3,20
0,-7.7,-46.3,189
0,-8.9,146.7,2
0,-22.7,-52.1,1
0,40.0,-83.0,1
0,-9.7,-67.8,5
0,-13.0,38.6,64
0,2.3,34.8,1
0,-34.5,147.6,7
0,31.4,-84.3,3
0,5.7,22.8,1
0,-7.6,31.5,8
0,28.7,21.3,267
0,-9.6,124.2,1
0,48.0,125.7,5
0,-15.9,130.2,133
0,-18.2,-41.6,2
0,54.8,36.2,3
0,55.2,32.8,1
0,43.7,94.9,22
0,60.7,70.0,137
0,9.9,-12.1,1
0,33.7,-96.8,1
0,28.1,116.8,6
0,22.9,88.4,1
0,59.0,28.1,77
0,55.2,-119.4,6
0,33.9,-78.9,2
0,10.6,29.8,2
0,16.6,-98.2,3
0,-17.1,128.5,18
0,39.5,47.9,9
0,31.9,-100.8,5
0,12.5,-84.1,7
0,47.6,87.2,1
0,14.4,36.5,34
0,12.2,33.1,14
0,-10.8,-48.8,37
0,48.0,81.0,12
0,23.8,79.8,1
0,-10.9,-73.1,2
0,-8.2,32.6,19
0,41.1,44.3,1
0,-21.8,-50.7,3
0,-17.9,-61.1,18
0,30.9,31.3,3
0,-23.5,21.3,48
0,-23.4,-52.0,12
0,-5.7,35.9,5
0,-1.7,36.5,6
0,-14.7,-44.7,1
0,36.6,22.8,14
0,59.2,-122.4,23
0,48.7,124.3,1
0,-7.4,13.4,63
0,30.3,114.0,3
0,-5.5,16.1,184
0,-12.6,134.0,72
0,13.2,-16.4,4
0,-2.2,40.7,3
0,43.0,-92.1,1
0,48.4,126.1,5
0,-42.3,147.4,1
0,39.2,109.2,6
0,43.8,121.7,2
0,47.2,18.9,10
0,-21.7,-48.9,1
0,-13.6,34.9,93
0,15.0,-11.2,23
0,-11.9,38.3,125
0,-15.9,131.8,80
0,-11.4,25.2,166
0,38.5,-121.4,2
0,7.8,-9.5,3
0,6.2,-69.1,11
0,-27.0,-57.8,3
0,54.0,-105.0,868
0,-6.5,-62.6,7
0,20.2,-103.8,7
0,33.1,-80.2,3
0,-8.3,-38.1,2
0,-4.1,-58.4,1
0,-4.5,26.6,178
0,44.8,85.9,2
0,33.2,-111.6,28
0,42.7,-94.0,3
0,-1.4,38.4,10
0,-14.8,-68.6,3
0,45.1,-94.8,1
0,-5.0,-62.5,1
0,-1.1,-52.2,1
0,-16.3,26.5,16
0,9.0,-62.8,3
0,-10.3,-52.7,1
0,-9.5,26.8,224
0,-15.2,-69.9,2
0,-29.9,-59.5,6
0,-0.9,23.4,9
0,32.0,73.8,5
0,-11.7,16.8,223
0,28.8,-82.4,4
0,11.1,21.9,1
0,-2.6,26.6,51
0,-21.0,32.3,3
0,8.1,-72.9,7
0,11.2,32.7,2
0,-17.5,-70.1,1
0,-27.8,-51.0,19
0,39.6,49.0,2
0,-23.5,46.4,41
0,-32.2,147.8,2
0,-6.7,16.8,178
0,-15.8,129.9,13
0,24.9,106.4,1
0,41.8,-84.2,1
0,42.6,-97.1,1
0,25.0,78.7,2
0,-14.6,-57.3,3
0,40.4,124.0,7
0,51.2,111.6,16
0,-17.0,16.3,36
0,21.1,102.4,4
0,64.9,-146.0,11
0,21.8,85.5,3
0,18.2,-89.4,9
0,53.3,-117.7,3
0,32.3,112.4,6
0,-13.7,-71.8,6
0,-11.5,21.4,96
0,-27.3,30.8,31
0,-28.0,152.1,4
0,1.4,23.7,8
0,53.0,-7.0,2
0,30.5,-99.2,3
0,14.5,-88.9,2
0,-37.7,143.9,2
0,32.1,6.5,3
0,-23.1,-56.6,10
0,-21.4,-46.0,1
0,-1.0,16.1,29
0,-11.1,-37.1,1
0,32.8,-104.4,34
0,21.4,81.3,2
0,-21.2,-54.5,2
0,40.7,-115.7,1
0,44.2,87.5,1
0,47.7,1.5,2
0,-31.5,-60.1,4
0,-6.1,23.8,127
0,-21.0,127.8,10
0,6.3,0.7,3
0,31.1,-90.5,4
0,37.5,66.0,4
0,7.5,-72.7,1
0,-21.6,-43.2,1
0,6.6,-69.2,7
0,49.4,84.6,4
0,-29.3,-50.8,12
0,31.4,48.3,61
0,59.3,57.2,1
0,10.4,-13.0,6
0,-14.8,-52.4,1
0,42.2,13.8,4
0,-26.5,-69.5,37
0,4.0,96.9,4
0,2.9,113.7,2
0,-10.9,-73.2,18
0,-11.3,22.8,141
0,33.2,43.7,3
0,45.7,133.3,1
0,52.5,-7.6,1
0,21.8,109.7,5
0,52.1,56.6,1
0,42.8,-74.0,1
0,-15.0,18.8,28
0,38.5,-76.2,2
0,-31.4,148.4,55
0,43.4,132.1,2
0,-17.1,34.4,85
0,-25.5,150.3,31
0,22.1,84.7,1
0,-3.1,13.8,6
0,-27.4,-53.0,7
0,-7.4,36.4,11
0,-19.3,47.4,2
0,-16.0,30.5,36
0,49.0,39.6,3
0,30.2,68.3,1
0,-27.6,-55.9,13
0,-32.8,149.0,5
0,-2.7,110.9,3
0,-17.1,23.1,145
0,32.4,-101.4,17
0,-12.6,-64.9,3
0,-26.4,-68.5,1
0,-13.4,15.9,126
0,37.0,-96.4,1
0,-13.8,-47.8,21
0,-7.1,25.5,166
0,37.7,-99.6,2
0,-23.0,-49.0,17
0,7.0,19.3,4
0,16.9,42.6,92
0,-8.1,142.8,7
0,-24.0,30.4,2
0,-12.0,14.3,210
0,38.2,27.8,49
0,-23.0,-48.8,1
0,-15.8,-55.9,1
0,20.4,-89.7,7
0,-5.5,-50.2,1
0,-6.8,108.5,5
0,-0.8,22.0,6
0,-21.5,149.1,1
0,14.1,101.1,1
0,32.2,-81.6,1
0,11.2,-70.2,2
0,-32.5,-60.9,3
0,-35.3,-63.7,1
0,-10.8,14.4,56
0,-1.0,18.7,11
0,-10.8,39.8,1
0,32.0,117.8,1
0,35.8,8.5,3
0,41.0,-81.3,1
0,-12.4,17.0,155
0,38.4,-82.7,1
0,-21.2,-44.2,8
0,57.1,-96.7,19
0,5.0,-71.1,7
0,-30.3,-52.9,1
0,-23.2,142.4,2
0,40.0,-104.9,70
0,-14.7,29.1,93
0,52.5,-92.3,11
0,17.5,77.6,1
0,-11.0,-53.4,4
0,43.3,17.3,10
0,10.9,106.2,5
0,-36.0,-72.3,2
0,49.9,35.7,1
0,20.6,-98.5,1
0,44.5,46.8,466
0,-18.6,34.2,116
0,51.9,32.4,23
0,27.9,-107.4,51
0,-10.1,34.5,4
0,-23.1,33.5,17
0,-24.3,-61.3,1
0,41.0,45.5,1
0,-24.6,28.3,2
0,-9.7,-49.7,2
0,-14.0,-58.5,6
0,49.7,-123.2,3
0,-8.7,30.1,97
0,-0.5,116.3,5
0,-22.1,125.2,2
0,-21.3,-45.3,5
0,10.3,38.7,30
0,-30.3,152.1,1
0,-6.5,22.7,86
0,29.9,-82.7,6
0,33.9,133.5,9
0,11.5,-12.1,3
0,-30.0,27.1,6
0,-17.3,-53.3,1
0,40.5,16.9,7
0,40.8,33.2,1
0,-1.7,-44.9,6
0,37.0,126.5,1
0,-8.3,27.8,192
0,-22.5,150.1,2
0,11.6,36.1,8
0,30.9,-111.6,2
0,-15.5,-52.9,28
0,-3.2,115.4,1
0,36.8,40.1,1
0,-21.3,120.2,48
0,25.5,69.2,3
0,-9.4,17.3,331
0,0.7,33.1,2
0,5.1,-70.7,13
0,-8.5,-47.6,95
0,-28.5,153.5,2
0,50.6,40.5,2
0,31.7,-96.2,6
0,-32.7,116.5,7
0,49.6,38.2,35
0,7.7,80.5,1
0,-35.7,139.6,2
0,-4.1,105.2,1
0,-6.2,30.8,48
0,-18.9,-54.7,2
0,-10.5,24.0,241
0,20.2,-100.1,2
0,8.3,-72.6,11
0,58.6,52.2,4
0,45.5,122.9,2
0,48.1,-99.7,1
0,-25.0,151.1,2
0,-28.2,30.8,8
0,-9.0,-75.1,53
0,30.0,-83.0,3
0,6.9,16.5,2
0,4.0,-76.4,1
0,-8.9,38.5,39
0,-17.6,-41.8,3
0,42.1,-123.1,16
0,1.2,100.1,1
0,-26.6,151.9,21
0,20.9,-100.4,1
0,32.5,116.5,18
0,-33.9,24.4,23
0,35.7,5.8,1
0,15.9,0.2,2
0,-17.9,18.9,11
0,51.8,49.5,3
0,65.6,-123.5,408
0,-13.2,49.4,8
0,-13.8,25.7,130
0,1.0,-75.5,1
0,37.7,108.8,1
0,48.9,124.6,4
0,14.5,99.4,1
0,25.6,83.7,1
0,-1.9,17.1,22
0,-19.5,-60.8,1
0,36.8,7.7,6
0,30.6,74.6,4
0,-19.9,33.0,117
0,-32.8,115.6,4
0,28.9,106.6,22
0,39.7,8.6,7
0,39.7,44.7,3
0,34.3,117.4,6
0,-9.5,29.7,240
0,60.6,-2.6,6
0,52.6,-125.8,160
0,0.3,111.6,4
0,57.1,-114.2,412
0,-12.5,36.6,174
0,-3.9,119.5,1
0,-13.4,40.2,213
0,-4.0,115.0,1
0,-1.2,41.4,1
0,5.2,35.5,5
0,41.1,-95.1,1
0,34.5,109.4,3
0,46.8,-118.8,5
0,39.5,141.9,2
0,35.3,-91.2,4
0,15.0,108.3,17
0,41.7,20.1,373
0,-8.4,14.9,79
0,33.0,-101.2,2
0,62.8,113.5,52
0,9.3,40.0,1
0,51.0,27.7,3
0,-8.9,117.3,2
0,-16.2,18.1,25
0,-12.2,-43.2,9
0,-5.8,23.1,64
0,35.2,-5.9,1
0,-15.0,132.4,278
0,33.4,-102.1,1
0,-38.2,-69.1,8
0,-14.6,40.7,6
0,-17.3,29.9,22
0,-42.3,-66.4,1
0,-1.9,114.5,2
0,-29.2,29.4,6
0,9.1,77.8,9
0,-21.1,27.5,23
0,-22.2,-42.3,1
0,49.9,63.0,1
0,4.1,-70.3,2
0,-5.2,20.2,57
0,46.4,1.2,1
0,18.3,79.8,4
0,-16.2,24.3,72
0,34.4,117.3,1
0,29.3,51.2,9
0,13.8,-86.2,16
0,57.0,64.6,5
0,6.0,21.1,3
0,-6.8,131.5,2
0,7.4,124.4,1
0,24.6,77.1,4
0,53.1,78.1,1
0,-7.9,38.9,10
0,-21.5,-47.3,2
0,47.9,16.8,5
0,1.0,104.1,1
0,-8.9,-41.0,4
0,-17.6,22.1,210
0,46.8,29.3,8
0,-2.0,-80.4,6
0,-33.7,-58.7,3
0,-15.8,12.0,2
0,53.7,34.7,6
0,24.1,102.7,1
0,41.8,-7.8,22
0,-16.6,130.4,316
0,-35.3,145.3,1
0,-19.7,20.4,44
0,57.3,90.3,8
0,-1.0,122.8,1
0,15.9,39.9,1
0,66.4,138.9,4
0,-2.8,18.6,6
0,8.8,-62.6,4
0,-19.6,-57.0,2
0,-4.5,23.3,3
0,33.2,46.8,3
0,-28.2,-55.7,3
0,-15.5,32.3,83
0,48.3,-98.5,1
0,33.0,129.9,3
0,12.0,11.8,2
0,-35.4,143.6,2
0,-10.2,-64.5,4
0,25.3,79.1,4
0,-12.7,24.5,76
0,-9.6,39.0,38
0,51.6,70.1,1
0,39.3,-5.1,3
0,48.0,31.6,3
0,24.7,109.1,3
0,-6.6,31.8,130
0,20.5,-76.9,2
0,18.8,-88.6,7
0,-5.0,32.3,5
0,45.0,34.8,2
0,9.8,28.0,2
0,40.5,-91.2,1
0,-27.1,-54.4,69
0,47.6,-97.2,3
0,-14.1,16.7,125
0,26.4,119.5,2
0,-6.2,28.2,118
0,-14.7,23.8,170
0,12.0,6.1,1
0,51.4,127.5,30
0,-7.4,32.9,145
0,58.6,-118.8,14
0,-2.8,16.9,83
0,-15.7,-61.0,12
0,25.7,84.0,1
0,-10.6,20.5,133
0,18.9,104.2,2
0,-14.2,32.7,27
0,30.6,119.5,1
0,47.4,-120.2,8
0,-9.6,21.5,168
0,-26.0,113.5,3
0,50.6,71.3,5
0,31.4,-95.6,6
0,51.8,-1.4,1
0,17.3,-94.4,1
0,-9.4,34.6,26
0,-27.1,150.0,1
0,-7.8,-42.0,2
0,34.3,35.6,2
0,-16.6,-43.4,2
0,37.4,-93.0,3
0,50.4,57.8,1
0,47.4,33.0,2
0,5.9,100.7,1
0,52.5,34.5,1
0,30.2,-97.3,1
0,0.7,23.8,2
0,-32.7,-68.5,1
0,34.8,-88.2,1
0,31.2,-92.5,1
0,-24.1,29.2,1
0,-12.1,-72.9,9
0,-15.7,143.3,6
0,-22.5,15.2,5
0,-2.0,18.2,3
0,31.0,32.7,1
0,4.3,-7.8,4
0,19.4,74.0,2
0,30.7,117.6,30
0,34.6,-111.4,56
0,37.5,-94.0,1
0,12.3,27.0,1
0,-33.7,-62.2,1
0,-11.2,-75.3,1
0,64.2,-136.2,2
0,-14.7,132.3,138
0,11.0,-12.9,1
0,13.2,26.8,3
0,13.0,-14.0,2
0,34.4,50.7,1
0,-7.4,-63.2,1
0,34.5,0.8,3
0,-38.1,177.9,10
0,13.5,-2.0,4
0,13.3,27.1,5
0,37.7,32.4,1
0,-2.6,104.1,20
0,26.7,113.1,1
0,7.9,-73.6,1
0,37.7,-77.2,1
0,54.1,37.2,1
0,-26.1,28.1,44
0,11.3,14.5,9
0,55.1,107.9,37
0,47.3,34.7,34
0,30.0,120.6,6
0,55.5,78.4,5
0,40.7,13.8,2
0,-24.2,147.3,5
0,-4.8,22.1,96
0,-17.6,21.8,138
0,-5.5,33.1,8
0,-20.5,-58.5,7
0,31.1,105.7,1
0,8.9,37.2,1
0,5.5,-67.6,3
0,9.9,25.8,13
0,31.1,112.5,2
0,52.9,-114.3,2
0,49.9,127.8,4
0,40.3,68.8,2
0,-11.4,29.1,194
0,25.3,-100.0,26
0,-4.0,32.2,20
0,53.7,34.1,1
0,18.4,-77.8,3
0,2.0,100.5,120
0,41.0,117.5,3
0,-16.3,28.2,28
0,-6.8,32.7,142
0,22.6,78.1,1
0,43.2,-81.7,6
0,-12.8,-47.5,7
0,36.5,36.6,8
0,-26.2,31.9,30
0,12.7,103.1,2
0,-24.7,44.1,3
0,29.3,102.5,1
0,-14.0,-56.0,2
0,-10.3,-74.9,55
0,41.3,36.2,2
0,-8.3,147.2,2
0,-30.5,27.6,4
0,-19.9,-45.0,26
0,8.9,-7.2,1
0,43.7,23.0,3
0,52.5,93.6,1
0,30.0,74.6,8
0,-28.5,151.9,4
0,57.3,32.1,3
0,-32.9,136.3,1
0,18.0,121.3,5
0,53.8,110.0,10
0,-21.7,18.4,1
0,13.7,-87.5,10
0,40.0,46.5,5
0,35.7,-91.3,5
0,34.9,-99.9,1
0,32.2,50.0,3
0,-10.8,-48.7,78
0,8.3,99.9,1
0,-21.1,18.5,1
0,-22.3,119.6,1
0,38.4,42.1,6
0,38.0,59.0,1
0,-10.0,-59.0,2
0,3.1,19.9,10
0,-33.6,26.1,3
0,53.1,25.9,1
0,44.1,43.3,24
0,30.3,50.3,201
0,-12.8,24.3,38
0,39.0,65.3,4
0,-7.3,25.6,190
0,-24.8,-63.1,25
0,26.0,101.7,14
0,-1.4,-45.9,2
0,30.6,-93.7,15
0,35.1,36.2,39
0,-3.4,20.0,93
0,-8.8,115.8,6
0,45.6,126.4,8
0,25.0,121.7,1
0,3.3,99.0,1
0,-9.9,-53.3,92
0,-13.4,20.0,26
0,-3.5,21.5,2
0,-23.6,141.9,1
0,-34.3,118.1,3
0,-33.0,25.6,2
0,35.1,-102.3,1
4,10.9,77.6,9
4,21.3,100.8,25
4,13.9,36.7,4
4,12.1,33.7,8
4,24.6,116.9,1
4,6.6,25.1,174
4,41.5,108.5,1
4,26.2,115.3,2
4,21.9,-99.0,7
4,38.7,117.0,10
4,-34.0,137.7,1
4,-15.6,-72.3,2
4,-18.9,48.7,1
4,27.7,67.0,1
4,3.6,28.7,120
4,51.5,128.7,11
4,10.2,-69.3,8
4,43.7,46.4,9
4,-4.4,23.1,1
4,-32.8,27.9,1
4,-11.4,-37.7,1
4,-6.6,-39.6,3
4,10.9,11.4,38
4,-33.3,-66.4,6
4,34.2,-94.8,2
4,3.4,26.8,37
4,8.7,-82.7,1
4,30.2,73.3,1
4,-24.6,29.1,9
4,5.1,8.1,8
4,8.1,12.3,27
4,28.3,55.9,8
4,-5.9,-42.6,5
4,14.3,-10.8,6
4,-32.4,117.6,2
4,40.5,-124.4,4
4,3.3,28.9,75
4,12.1,125.0,2
4,13.3,-12.3,68
4,39.7,64.5,1
4,7.7,32.6,148
4,9.5,26.6,23
4,7.4,4.7,2
4,4.1,12.1,1
4,10.0,1.7,5
4,11.3,4.5,9
4,-27.8,-63.8,1
4,12.9,102.3,3
4,10.2,7.5,13
4,8.4,-8.8,170
4,8.1,-62.5,6
4,10.6,37.1,34
4,31.9,106.6,2
4,54.5,22.4,1
4,7.7,-70.5,4
4,31.8,73.0,11
4,48.5,37.6,6
4,-5.2,-40.2,2
4,6.9,-62.5,4
4,17.5,80.1,9
4,4.1,22.3,30
4,29.5,55.7,7
4,42.3,59.6,1
4,-5.0,22.6,6
4,-36.1,-57.5,13
4,-1.9,-80.1,3
4,22.4,84.3,2
4,-38.6,-72.2,9
4,7.3,11.2,120
4,44.3,40.7,3
4,15.7,105.4,9
4,39.5,48.3,1
4,17.0,99.7,5
4,-28.3,114.8,8
4,26.0,83.6,2
4,15.6,104.7,5
4,-5.6,25.2,3
4,11.4,-10.7,60
4,14.0,-12.0,3
4,20.9,71.0,3
4,7.4,-0.8,204
4,-14.5,-45.6,2
4,34.7,119.1,3
4,31.3,119.0,2
4,19.2,75.8,26
4,25.3,73.2,11
4,12.2,1.3,1
4,13.7,78.9,14
4,4.6,14.4,33
4,44.6,122.9,5
4,25.4,111.1,2
4,17.9,-94.2,7
4,-16.4,-58.7,19
4,9.3,35.3,3
4,3.7,-70.6,1
4,6.0,-7.9,1
4,20.0,79.5,2
4,1.3,31.8,15
4,13.6,106.8,29
4,11.6,30.7,23
4,6.9,17.0,60
4,11.0,77.9,2
4,17.4,-91.2,1
4,7.8,122.2,2
4,7.8,23.7,109
4,20.2,99.1,3
4,27.3,71.6,1
4,20.9,97.4,3
4,25.8,-108.4,1
4,-26.3,28.3,3
4,24.3,96.9,20
4,-7.2,-46.5,1
4,25.4,117.6,14
4,24.1,104.2,53
4,35.0,0.8,1
4,32.2,-95.2,2
4,25.5,68.5,24
4,37.2,61.2,10
4,8.4,12.4,72
4,40.5,-74.6,1
4,9.5,-69.9,3
4,-0.6,-80.3,3
4,-17.5,128.3,4
4,7.5,-8.7,4
4,11.1,105.0,4
4,-18.9,46.2,1
4,54.7,-119.1,1
4,9.8,24.9,42
4,9.6,-7.8,34
4,-36.1,-66.2,1
4,37.2,37.0,1
4,-9.9,-36.8,1
4,20.0,99.5,23
4,24.2,103.7,13
4,25.5,83.0,2
4,20.6,76.4,2
4,15.8,105.0,2
4,33.2,-90.1,6
4,42.2,123.8,5
4,41.7,111.3,1
4,51.6,-115.0,5
4,17.6,95.4,1
4,5.8,6.5,43
4,-6.5,-51.6,1
4,13.8,36.7,18
4,49.5,38.7,3
4,22.9,81.8,4
4,-4.4,18.4,2
4,11.6,105.1,5
4,26.7,-81.7,4
4,-7.3,23.5,2
4,11.9,21.6,1
4,23.3,106.5,4
4,4.5,114.5,2
4,-11.2,-38.7,2
4,-3.5,-43.7,10
4,13.3,77.7,8
4,-16.0,-46.0,2
4,-7.4,24.2,2
4,-17.6,-65.9,3
4,-2.3,-53.7,3
4,10.7,-10.7,63
4,23.7,111.7,1
4,37.1,-121.7,5
4,-14.1,127.4,2
4,-2.7,19.5,1
4,10.2,-10.6,74
4,33.4,106.3,1
4,8.0,-64.2,3
4,21.2,70.3,3
4,19.1,98.7,5
4,17.3,80.0,3
4,-6.6,-76.5,3
4,-17.9,20.6,3
4,25.0,92.3,8
4,25.8,-98.3,5
4,5.2,10.4,17
4,28.0,69.1,16
4,31.6,76.3,2
4,-2.1,21.1,1
4,12.9,74.8,2
4,16.9,-96.6,6
4,39.5,117.4,4
4,15.9,94.3,1
4,26.6,100.8,3
4,45.0,123.8,3
4,-33.1,137.6,7
4,-34.6,144.3,2
4,31.5,70.6,31
4,13.9,35.1,2
4,-0.9,-74.9,1
4,12.7,5.4,3
4,26.5,91.5,1
4,6.3,-71.1,1
4,-6.0,19.5,4
4,2.7,98.0,6
4,7.4,22.9,38
4,13.7,-2.1,6
4,42.6,-122.1,1
4,28.4,70.2,19
4,-3.5,17.0,9
4,51.7,59.6,1
4,17.9,95.1,39
4,6.2,5.6,2
4,20.7,73.0,1
4,8.5,-67.0,36
4,10.5,-2.1,149
4,38.8,-96.5,23
4,44.7,127.9,8
4,35.2,-89.2,4
4,37.8,63.1,1
4,25.9,-106.0,1
4,0.0,35.6,11
4,-1.6,110.7,4
4,-10.1,13.4,7
4,-34.4,-71.8,2
4,-3.3,-39.7,9
4,3.2,11.3,3
4,40.1,-97.4,1
4,-0.6,115.9,1
4,12.0,33.0,17
4,-29.2,-58.7,3
4,11.2,122.4,1
4,-11.0,-47.8,4
4,29.1,-97.9,3
4,14.3,-15.6,1
4,9.3,30.5,1
4,30.2,75.0,1
4,0.4,110.8,2
4,-13.0,-66.4,20
4,13.2,29.5,6
4,-23.6,-47.0,1
4,-2.7,11.4,14
4,43.6,11.8,1
4,19.5,95.8,15
4,8.1,33.9,77
4,18.7,73.5,12
4,7.4,30.0,198
4,14.0,5.7,3
4,7.2,40.4,4
4,9.0,-4.0,37
4,9.6,-6.1,8
4,9.6,16.2,90
4,44.8,126.9,13
4,45.0,122.5,2
4,52.7,-114.0,1
4,-23.6,46.7,11
4,57.0,29.9,4
4,21.3,-102.5,1
4,14.2,76.6,1
4,5.3,23.6,5
4,32.5,-95.1,7
4,-22.2,-62.6,9
4,13.6,108.0,4
4,36.7,49.3,2
4,33.9,-82.8,1
4,-27.1,149.1,6
4,5.3,22.1,3
4,11.9,103.1,3
4,41.4,122.9,17
4,39.8,44.7,1
4,52.1,-109.1,1
4,10.0,-3.2,31
4,52.1,71.7,4
4,33.4,117.0,4
4,-5.9,29.1,1
4,44.7,16.9,4
4,-18.5,-49.3,1
4,-8.1,13.9,3
4,-4.6,16.6,2
4,9.4,24.7,22
4,32.5,48.2,9
4,7.5,125.0,2
4,38.7,-91.4,6
4,24.1,107.1,2
4,28.5,76.4,2
4,24.7,112.4,1
4,11.3,-6.1,6
4,15.7,76.1,2
4,21.1,-78.5,38
4,6.7,-68.0,34
4,4.2,16.1,11
4,-33.9,148.0,1
4,-8.7,-74.3,2
4,3.6,25.4,9
4,23.8,110.7,8
4,32.7,74.3,1
4,8.3,9.2,16
4,38.1,115.2,2
4,53.2,12.5,1
4,52.4,67.2,1
4,15.9,98.5,17
4,23.2,109.3,5
4,44.4,124.1,3
4,15.8,75.6,18
4,-6.9,17.1,6
4,19.2,80.4,18
4,-28.7,147.7,2
4,-20.5,48.5,1
4,54.6,67.4,4
4,6.2,8.1,14
4,3.4,34.0,22
4,15.0,76.8,61
4,54.0,-115.8,1
4,25.6,100.7,3
4,6.9,8.9,2
4,-33.7,122.5,25
4,13.7,-8.2,15
4,25.0,115.3,1
4,6.0,-0.1,7
4,52.2,83.7,5
4,-25.2,29.3,6
4,1.3,-60.8,18
4,37.1,62.4,1
4,19.6,102.8,7
4,4.7,11.7,2
4,11.9,105.7,27
4,14.1,108.3,15
4,-11.0,-55.4,1
4,39.2,-89.2,1
4,21.7,87.8,1
4,-10.3,14.3,30
4,-30.3,-63.0,6
4,11.6,22.1,6
4,45.9,131.5,4
4,20.3,74.8,1
4,-3.4,-61.3,1
4,39.2,-95.0,1
4,42.1,-120.4,2
4,8.4,41.1,1
4,15.0,101.1,39
4,21.2,78.7,9
4,4.7,33.0,46
4,7.6,6.0,4
4,9.8,-10.2,176
4,37.7,62.4,1
4,-20.4,48.1,2
4,-2.1,119.4,5
4,16.7,-94.8,2
4,9.6,10.1,45
4,19.8,98.4,23
4,4.2,32.1,100
4,-8.7,-74.8,1
4,9.7,-8.1,41
4,8.3,22.8,98
4,45.9,127.2,9
4,-6.1,21.2,10
4,7.2,16.1,70
4,14.0,-15.0,28
4,25.3,93.5,10
4,32.1,115.6,2
4,42.0,-93.9,1
4,45.9,79.4,2
4,8.6,-68.6,10
4,11.5,-12.1,20
4,-28.7,148.1,1
4,59.7,31.6,2
4,-26.4,-57.4,10
4,-2.9,-57.0,3
4,6.5,-63.0,6
4,21.7,83.1,111
4,10.6,2.9,58
4,-32.3,28.8,1
4,46.2,125.3,28
4,-31.7,-59.6,8
4,36.5,-93.1,12
4,33.3,126.4,1
4,-5.6,16.5,6
4,16.5,98.7,6
4,5.9,-3.2,2
4,6.3,-7.6,1
4,18.8,97.7,5
4,24.7,115.0,4
4,8.9,-69.3,10
4,-12.1,21.8,1
4,4.4,27.5,19
4,14.8,-87.5,1
4,8.4,-5.6,30
4,0.4,25.4,9
4,8.6,15.8,20
4,-5.8,112.9,2
4,-11.5,21.8,1
4,28.7,108.4,1
4,30.1,-96.1,1
4,31.7,121.4,5
4,-22.0,45.1,1
4,-30.4,151.9,1
4,10.4,6.7,44
4,31.1,-115.7,2
4,13.4,103.3,10
4,6.9,30.8,11
4,11.2,21.7,36
4,41.7,-99.2,2
4,37.2,115.0,3
4,-14.3,49.6,2
4,21.3,80.0,3
4,26.9,101.0,4
4,10.5,25.5,65
4,-2.2,-46.7,3
4,20.3,102.4,16
4,8.8,-74.6,1
4,39.8,106.7,3
4,18.9,74.4,2
4,-20.9,44.4,16
4,-29.6,115.9,23
4,22.7,97.3,29
4,20.2,98.7,27
4,48.0,132.0,6
4,19.4,84.1,1
4,20.5,99.9,28
4,13.7,-2.8,1
4,-8.3,141.6,1
4,55.0,21.7,5
4,33.0,-87.2,1
4,-10.7,-44.8,2
4,53.8,60.9,1
4,-2.8,-52.7,1
4,7.8,29.1,45
4,-4.4,25.9,14
4,-4.3,-46.8,1
4,36.2,-95.8,1
4,15.9,-93.8,4
4,6.6,3.0,1
4,-13.6,-66.1,2
4,43.1,-79.4,1
4,30.8,50.0,3
4,7.2,-4.8,22
4,40.4,-97.9,1
4,-5.2,17.5,31
4,42.3,121.1,1
4,-8.0,16.9,9
4,-10.2,21.8,1
4,28.6,-97.0,13
4,53.3,66.5,1
4,24.8,106.3,1
4,-19.6,33.5,2
4,-26.0,-49.9,1
4,24.5,79.7,21
4,-6.7,139.3,8
4,26.0,110.9,1
4,11.2,2.0,9
4,18.5,-70.7,1
4,13.6,-2.2,4
4,21.1,104.1,4
4,7.5,-71.0,8
4,8.6,-78.6,3
4,-20.5,120.3,4
4,27.4,53.8,1
4,0.5,34.0,3
4,24.0,48.3,8
4,34.4,116.9,1
4,1.3,29.9,35
4,39.0,-94.5,2
4,-33.0,151.1,2
4,7.1,-1.1,18
4,40.8,120.6,2
4,17.1,98.4,53
4,35.7,-91.4,1
4,3.6,27.3,18
4,7.5,6.1,5
4,22.4,93.0,5
4,40.3,106.7,1
4,7.7,15.3,47
4,19.5,80.5,14
4,6.5,-7.7,1
4,6.2,34.2,172
4,46.1,127.7,1
4,-25.1,-63.0,2
4,-7.2,-79.4,4
4,15.0,77.7,11
4,27.4,77.3,1
4,-32.6,117.5,2
4,-2.3,101.2,11
4,14.2,-86.6,7
4,42.1,86.8,1
4,32.8,75.8,1
4,53.1,65.5,2
4,37.6,114.2,9
4,27.2,118.8,4
4,-25.8,-56.4,2
4,7.3,19.9,147
4,24.1,77.2,4
4,38.8,-92.4,1
4,39.9,-95.2,1
4,8.6,12.8,60
4,10.3,-9.2,56
4,6.1,-57.6,1
4,-26.2,27.7,2
4,18.4,104.1,13
4,13.7,103.8,29
4,21.8,96.6,59
4,18.4,83.0,3
4,7.5,-67.7,8
4,35.1,59.8,4
4,5.1,-61.8,8
4,12.7,-13.6,152
4,12.6,-12.7,65
4,13.6,35.7,6
4,18.7,96.4,2
4,17.8,79.6,2
4,46.5,126.5,2
4,30.1,-91.0,26
4,54.8,31.2,9
4,-3.6,104.3,1
4,-36.9,142.8,14
4,37.3,-91.6,3
4,-8.6,39.0,5
4,48.6,125.8,2
4,23.5,84.5,4
4,10.8,27.6,3
4,-30.4,30.4,4
4,32.3,119.3,1
4,21.8,111.5,1
4,23.6,97.9,7
4,10.7,78.3,2
4,4.9,37.8,2
4,-16.3,-67.7,1
4,15.5,-89.4,2
4,44.5,132.6,8
4,34.6,-98.9,2
4,8.0,24.4,58
4,11.4,13.7,9
4,32.6,-94.2,15
4,19.3,101.0,8
4,13.3,106.0,5
4,7.7,20.3,98
4,44.7,129.0,3
4,29.7,77.9,2
4,16.7,-15.2,1
4,18.1,83.3,4
4,28.3,51.5,1
4,8.0,11.1,78
4,20.5,96.2,53
4,-3.6,24.8,1
4,28.5,-80.7,1
4,-0.8,15.5,1
4,-17.8,126.5,1
4,5.5,36.0,21
4,45.2,125.9,27
4,49.0,22.9,2
4,29.8,-95.7,1
4,-4.0,23.9,4
4,35.1,-78.5,6
4,6.2,14.3,50
4,1.0,121.5,3
4,-31.3,-63.3,1
4,25.6,82.3,4
4,-16.1,126.1,8
4,23.7,104.3,7
4,21.3,82.3,10
4,12.6,-87.0,49
4,-9.6,13.7,3
4,30.6,-88.5,15
4,13.1,36.6,3
4,-6.8,-39.0,1
4,-3.5,39.9,1
4,10.1,-8.4,161
4,-1.8,111.4,1
4,2.6,19.5,37
4,-3.7,24.7,16
4,-4.3,19.0,4
4,4.2,-71.5,37
4,41.7,86.5,1
4,24.3,101.5,2
4,38.9,-96.2,19
4,23.0,-105.3,1
4,40.1,122.0,2
4,-22.7,145.2,19
4,36.5,-5.8,1
4,32.0,117.9,2
4,13.9,104.7,254
4,17.8,106.0,8
4,47.4,122.0,3
4,21.3,71.4,3
4,43.4,88.0,3
4,30.1,79.3,14
4,47.4,123.5,1
4,12.7,-0.2,7
4,16.0,74.3,19
4,19.2,77.1,20
4,7.4,12.7,14
4,60.4,96.2,265
4,38.8,15.2,3
4,-27.7,-51.3,11
4,-26.4,-60.6,2
4,14.0,103.8,70
4,18.5,-99.2,14
4,8.9,-64.1,6
4,51.7,61.2,1
4,18.2,-93.5,13
4,37.0,115.1,4
4,47.9,124.1,12
4,52.6,51.1,1
4,-37.7,143.1,12
4,37.3,40.5,1
4,7.1,-74.8,3
4,7.2,3.3,19
4,8.0,22.5,28
4,-18.7,48.1,1
4,23.0,114.0,1
4,29.9,-107.5,2
4,23.7,88.1,5
4,2.8,-60.5,7
4,37.7,-93.6,6
4,8.9,6.3,7
4,-10.5,-77.7,2
4,18.7,73.2,38
4,44.9,39.1,1
4,5.7,11.2,85
4,30.8,-94.0,1
4,8.5,-13.2,7
4,11.8,22.2,1
4,-23.0,-54.5,1
4,14.5,120.4,7
4,23.0,92.6,12
4,3.9,21.6,7
4,11.2,10.6,5
4,55.2,-120.7,3
4,7.3,-68.8,29
4,21.3,77.3,14
4,15.1,75.3,3
4,-6.4,22.4,7
4,5.5,32.5,90
4,6.4,16.2,31
4,20.3,-100.8,7
4,3.2,23.2,4
4,51.1,35.5,1
4,8.9,-4.3,41
4,-28.4,150.8,2
4,-22.8,-54.6,4
4,0.0,19.6,3
4,7.5,-8.9,1
4,8.0,13.6,105
4,22.9,95.4,27
4,8.3,78.0,1
4,9.9,24.7,15
4,34.0,74.9,4
4,3.1,10.3,5
4,10.2,30.9,37
4,6.4,20.0,72
4,16.8,23.1,1
4,41.3,110.5,5
4,47.7,122.8,13
4,46.7,-109.2,1
4,37.5,106.0,6
4,-13.9,15.1,2
4,7.6,5.0,24
4,-37.6,-72.5,1
4,-9.0,14.9,7
4,7.5,25.3,117
4,33.7,50.1,1
4,20.8,-75.8,2
4,-4.2,-41.7,2
4,25.8,-100.4,5
4,-6.3,-35.8,2
4,14.1,78.3,24
4,3.2,20.2,74
4,12.2,123.5,2
4,-5.1,13.4,2
4,-32.7,-60.9,4
4,10.8,-1.1,9
4,13.6,77.3,7
4,11.7,78.8,2
4,-3.6,104.4,2
4,21.3,-89.0,1
4,24.5,83.1,1
4,6.9,40.6,2
4,9.3,78.2,10
4,-24.0,28.3,1
4,42.4,-94.0,1
4,54.9,63.5,2
4,30.9,48.3,5
4,9.6,10.7,4
4,15.6,104.8,1
4,-5.6,38.8,25
4,10.3,21.9,23
4,7.3,17.2,16
4,16.8,-94.7,1
4,50.1,28.5,5
4,-6.2,37.2,1
4,-11.7,-43.9,3
4,-3.9,24.8,10
4,10.4,-10.0,103
4,44.8,29.0,1
4,36.1,50.5,1
4,35.4,-87.0,1
4,8.1,17.6,40
4,26.5,68.8,2
4,-8.5,18.2,4
4,31.6,114.2,3
4,40.1,48.3,1
4,53.0,62.4,2
4,33.9,115.9,1
4,52.1,82.4,1
4,-30.6,-58.9,1
4,25.7,93.5,6
4,-20.6,-41.1,2
4,14.8,75.9,5
4,-2.2,-45.7,11
4,17.8,102.5,3
4,5.7,18.7,50
4,25.2,102.4,2
4,7.3,22.9,1
4,28.1,-103.9,2
4,7.3,-73.7,2
4,6.9,12.1,18
4,-7.9,23.6,10
4,24.9,98.4,4
4,15.1,36.3,5
4,35.1,-93.7,3
4,30.5,115.0,6
4,-17.9,-39.5,1
4,8.8,23.4,37
4,28.2,83.1,2
4,2.3,32.2,13
4,24.2,85.5,1
4,6.8,18.4,85
4,9.5,4.1,36
4,17.9,100.0,4
4,-7.0,17.4,3
4,31.3,-94.0,2
4,24.1,94.7,1
4,3.8,30.6,99
4,0.6,111.4,1
4,11.6,106.8,6
4,-9.5,-38.4,6
4,15.3,79.1,8
4,22.2,106.2,7
4,10.7,79.8,2
4,5.8,22.7,22
4,-31.7,118.7,3
4,9.5,11.6,13
4,55.2,32.1,1
4,-10.6,16.4,1
4,42.9,124.3,5
4,21.7,70.8,2
4,9.8,-0.1,81
4,10.4,-66.4,3
4,46.9,126.3,43
4,5.6,25.1,48
4,9.9,-3.7,46
4,35.0,60.9,2
4,34.4,48.7,1
4,10.6,28.6,3
4,31.1,118.6,1
4,6.1,29.8,122
4,37.2,-87.6,2
4,51.9,12.6,1
4,46.9,131.0,6
4,5.0,19.4,33
4,-1.3,-47.7,1
4,36.5,114.1,26
4,16.1,76.2,13
4,44.9,77.9,13
4,5.0,95.9,1
4,-37.2,-71.9,10
4,20.4,93.9,3
4,8.8,-7.3,11
4,28.1,-107.1,16
4,20.9,99.4,8
4,5.1,29.6,157
4,0.3,102.7,2
4,37.9,102.5,1
4,22.9,111.0,7
4,10.1,23.4,24
4,8.3,-4.7,9
4,16.8,-90.8,3
4,38.8,114.6,12
4,17.5,81.7,13
4,31.5,-8.6,2
4,29.3,120.1,1
4,13.5,-4.5,27
4,-23.6,148.1,10
4,22.4,70.1,3
4,23.7,49.2,6
4,16.6,120.8,7
4,15.1,104.6,1
4,45.1,131.0,6
4,42.4,118.6,3
4,-7.9,16.8,13
4,10.0,34.7,156
4,6.8,40.6,2
4,-6.8,14.6,3
4,15.4,120.9,2
4,47.9,-95.5,6
4,20.3,93.5,2
4,44.8,37.9,2
4,-26.9,150.5,1
4,7.5,125.6,1
4,3.9,18.9,33
4,54.6,65.5,1
4,-23.6,-70.3,19
4,35.0,139.8,2
4,61.4,70.4,1
4,33.1,-83.4,2
4,2.9,21.3,34
4,31.6,47.2,81
4,6.9,18.6,139
4,33.8,-84.1,1
4,-35.9,146.4,3
4,29.9,-93.4,2
4,0.9,17.8,11
4,-21.0,-48.8,2
4,6.8,-4.7,28
4,4.7,19.9,82
4,11.3,20.5,8
4,18.9,75.9,3
4,3.4,30.9,4
4,-29.0,29.3,2
4,22.2,97.5,157
4,40.3,-87.8,2
4,28.6,76.6,15
4,12.0,-15.4,4
4,33.8,7.9,1
4,13.7,32.6,2
4,15.9,80.9,19
4,24.2,99.2,6
4,11.3,106.0,5
4,8.4,15.5,54
4,6.5,27.3,96
4,47.6,31.3,1
4,-4.8,-45.0,4
4,-13.6,-55.3,1
4,4.0,-67.4,3
4,-1.8,-56.1,2
4,26.6,94.3,2
4,54.2,67.1,4
4,27.5,56.4,1
4,25.5,-108.2,1
4,19.8,81.2,1
4,43.2,-4.6,1
4,-2.4,26.8,1
4,37.5,66.8,7
4,30.8,-99.6,1
4,8.6,9.3,4
4,34.0,-86.1,1
4,2.7,28.5,27
4,31.7,6.0,187
4,27.7,68.9,6
4,45.0,38.1,7
4,4.7,14.1,17
4,-13.8,-55.7,7
4,8.8,7.5,10
4,50.9,15.8,1
4,10.4,27.1,18
4,0.1,17.7,1
4,32.1,-87.4,2
4,10.7,30.9,11
4,64.6,57.2,1
4,30.9,-96.4,2
4,2.4,22.4,149
4,13.4,78.7,4
4,8.8,-68.8,63
4,5.6,6.0,31
4,18.5,104.5,18
4,-1.4,31.0,3
4,29.9,-97.8,1
4,21.7,75.8,1
4,-18.3,-42.5,2
4,23.9,103.7,54
4,-34.2,21.2,2
4,9.7,-70.5,1
4,7.3,-2.7,1
4,44.1,119.0,14
4,13.1,-8.1,25
4,24.7,68.2,7
4,37.7,-97.8,1
4,31.8,-85.5,6
4,-11.6,14.1,8
4,8.1,13.9,70
4,8.3,13.0,81
4,-23.7,-63.0,3
4,-8.3,-41.6,4
4,4.1,9.6,22
4,-22.4,-47.2,9
4,-35.0,141.9,7
4,36.5,-79.2,2
4,-5.7,-40.2,2
4,10.1,1.0,9
4,9.0,19.1,37
4,5.7,24.7,48
4,16.6,106.4,15
4,43.8,131.0,3
4,-8.8,-38.8,1
4,38.3,65.3,2
4,35.5,129.3,3
4,6.1,20.6,16
4,8.3,2.3,52
4,-21.6,-63.3,204
4,-11.7,14.4,8
4,-27.9,120.7,2
4,9.7,29.3,96
4,49.0,124.5,7
4,7.9,-4.4,31
4,13.6,-16.3,16
4,-0.9,36.1,1
4,6.6,34.2,78
4,47.8,7.6,1
4,47.8,39.3,1
4,5.1,-72.4,9
4,11.5,105.6,11
4,53.8,70.4,2
4,9.3,33.2,55
4,6.5,-73.9,1
4,6.5,16.0,33
4,8.3,-64.1,59
4,-7.2,23.0,1
4,45.6,127.0,23
4,48.1,57.1,2
4,45.6,61.9,6
4,-17.2,125.2,35
4,0.6,23.4,2
4,10.6,-4.0,6
4,-19.7,122.2,17
4,9.0,-67.8,13
4,-3.5,16.6,7
4,-33.4,26.4,9
4,54.5,35.5,2
4,-14.5,130.3,3
4,41.8,122.2,3
4,-0.9,34.3,4
4,38.0,103.6,2
4,3.3,19.9,57
4,26.1,80.6,1
4,31.5,76.7,6
4,56.6,-120.7,1
4,-5.0,39.7,1
4,19.4,83.9,12
4,12.1,105.7,18
4,-6.1,19.0,6
4,13.5,78.9,8
4,-11.9,-47.2,2
4,10.5,105.8,37
4,-2.2,41.1,1
4,3.7,11.4,8
4,0.2,109.2,7
4,18.0,-77.1,1
4,-43.2,146.8,2
4,31.8,116.4,9
4,39.2,118.1,12
4,48.4,125.8,2
4,18.6,-92.2,254
4,21.7,78.0,5
4,2.5,43.7,1
4,53.0,67.7,1
4,17.8,81.5,5
4,4.0,-73.0,3
4,13.1,3.6,2
4,-1.9,111.3,5
4,-16.9,46.6,1
4,17.5,-91.6,1
4,11.5,-13.4,16
4,41.8,72.9,1
4,6.8,100.8,3
4,31.6,-82.4,15
4,47.8,123.9,13
4,12.4,105.1,20
4,56.0,101.3,1
4,12.6,-7.4,9
4,14.6,-10.9,23
4,-29.1,-57.2,1
4,-31.3,28.1,4
4,13.1,123.7,1
4,-31.2,29.6,3
4,13.3,-11.1,26
4,54.2,65.5,1
4,12.5,0.4,2
4,46.2,41.4,1
4,32.7,-86.5,6
4,1.8,37.0,1
4,26.9,83.5,13
4,24.6,79.9,1
4,8.7,2.6,19
4,-37.7,-72.3,3
4,17.1,105.8,39
4,47.3,122.2,3
4,41.1,-93.1,1
4,-21.8,43.9,2
4,13.8,36.6,18
4,13.4,-11.7,52
4,15.9,76.5,2
4,-42.4,-71.5,569
4,2.7,32.0,47
4,-25.3,151.2,1
4,-12.9,-65.1,1
4,31.9,61.3,1
4,33.8,-93.9,1
4,10.5,14.0,1
4,26.9,92.8,10
4,38.3,102.1,2
4,-38.8,-73.3,9
4,13.4,-2.9,12
4,-4.1,-43.8,2
4,17.7,104.2,2
4,12.8,6.2,2
4,39.5,-96.2,4
4,-18.9,145.2,4
4,26.5,71.6,14
4,8.8,17.8,65
4,26.4,84.2,1
4,12.9,28.7,8
4,36.2,116.7,21
4,38.3,-97.8,5
4,8.6,-75.3,1
4,13.3,79.4,20
4,25.8,94.4,10
4,36.5,106.9,2
4,34.0,-80.5,11
4,-7.3,19.0,1
4,30.9,73.0,3
4,29.1,81.6,2
4,12.9,77.4,8
4,2.5,97.6,1
4,40.0,18.1,1
4,63.2,7.9,3
4,3.0,30.8,3
4,-22.1,28.4,1
4,-11.0,-56.0,1
4,42.6,74.8,1
4,-24.6,147.9,1
4,15.7,74.1,1
4,-37.9,144.6,3
4,-20.9,-43.1,1
4,-25.1,-57.7,1
4,31.2,119.5,1
4,17.7,75.7,16
4,-3.9,-47.1,2
4,19.6,98.0,19
4,48.5,83.8,5
4,6.1,33.4,84
4,51.8,34.6,1
4,28.4,84.7,5
4,8.4,34.2,141
4,4.2,-74.9,9
4,15.8,1.7,2
4,46.0,124.8,8
4,-27.2,30.5,7
4,46.4,24.2,1
4,19.4,108.9,6
4,23.8,94.4,2
4,-39.1,-73.3,2
4,30.2,-82.9,2
4,27.6,67.2,4
4,-3.5,-49.8,2
4,36.9,-99.2,3
4,32.6,-111.4,1
4,23.8,92.0,7
4,-31.2,-64.3,1
4,32.7,-87.3,1
4,15.0,105.0,2
4,5.2,7.2,6
4,44.6,122.8,2
4,54.2,-112.7,1
4,2.4,-73.7,19
4,23.7,107.2,1
4,7.7,-74.8,5
4,38.4,117.3,2
4,29.1,82.6,1
4,25.9,118.9,3
4,15.4,119.9,6
4,31.8,111.9,1
4,17.7,75.6,8
4,13.2,-5.7,1
4,-5.5,17.4,6
4,35.2,40.3,3
4,13.8,76.5,32
4,0.1,27.3,1
4,15.3,-10.1,14
4,42.6,41.6,7
4,-17.7,47.1,4
4,21.8,78.7,7
4,59.4,31.0,2
4,10.0,-12.9,19
4,16.2,-98.5,1
4,29.7,113.3,1
4,-5.3,19.9,2
4,6.7,100.0,1
4,7.5,8.5,68
4,5.0,95.3,4
4,40.2,110.4,9
4,1.8,-60.5,25
4,7.8,-69.2,150
4,-8.8,15.5,3
4,14.4,37.9,2
4,46.5,-119.3,1
4,4.9,19.5,76
4,3.6,19.0,33
4,11.3,-4.1,3
4,-29.6,-51.0,21
4,24.5,105.1,2
4,9.7,19.9,55
4,19.8,85.8,11
4,37.9,-94.7,6
4,-12.9,-40.1,1
4,8.2,26.2,70
4,46.2,114.6,6
4,24.1,98.9,1
4,17.5,100.1,12
4,48.5,123.2,4
4,38.4,-78.8,1
4,33.9,-78.7,6
4,24.4,103.6,2
4,47.3,130.1,1
4,24.4,68.2,6
4,41.4,121.0,1
4,25.0,83.5,22
4,35.1,103.5,8
4,29.2,-95.8,3
4,29.1,72.2,1
4,8.3,6.9,62
4,45.6,61.8,4
4,17.6,97.9,30
4,5.0,37.6,5
4,14.3,106.7,1
4,12.4,123.4,2
4,11.9,23.4,2
4,43.4,-89.4,3
4,24.0,93.7,14
4,3.4,-71.3,2
4,3.9,44.2,1
4,37.1,104.7,1
4,-22.7,-48.1,1
4,20.7,-98.3,1
4,15.2,43.0,1
4,37.7,40.2,1
4,39.9,47.7,2
4,-33.3,27.1,4
4,23.9,101.1,3
4,-26.6,-60.6,1
4,20.5,102.0,30
4,22.8,76.4,7
4,23.4,80.4,6
4,3.9,116.5,1
4,16.0,73.5,1
4,45.3,62.0,10
4,25.0,66.9,1
4,9.3,-6.6,15
4,1.7,-74.6,11
4,23.6,81.6,1
4,47.2,-1.5,1
4,-26.1,-56.0,5
4,5.8,27.6,51
4,-15.6,128.7,1
4,40.5,109.4,11
4,12.8,80.1,4
4,3.2,103.1,1
4,7.0,-5.4,6
4,-5.8,-44.3,1
4,-0.6,34.1,9
4,6.7,35.3,39
4,14.4,104.0,1
4,12.5,26.2,7
4,10.8,20.7,35
4,9.5,-65.0,5
4,16.9,73.3,1
4,30.6,-87.1,2
4,-6.2,18.9,4
4,27.1,117.1,1
4,18.3,-70.6,1
4,17.5,75.3,20
4,23.7,79.2,3
4,4.5,16.0,1
4,-18.7,126.9,33
4,21.1,80.1,1
4,-26.6,146.4,15
4,7.3,-67.1,69
4,41.6,21.0,1
4,38.0,46.1,8
4,32.0,-87.9,2
4,27.0,104.9,2
4,-22.1,-50.3,1
4,26.3,69.1,4
4,9.5,8.4,13
4,21.8,84.3,34
4,15.9,80.1,1
4,18.0,104.1,5
4,1.1,19.8,9
4,26.8,96.2,1
4,10.0,-67.4,36
4,7.9,31.0,2
4,21.5,95.2,9
4,49.5,9.9,1
4,31.7,112.0,3
4,31.8,-102.0,2
4,33.5,49.0,4
4,26.7,84.7,1
4,3.7,24.9,7
4,32.3,113.3,3
4,20.8,-98.0,1
4,11.3,13.0,19
4,-22.0,-54.7,1
4,6.2,-68.9,80
4,34.2,-90.7,1
4,23.3,106.7,3
4,24.6,-101.8,1
4,13.3,106.4,165
4,29.8,-99.3,2
4,7.6,14.8,98
4,9.1,33.8,63
4,44.3,63.8,3
4,13.1,-16.7,11
4,18.0,74.9,5
4,36.4,-97.9,4
4,-34.5,-59.1,1
4,16.8,-96.1,1
4,42.0,-92.8,3
4,33.6,-94.4,4
4,-11.9,14.0,6
4,-16.5,46.8,2
4,-7.1,-38.5,7
4,-0.6,-80.4,1
4,-2.1,-48.6,1
4,27.7,68.6,7
4,-23.3,-58.7,7
4,47.3,125.5,1
4,6.3,31.0,77
4,11.2,12.7,15
4,19.2,109.5,1
4,4.3,29.7,244
4,19.6,80.8,31
4,10.1,-4.9,18
4,18.4,81.9,6
4,30.9,-95.2,13
4,3.5,30.1,52
4,23.8,71.7,3
4,9.6,33.9,35
4,38.1,68.9,1
4,45.3,11.5,2
4,25.5,104.5,1
4,43.2,132.6,1
4,25.3,117.2,7
4,31.3,45.9,335
4,-18.1,48.0,1
4,8.8,-64.5,58
4,11.5,-69.8,1
4,21.0,101.4,15
4,37.4,-81.6,2
4,-23.5,-46.3,2
4,46.3,83.5,1
4,-15.5,131.6,2
4,46.7,130.6,4
4,22.4,79.7,27
4,25.1,71.4,1
4,6.6,-70.3,8
4,39.3,-93.5,2
4,-31.5,-53.9,1
4,43.8,-120.4,1
4,12.2,-12.9,18
4,9.4,105.7,4
4,0.0,-75.8,1
4,-8.5,-39.5,1
4,7.3,3.9,4
4,-11.8,-62.3,1
4,10.0,15.4,6
4,6.2,124.6,1
4,15.5,42.3,1
4,8.2,-5.2,1
4,22.6,-105.4,2
4,13.3,-15.4,90
4,15.2,100.3,11
4,22.1,96.1,23
4,20.8,101.4,35
4,11.3,104.7,17
4,-27.1,-49.6,3
4,23.4,95.2,10
4,12.9,30.2,5
4,4.7,11.3,23
4,7.4,31.4,105
4,5.6,32.1,9
4,13.4,36.5,8
4,10.8,22.3,45
4,6.4,33.9,58
4,-19.2,-43.3,2
4,-19.7,138.9,15
4,7.9,100.0,1
4,40.0,-0.1,1
4,33.5,-101.7,3
4,-1.3,23.8,5
4,6.7,6.4,40
4,-14.6,-75.2,1
4,-0.9,10.2,1
4,-1.6,119.5,5
4,17.8,97.4,9
4,6.5,125.1,4
4,-4.9,-39.7,4
4,0.8,19.9,1
4,30.9,71.9,2
4,6.9,-71.0,5
4,-31.8,-61.1,1
4,-8.9,-36.5,1
4,6.6,17.5,111
4,9.1,-4.6,3
4,10.9,-69.0,5
4,24.1,92.3,79
4,16.2,102.2,13
4,8.0,-68.0,27
4,33.7,118.4,2
4,52.0,67.1,2
4,7.2,-1.6,5
4,45.0,-87.4,1
4,8.5,22.3,76
4,-3.0,-46.7,3
4,16.5,105.0,9
4,9.4,3.3,21
4,-21.2,-48.3,3
4,-0.8,120.1,1
4,18.0,77.1,4
4,-20.7,-57.9,1
4,30.4,-116.0,2
4,18.0,-92.1,1
4,2.9,24.7,29
4,6.9,32.2,82
4,-8.8,15.2,54
4,53.3,72.5,8
4,-17.8,128.8,1
4,50.7,70.5,1
4,12.6,-11.6,93
4,23.7,84.2,6
4,25.2,119.5,1
4,39.0,106.6,3
4,38.6,29.4,3
4,48.7,11.8,1
4,7.2,29.2,148
4,20.1,82.5,2
4,0.9,34.9,6
4,-24.9,28.2,1
4,3.3,27.6,18
4,-6.4,21.2,9
4,40.9,117.4,1
4,8.9,-66.5,8
4,3.9,26.4,36
4,47.2,-117.0,1
4,30.7,72.4,6
4,3.0,43.5,1
4,-12.4,-48.3,5
4,19.0,100.5,20
4,53.4,72.4,6
4,11.9,34.6,15
4,27.2,-82.2,3
4,26.7,82.7,7
4,-18.6,34.5,8
4,19.1,99.3,1
4,25.3,30.4,1
4,36.1,117.3,1
4,20.7,84.3,30
4,-34.2,-56.3,2
4,26.0,-98.2,11
4,14.9,77.5,8
4,8.0,-6.9,5
4,16.1,-90.9,9
4,28.7,106.7,1
4,-29.4,-58.7,1
4,10.8,17.0,26
4,11.8,-7.8,36
4,6.3,11.3,64
4,43.2,122.2,2
4,48.5,125.3,13
4,21.4,79.5,2
4,7.9,-65.0,19
4,46.6,83.9,1
4,-31.8,28.4,9
4,-11.9,-57.1,2
4,-11.9,-52.6,2
4,-4.0,-79.4,1
4,16.9,-100.1,15
4,20.0,79.9,1
4,29.0,58.4,1
4,-3.9,19.4,1
4,8.8,-8.6,147
4,12.2,106.6,52
4,25.3,94.6,29
4,53.5,67.2,6
4,-16.2,124.8,30
4,6.9,10.5,35
4,-21.0,146.3,8
4,4.8,19.1,43
4,19.9,94.8,40
4,-5.9,14.2,2
4,28.0,33.3,3
4,30.4,107.0,1
4,35.5,-91.1,3
4,9.6,15.5,11
4,22.6,-79.7,14
4,44.7,-117.2,1
4,-19.1,-49.9,1
4,13.3,98.4,1
4,28.2,80.0,5
4,29.2,-95.4,1
4,4.2,14.1,2
4,38.0,106.0,3
4,-32.9,18.8,10
4,8.2,24.5,76
4,34.8,-94.7,6
4,11.9,12.2,1
4,54.8,69.6,5
4,21.7,85.4,4
4,6.2,16.5,113
4,9.1,-10.7,74
4,11.7,-4.1,26
4,-6.8,25.9,5
4,44.9,-74.8,1
4,14.8,-84.1,5
4,-14.0,27.3,1
4,-4.0,-80.3,1
4,47.7,-90.9,2
4,29.2,-97.6,10
4,12.5,17.5,5
4,14.8,-91.3,4
4,-3.4,36.8,1
4,19.9,-100.4,3
4,-8.3,-37.9,4
4,16.6,78.5,1
4,21.6,87.1,14
4,24.4,107.3,1
4,-21.6,139.3,3
4,6.5,25.2,95
4,30.4,69.7,1
4,8.1,-5.2,24
4,7.3,0.4,4
4,34.8,126.7,1
4,1.7,-69.4,2
4,27.8,81.3,3
4,24.4,93.1,5
4,24.8,76.3,15
4,20.4,83.0,7
4,10.5,3.9,32
4,-17.8,33.3,1
4,12.4,-3.4,6
4,-19.7,139.6,6
4,21.2,104.8,4
4,16.3,78.3,2
4,-23.9,-53.5,3
4,5.2,-66.1,22
4,19.0,-98.2,11
4,16.5,77.8,7
4,8.4,-67.3,39
4,-22.7,44.8,1
4,8.3,-69.1,14
4,4.4,18.9,60
4,25.0,107.4,1
4,12.3,-84.3,1
4,7.5,-68.1,59
4,-3.0,-40.2,10
4,14.4,-87.7,3
4,-25.0,-49.5,1
4,8.7,0.4,97
4,33.5,-115.7,1
4,8.4,2.8,42
4,57.9,31.1,18
4,12.9,-7.2,2
4,-25.2,-60.5,3
4,47.8,38.3,1
4,40.7,-112.1,1
4,10.9,-7.0,42
4,38.8,100.8,1
4,16.7,75.3,1
4,-19.0,27.7,1
4,7.3,-80.9,3
4,-28.0,-56.2,2
4,8.6,4.9,55
4,3.8,15.3,1
4,32.6,12.5,2
4,11.6,75.9,5
4,11.3,-14.4,38
4,7.6,16.6,59
4,33.6,36.5,1
4,-32.1,117.5,1
4,20.5,102.3,21
4,31.6,119.3,3
4,6.2,-0.9,2
4,21.5,80.7,10
4,22.4,100.7,3
4,45.6,132.4,1
4,40.5,-99.9,1
4,17.5,96.6,22
4,17.3,79.1,1
4,3.7,-73.0,5
4,-27.0,30.7,16
4,46.5,130.5,13
4,1.9,21.9,5
4,39.3,-119.9,2
4,9.3,-3.9,80
4,4.7,24.6,24
4,38.1,-93.2,1
4,5.1,31.8,42
4,31.2,-96.3,2
4,7.7,-3.5,5
4,53.5,69.8,1
4,34.6,-93.0,1
4,10.0,34.8,135
4,11.4,29.1,3
4,40.5,-89.2,1
4,17.9,82.2,3
4,29.7,-100.5,1
4,-30.8,116.6,7
4,4.0,12.9,9
4,10.0,1.8,13
4,-33.9,142.8,1
4,-4.3,-38.2,1
4,23.2,80.0,10
4,-14.6,27.1,1
4,10.6,-7.4,32
4,29.1,82.0,3
4,13.3,77.9,4
4,-19.2,48.0,2
4,18.6,78.5,12
4,7.8,124.1,1
4,-17.2,-40.3,1
4,7.6,-12.6,1
4,-17.8,-62.0,12
4,45.7,-74.0,3
4,-36.6,142.6,6
4,28.3,56.6,3
4,-24.0,150.7,1
4,5.7,7.4,7
4,7.7,7.2,28
4,-9.7,16.4,34
4,17.8,105.3,9
4,5.0,21.1,50
4,6.7,8.1,2
4,8.7,-72.6,1
4,30.8,-89.7,6
4,-1.1,119.9,1
4,17.7,98.8,22
4,41.1,129.4,1
4,-34.3,145.8,39
4,-8.7,15.1,28
4,47.8,124.4,18
4,18.7,79.3,8
4,-17.2,-60.8,1
4,10.8,10.0,4
4,31.0,8.3,2
4,-2.0,40.2,1
4,35.6,-98.2,1
4,28.1,9.3,3
4,14.1,35.7,7
4,14.3,-90.6,39
4,31.7,-82.1,5
4,21.8,83.2,58
4,16.4,-93.5,7
4,-22.0,142.7,2
4,27.3,88.9,1
4,-8.3,23.9,5
4,4.2,32.0,18
4,2.5,103.5,2
4,-29.1,-62.9,1
4,6.3,8.3,8
4,8.5,24.7,58
4,-30.6,-56.7,3
4,9.6,14.5,27
4,6.4,28.5,105
4,-10.7,-36.8,1
4,-22.2,-50.0,1
4,9.4,32.4,51
4,8.6,9.7,47
4,8.2,19.4,82
4,-32.8,-60.6,13
4,8.7,-74.0,3
4,34.4,-88.0,1
4,10.4,-0.4,75
4,7.7,-75.7,1
4,19.5,74.2,3
4,13.3,13.8,14
4,34.4,73.5,1
4,9.0,29.0,77
4,26.4,82.8,1
4,19.5,78.1,3
4,34.3,-81.9,2
4,8.3,35.2,56
4,19.6,73.2,15
4,-28.2,-49.4,2
4,19.8,83.0,3
4,-20.7,-60.9,3
4,5.9,121.0,1
4,37.9,117.6,4
4,35.8,-92.5,2
4,19.1,76.0,18
4,-7.1,24.8,4
4,-7.3,27.4,12
4,-6.8,-39.3,2
4,9.8,-4.5,49
4,18.3,96.0,10
4,16.8,-92.1,2
4,13.6,4.6,15
4,9.9,22.5,45
4,-6.0,18.9,2
4,10.0,14.3,3
4,12.0,-12.7,16
4,38.6,43.3,1
4,10.7,-4.8,13
4,7.0,39.1,10
4,-12.1,-48.6,1
4,-24.1,-59.6,2
4,48.2,126.9,4
4,11.4,30.5,63
4,19.4,-101.2,1
4,5.5,-71.2,2
4,0.9,23.4,33
4,41.0,-8.0,5
4,14.8,121.1,4
4,15.9,120.6,2
4,25.0,84.3,14
4,12.0,108.9,3
4,-12.0,15.5,4
4,11.4,32.5,2
4,7.1,-5.8,18
4,25.3,104.6,5
4,4.5,11.4,7
4,-31.7,-59.0,1
4,10.6,14.8,2
4,7.9,14.9,98
4,32.5,113.1,1
4,37.9,32.5,4
4,38.8,42.9,2
4,-3.8,-50.2,3
4,-24.3,-57.3,10
4,29.3,71.8,7
4,10.4,77.2,9
4,17.2,-93.7,2
4,11.3,-13.6,2
4,10.7,-7.9,19
4,14.9,103.5,1
4,7.4,25.9,125
4,38.2,23.6,1
4,31.5,-83.7,7
4,43.9,132.4,2
4,-31.3,152.7,1
4,7.4,9.4,4
4,6.2,124.4,4
4,-0.5,-76.9,6
4,14.1,104.4,62
4,33.0,74.1,1
4,-28.0,153.0,1
4,17.5,99.8,7
4,11.9,35.4,136
4,38.4,-96.1,10
4,-8.5,-35.1,6
4,21.6,-82.7,6
4,17.0,101.7,3
4,10.6,98.5,3
4,-16.8,125.1,55
4,-28.8,31.7,4
4,20.9,95.1,9
4,38.8,-122.1,1
4,52.5,26.9,1
4,10.0,-13.7,61
4,7.0,21.7,64
4,-9.2,-49.1,1
4,-27.1,147.5,2
4,22.7,102.9,1
4,20.5,82.3,15
4,10.0,-85.8,1
4,11.5,-84.0,1
4,12.6,35.8,36
4,20.3,96.9,127
4,6.3,23.0,32
4,2.1,22.4,2
4,7.9,-9.3,41
4,-35.5,144.5,19
4,34.8,-0.8,1
4,38.3,-94.3,4
4,-3.9,119.9,4
4,-21.4,48.1,2
4,11.3,24.8,26
4,45.0,127.6,22
4,31.7,116.4,2
4,30.7,-98.7,3
4,24.6,79.1,3
4,24.8,98.4,4
4,2.9,22.8,26
4,43.2,76.7,1
4,35.2,51.5,1
4,33.1,47.6,4
4,-9.4,-57.3,2
4,6.5,24.4,128
4,38.0,47.9,1
4,24.6,100.5,2
4,6.7,24.5,207
4,9.5,-64.5,4
4,9.6,25.4,5
4,2.6,-61.4,12
4,30.5,72.0,3
4,14.1,28.7,14
4,45.6,132.2,2
4,30.3,70.6,2
4,17.9,120.9,12
4,-9.9,13.6,4
4,8.2,-67.5,14
4,41.4,-72.3,1
4,13.1,76.1,9
4,5.1,-1.6,7
4,13.3,35.7,1
4,12.3,5.0,10
4,22.0,103.5,2
4,19.8,80.0,1
4,50.9,13.3,1
4,16.6,105.7,16
4,21.6,74.7,1
4,26.6,86.8,1
4,6.0,-70.2,56
4,-5.5,16.5,8
4,41.2,121.2,5
4,43.6,120.9,2
4,-31.6,26.8,2
4,5.5,-6.6,3
4,-22.0,-41.5,7
4,-34.2,148.4,1
4,-16.9,32.0,1
4,-18.1,49.3,6
4,19.7,80.7,14
4,26.1,93.0,35
4,7.0,-74.3,2
4,27.1,115.2,1
4,-2.5,-45.5,2
4,17.6,7.9,3
4,32.6,-90.0,4
4,24.2,-99.0,6
4,-32.2,117.4,2
4,21.1,72.6,574
4,8.4,31.8,64
4,-25.2,148.8,17
4,30.9,48.6,1
4,6.5,25.4,46
4,23.8,85.0,2
4,42.3,119.3,5
4,-12.2,16.0,2
4,11.8,15.1,10
4,3.5,-59.4,24
4,10.5,-12.1,9
4,61.7,66.9,55
4,-0.3,15.6,2
4,16.5,79.1,3
4,20.9,103.5,4
4,37.8,65.6,17
4,19.6,78.0,3
4,-24.0,131.5,1
4,18.5,81.2,10
4,22.4,107.8,2
4,21.7,80.7,3
4,23.6,116.2,2
4,8.1,30.6,13
4,-3.0,-40.6,4
4,8.0,-11.7,9
4,16.7,107.3,1
4,13.2,-15.1,85
4,20.5,98.6,20
4,51.2,36.0,1
4,40.6,-95.7,2
4,-3.1,-52.9,3
4,-34.9,-56.4,3
4,19.1,-100.3,1
4,9.7,37.2,5
4,-34.5,147.4,4
4,-39.1,-72.3,5
4,2.4,97.9,4
4,4.1,101.0,3
4,7.0,-9.4,3
4,31.9,71.1,11
4,16.7,97.9,90
4,3.8,-73.1,5
4,-33.9,23.5,364
4,2.1,13.7,1
4,43.9,-116.8,1
4,35.4,107.5,2
4,-4.7,-80.1,5
4,9.2,37.9,2
4,55.5,-118.8,19
4,-11.5,-38.0,3
4,25.1,101.2,2
4,49.7,112.1,1
4,-4.7,18.1,1
4,-14.8,126.0,1
4,-6.1,27.5,2
4,12.6,29.9,3
4,9.6,32.6,32
4,54.2,66.7,2
4,9.2,77.7,3
4,24.6,78.1,5
4,12.2,-3.5,3
4,-35.9,137.0,3
4,5.7,0.0,5
4,-15.4,-41.7,1
4,14.3,-10.6,5
4,-0.8,114.3,1
4,-15.2,125.4,2
4,36.7,-78.8,2
4,18.5,103.4,29
4,-15.9,50.0,8
4,-20.9,-48.4,2
4,25.8,98.1,10
4,33.1,-89.4,3
4,-6.6,23.9,1
4,8.2,27.8,45
4,4.1,-75.2,4
4,53.2,33.8,1
4,-14.0,-43.4,1
4,35.0,-94.9,2
4,-33.7,-71.3,1
4,14.5,99.5,6
4,8.7,-3.4,150
4,-20.4,-40.6,3
4,-18.1,48.2,1
4,9.0,-68.6,32
4,3.8,12.1,7
4,39.3,106.8,36
4,2.0,99.6,1
4,30.0,102.8,3
4,7.3,2.1,25
4,29.2,54.4,1
4,53.4,78.4,1
4,50.3,71.2,4
4,31.6,-89.9,1
4,5.8,14.9,53
4,10.0,-83.3,1
4,9.1,6.8,36
4,23.3,89.1,1
4,26.8,88.4,2
4,2.8,102.6,2
4,22.3,98.4,1
4,12.8,23.2,4
4,6.6,14.5,31
4,36.5,114.8,1
4,35.3,109.9,7
4,46.6,38.7,4
4,-30.1,151.8,2
4,-38.6,-63.5,1
4,15.4,99.9,2
4,3.1,10.0,28
4,26.7,82.6,1
4,11.4,16.0,1
4,7.1,18.3,81
4,-5.0,-41.0,1
4,1.5,128.4,1
4,27.2,85.5,2
4,18.6,101.5,24
4,18.1,80.2,12
4,44.6,123.3,8
4,32.8,-81.0,7
4,7.4,3.0,32
4,45.8,127.1,20
4,-34.5,142.3,1
4,46.9,-119.6,2
4,9.3,26.3,21
4,27.9,73.1,1
4,43.8,-91.0,1
4,10.2,24.6,40
4,-3.3,-46.0,1
4,19.5,93.8,12
4,0.3,-60.6,2
4,9.9,9.9,1
4,7.6,-9.5,12
4,18.4,75.1,11
4,3.8,23.3,1
4,20.7,110.3,2
4,39.6,-96.7,4
4,13.7,-12.4,2
4,-29.8,-61.8,10
4,23.6,108.9,4
4,5.2,35.3,1
4,39.5,113.2,4
4,27.5,-101.4,1
4,19.0,96.2,23
4,19.4,-105.0,1
4,12.3,6.1,4
4,28.4,67.4,1
4,16.2,104.2,11
4,24.8,83.4,8
4,23.2,69.7,5
4,42.9,121.9,1
4,10.1,-69.2,23
4,17.9,-91.7,12
4,44.3,63.9,2
4,13.5,34.9,4
4,-13.0,-64.0,1
4,-15.3,125.5,17
4,7.4,16.6,49
4,11.2,-10.5,55
4,10.5,15.8,6
4,-10.7,-51.9,1
4,0.5,17.2,38
4,21.7,79.2,2
4,37.5,-120.6,10
4,16.8,122.1,2
4,-8.1,-35.0,10
4,23.7,74.9,1
4,35.7,-83.1,1
4,10.0,18.9,11
4,8.3,3.6,73
4,-9.0,142.3,1
4,-6.6,38.5,16
4,31.6,-93.7,2
4,-20.9,-44.4,1
4,42.3,127.0,28
4,34.5,-86.5,1
4,-19.8,-48.3,3
4,1.6,32.9,17
4,7.5,25.6,39
4,36.5,114.2,28
4,5.2,95.4,1
4,4.5,30.7,152
4,44.4,124.7,1
4,25.1,49.2,18
4,-27.1,-60.3,1
4,15.1,-0.8,3
4,-25.6,-56.1,1
4,-28.9,24.0,2
4,46.3,125.1,2
4,35.0,-92.4,5
4,-22.2,19.2,4
4,3.2,20.1,36
4,22.0,82.6,239
4,13.0,29.2,7
4,24.7,109.1,1
4,42.0,-94.6,2
4,-7.0,-37.9,1
4,2.3,-65.2,1
4,-4.4,39.0,1
4,38.9,118.9,13
4,4.1,32.6,36
4,26.7,93.2,3
4,42.4,123.0,1
4,12.5,-15.5,2
4,-29.1,-61.8,4
4,17.1,78.1,3
4,44.5,16.5,2
4,-12.0,14.9,3
4,10.9,30.0,7
4,-5.6,26.7,1
4,12.5,108.7,15
4,10.4,0.8,40
4,12.3,-0.1,2
4,-25.8,-53.5,1
4,29.0,-98.6,1
4,24.0,49.1,69
4,5.8,8.3,8
4,52.0,61.0,1
4,9.6,33.8,17
4,4.2,20.5,39
4,5.1,21.3,56
4,-20.0,139.0,19
4,0.8,24.1,12
4,12.8,-2.7,1
4,-34.8,143.3,2
4,-31.4,-57.9,1
4,4.0,31.9,101
4,5.6,22.5,37
4,-4.1,20.9,1
4,53.6,-118.1,7
4,-8.2,13.6,1
4,7.1,-3.4,1
4,-16.8,36.0,4
4,-0.9,-48.8,14
4,40.1,-110.2,2
4,-26.9,32.7,8
4,7.6,-72.6,3
4,10.4,1.6,13
4,1.7,98.8,3
4,46.9,127.0,17
4,-23.1,46.9,1
4,5.7,-57.7,8
4,7.0,17.7,67
4,-2.0,105.3,3
4,27.8,94.6,3
4,21.1,93.1,8
4,40.3,-93.1,3
4,25.8,103.8,1
4,20.3,-100.3,3
4,11.1,-3.5,37
4,-34.6,20.0,3
4,-7.6,25.5,1
4,-2.7,111.3,3
4,27.4,117.1,17
4,-2.5,25.6,1
4,-4.9,17.4,13
4,30.0,57.3,2
4,-7.7,21.4,4
4,-36.0,-68.3,3
4,30.5,-87.2,2
4,28.2,69.3,1
4,16.3,-91.4,1
4,38.6,65.1,1
4,17.2,101.3,28
4,22.7,-81.8,46
4,-26.5,-52.0,1
4,2.6,19.8,13
4,44.2,41.5,2
4,39.7,-93.9,1
4,-27.6,-50.7,2
4,-3.3,104.9,2
4,29.4,77.8,2
4,41.6,22.6,1
4,37.6,118.4,10
4,13.7,36.6,5
4,16.5,104.9,22
4,3.6,22.9,24
4,6.6,-71.2,8
4,-22.7,114.0,8
4,41.2,45.9,1
4,22.3,85.3,22
4,17.1,-96.8,2
4,0.9,32.7,5
4,8.1,2.5,12
4,-4.5,-40.0,2
4,11.2,-7.7,74
4,2.8,-59.9,18
4,10.2,-2.3,26
4,21.4,92.7,6
4,-35.0,117.8,1
4,-18.8,126.9,2
4,35.2,-82.8,1
4,6.5,2.4,4
4,-6.5,15.3,1
4,16.6,97.4,5
4,35.3,8.6,1
4,6.7,28.9,32
4,21.9,-103.4,3
4,54.2,84.5,1
4,3.4,-61.2,1
4,7.8,-62.8,12
4,51.8,29.1,1
4,4.0,26.1,29
4,-33.0,-65.7,1
4,10.7,28.1,1
4,21.5,111.3,5
4,-34.5,-58.6,1
4,2.9,21.2,107
4,40.6,45.4,2
4,38.6,43.2,2
4,26.2,-99.0,1
4,47.7,125.8,1
4,-38.2,142.3,1
4,26.1,101.7,1
4,31.0,-88.8,6
4,37.0,-92.6,6
4,51.8,80.1,1
4,10.9,79.7,1
4,-17.2,126.4,24
4,27.9,96.0,52
4,23.4,108.8,2
4,7.3,-70.0,1
4,9.6,8.4,1
4,2.3,20.3,10
4,11.6,6.0,38
4,9.6,28.9,166
4,3.3,26.0,16
4,30.8,-93.3,4
4,40.2,114.1,1
4,-26.7,-49.5,1
4,-37.0,142.9,4
4,-13.8,-42.4,1
4,16.3,95.6,3
4,15.8,-14.8,15
4,22.7,101.1,19
4,52.0,51.6,3
4,28.7,-98.0,4
4,18.5,-71.9,3
4,-23.5,-60.7,2
4,8.9,28.3,9
4,31.3,115.0,1
4,36.8,39.9,5
4,30.3,-96.6,1
4,45.4,-108.9,2
4,19.2,-92.2,140
4,26.2,101.6,5
4,36.3,48.8,1
4,2.5,32.4,30
4,7.6,4.4,10
4,35.9,-92.0,15
4,9.1,27.9,3
4,14.9,3.9,4
4,-27.3,-49.7,1
4,3.8,-72.2,51
4,23.9,95.3,1
4,24.6,118.2,1
4,6.7,25.3,99
4,26.4,118.5,3
4,-6.6,18.6,2
4,-0.1,15.6,6
4,41.8,112.9,1
4,24.5,81.7,5
4,-18.4,49.3,1
4,12.7,1.0,11
4,32.0,61.4,3
4,25.3,56.3,18
4,-17.1,-40.1,2
4,11.2,-3.6,64
4,26.3,94.8,5
4,27.1,31.1,1
4,50.2,40.7,1
4,22.0,82.2,47
4,3.6,103.0,2
4,4.2,14.2,2
4,10.1,19.7,58
4,11.9,-2.7,17
4,42.1,122.6,1
4,4.8,16.7,16
4,-25.1,151.1,2
4,5.3,18.6,13
4,-14.4,-45.8,1
4,28.3,-105.5,1
4,7.8,7.7,131
4,22.9,-106.0,5
4,-36.3,-66.1,7
4,11.1,-13.6,15
4,12.7,-11.2,41
4,23.2,87.3,48
4,2.5,100.2,35
4,-7.2,21.0,5
4,-33.5,-71.5,2
4,0.0,16.2,1
4,35.6,104.5,4
4,32.3,4.0,6
4,31.5,-85.3,3
4,34.4,-80.8,2
4,19.7,95.4,53
4,40.9,-124.0,2
4,23.7,85.5,154
4,12.0,104.5,16
4,27.1,113.4,1
4,16.3,-89.3,7
4,2.1,31.2,12
4,35.8,38.0,1
4,37.2,114.7,3
4,6.1,13.3,98
4,37.0,118.8,3
4,12.5,102.3,7
4,-12.4,-51.3,11
4,8.5,29.1,23
4,20.7,94.4,11
4,18.0,76.2,1
4,13.2,-12.8,27
4,41.4,115.0,1
4,17.6,81.9,3
4,-15.3,124.9,2
4,6.2,11.6,115
4,10.2,-3.6,52
4,17.5,103.1,4
4,9.2,37.5,1
4,42.6,-95.6,1
4,-9.3,14.7,1
4,42.6,130.9,12
4,11.0,8.1,10
4,-10.6,21.7,1
4,8.7,30.6,15
4,0.7,35.3,41
4,-13.9,-55.6,1
4,4.7,97.2,1
4,-32.5,116.5,14
4,41.1,109.4,3
4,-20.6,-47.4,1
4,3.3,11.0,4
4,30.3,-88.6,1
4,9.3,18.6,173
4,22.1,94.4,7
4,23.5,73.6,1
4,13.5,-1.0,3
4,19.3,99.9,18
4,7.1,-74.7,3
4,-13.0,-44.7,1
4,23.2,116.4,2
4,18.9,101.0,6
4,37.7,120.6,2
4,-12.7,124.5,4
4,-2.8,-46.0,2
4,6.3,-7.9,2
4,10.4,37.1,22
4,-17.6,125.7,7
4,56.5,30.9,1
4,43.0,118.5,2
4,13.8,-2.4,33
4,13.2,-85.6,1
4,44.7,121.6,1
4,11.8,-7.3,41
4,10.0,-84.7,3
4,13.4,104.0,8
4,28.1,69.1,1
4,8.7,43.2,3
4,-33.6,18.8,14
4,9.6,-9.9,191
4,-1.8,14.6,11
4,-10.5,27.7,2
4,21.0,101.1,10
4,10.6,31.4,5
4,-2.2,119.3,2
4,-14.7,-68.6,1
4,46.2,129.3,12
4,20.2,100.7,28
4,25.3,99.9,1
4,-13.1,141.6,1
4,-3.6,-42.2,3
4,-7.3,14.5,13
4,13.3,120.6,15
4,-20.2,30.9,2
4,-39.7,-72.7,3
4,-15.7,47.7,3
4,-2.3,30.2,2
4,6.1,26.7,111
4,-6.4,-41.3,1
4,37.7,40.4,2
4,32.4,-87.2,3
4,14.0,104.5,165
4,15.0,-12.9,9
4,-32.8,116.9,3
4,-7.0,110.3,2
4,10.9,7.3,32
4,31.0,-86.0,3
4,10.8,-5.6,19
4,28.1,103.7,2
4,-22.8,-61.6,6
4,18.1,101.1,1
4,8.2,6.9,32
4,-9.8,-36.2,15
4,-3.3,-59.0,1
4,6.3,2.0,7
4,50.4,40.1,1
4,19.7,-101.3,19
4,14.6,-86.4,3
4,-9.3,35.1,9
4,9.5,4.2,37
4,-3.0,121.1,1
4,8.7,2.2,86
4,48.2,133.5,5
4,41.8,-91.1,2
4,-10.8,13.8,8
4,-8.2,-49.2,2
4,4.3,28.1,61
4,13.1,78.0,19
4,37.7,64.8,5
4,-4.2,122.4,1
4,-5.4,15.8,4
4,18.8,-69.9,3
4,27.6,84.5,1
4,9.9,7.5,133
4,21.6,-82.8,10
4,7.8,32.9,111
4,37.3,60.3,2
4,-9.1,-37.8,1
4,24.1,84.3,5
4,12.8,37.0,2
4,10.9,-8.1,62
4,32.9,119.6,3
4,5.1,30.8,53
4,2.8,-72.4,7
4,37.6,40.8,2
4,22.3,74.9,2
4,5.3,115.3,1
4,7.7,39.0,13
4,-2.6,-47.7,3
4,20.7,-77.0,35
4,4.8,14.0,51
4,34.9,-87.9,1
4,24.0,79.2,9
4,6.4,10.1,50
4,47.8,86.8,1
4,6.0,26.7,192
4,-25.6,-55.5,15
4,4.5,16.5,20
4,54.0,92.0,4
4,10.7,12.3,3
4,23.9,79.2,5
4,-12.1,-47.8,1
4,14.8,-14.6,1
4,8.4,7.6,49
4,-2.5,15.4,24
4,1.0,35.7,6
4,9.9,18.5,46
4,19.6,97.5,45
4,7.6,32.8,124
4,40.1,-103.8,1
4,37.1,43.7,2
4,44.5,126.9,4
4,-10.7,26.5,2
4,9.9,6.3,145
4,13.2,-88.8,3
4,41.8,45.9,1
4,20.5,75.7,2
4,-9.3,-37.0,5
4,7.3,0.7,37
4,15.6,101.2,33
4,11.2,6.1,44
4,34.2,-87.3,6
4,12.6,17.5,11
4,-16.3,-60.5,3
4,44.3,127.1,14
4,9.6,-66.6,9
4,6.6,19.0,126
4,7.3,17.5,70
4,12.3,-13.9,9
4,38.2,127.1,2
4,4.2,20.8,39
4,30.2,79.3,5
4,9.9,32.8,98
4,8.7,-68.6,69
4,28.6,54.1,3
4,-16.4,46.6,1
4,41.7,123.5,6
4,19.4,102.2,23
4,29.5,47.2,1
4,41.0,109.4,5
4,23.2,55.6,1
4,26.6,68.0,17
4,12.1,-15.2,30
4,12.4,-13.3,85
4,25.6,55.8,1
4,9.5,26.2,13
4,45.5,128.1,18
4,46.9,80.3,3
4,20.4,80.5,6
4,37.7,114.2,28
4,4.8,10.8,8
4,9.3,-3.4,15
4,10.5,21.6,5
4,6.8,12.6,26
4,38.0,65.0,4
4,-18.1,30.9,1
4,40.4,83.3,4
4,53.2,-115.4,8
4,37.4,62.1,4
4,13.5,-8.2,1
4,24.6,98.1,2
4,16.9,103.1,30
4,-7.4,16.2,8
4,10.8,-1.0,3
4,6.9,19.7,104
4,15.3,4.8,1
4,9.8,-65.8,9
4,3.7,13.3,13
4,8.3,-67.6,10
4,37.0,45.9,1
4,27.1,85.1,14
4,35.1,-97.0,1
4,11.1,16.6,20
4,11.0,-13.4,10
4,12.7,-14.3,86
4,3.9,13.2,10
4,45.8,129.7,14
4,-20.6,139.0,2
4,10.0,108.2,1
4,10.5,-7.4,26
4,2.6,12.6,5
4,-22.5,-58.3,14
4,9.0,5.9,21
4,3.4,29.8,64
4,16.6,76.8,9
4,27.2,92.4,17
4,35.2,-79.1,3
4,35.5,-86.6,2
4,-4.4,-44.6,1
4,8.1,29.5,115
4,17.9,101.9,18
4,18.6,95.6,28
4,-15.1,39.7,1
4,4.5,-66.5,15
4,36.8,116.1,3
4,26.4,27.7,1
4,8.2,99.5,3
4,1.5,44.5,1
4,0.6,117.3,1
4,50.5,104.7,1
4,18.1,82.9,7
4,20.6,104.5,25
4,11.8,31.1,6
4,38.0,106.6,4
4,24.2,37.5,28
4,7.4,-68.7,112
4,13.7,-4.2,3
4,-22.9,-58.5,37
4,12.5,31.6,15
4,-35.9,143.0,1
4,23.3,110.9,6
4,-8.9,15.6,36
4,-7.2,14.4,8
4,38.6,43.7,4
4,45.3,122.6,15
4,-27.4,-61.7,13
4,35.2,-105.1,2
4,6.5,-8.0,1
4,-6.8,-38.0,5
4,36.2,104.8,1
4,24.3,111.2,25
4,-28.9,22.2,1
4,7.3,28.8,25
4,-22.6,123.0,1
4,35.4,-85.6,4
4,10.4,-11.6,47
4,23.4,96.8,6
4,-21.2,123.8,4
4,-18.8,-46.5,1
4,34.9,-98.2,4
4,25.3,-108.4,1
4,7.0,-4.0,4
4,-6.4,145.1,3
4,18.3,103.5,3
4,55.2,34.3,1
4,35.0,-87.0,1
4,12.3,-15.2,2
4,43.7,124.1,20
4,-2.6,-44.2,3
4,32.7,-86.6,10
4,46.7,126.3,2
4,10.0,-4.0,13
4,4.5,21.9,22
4,28.7,110.0,1
4,20.8,85.4,8
4,43.6,-94.9,1
4,31.8,73.4,1
4,6.2,10.4,5
4,31.2,77.0,12
4,-14.2,-41.7,10
4,-10.1,-44.2,2
4,20.7,99.6,6
4,52.2,33.9,1
4,45.0,-93.8,1
4,40.7,-95.8,3
4,36.1,100.5,12
4,42.9,60.0,9
4,40.1,-123.6,1
4,25.1,-106.3,2
4,12.3,-3.3,3
4,39.0,46.1,1
4,8.0,41.0,1
4,6.8,32.9,11
4,3.9,30.0,169
4,47.2,0.6,1
4,-1.9,16.2,6
4,12.5,-9.9,110
4,30.2,-95.7,9
4,15.3,-90.6,3
4,-3.6,25.0,19
4,55.6,-3.0,2
4,53.5,91.8,6
4,-19.3,48.0,1
4,10.8,8.2,15
4,8.6,-4.6,26
4,28.0,94.1,9
4,3.9,21.8,4
4,23.6,80.5,5
4,29.3,-99.4,5
4,8.6,16.7,49
4,-24.2,149.7,3
4,9.6,18.7,42
4,27.4,92.7,3
4,-3.9,24.7,18
4,21.5,77.3,3
4,21.5,100.2,1
4,-2.0,111.7,2
4,21.8,102.2,5
4,25.6,94.9,2
4,8.7,22.8,78
4,-28.9,-50.6,1
4,-22.4,116.5,11
4,-31.5,-68.3,1
4,32.9,-86.0,1
4,17.7,80.0,16
4,19.1,97.4,4
4,-0.6,16.0,3
4,-22.6,43.8,3
4,10.8,36.0,149
4,32.5,47.5,151
4,-30.9,118.2,1
4,-5.8,27.4,3
4,-28.4,-60.5,3
4,11.1,35.0,40
4,31.6,-82.2,13
4,-6.8,14.1,5
4,-21.5,-59.9,10
4,-4.4,22.2,7
4,34.6,-97.0,6
4,8.0,5.1,18
4,10.6,-7.1,5
4,25.1,98.9,16
4,24.1,-98.9,4
4,10.5,-0.1,59
4,-25.1,-52.1,1
4,21.6,83.8,6
4,-9.0,27.2,2
4,10.5,-75.4,7
4,38.5,-122.2,1
4,-17.6,-50.8,1
4,2.2,25.0,2
4,24.6,105.8,5
4,11.6,-2.9,61
4,45.1,119.9,2
4,-14.9,50.0,29
4,33.4,46.7,1
4,21.2,77.3,2
4,51.3,41.7,1
4,41.9,-7.9,1
4,16.7,96.0,11
4,41.2,69.3,2
4,5.3,24.9,46
4,7.6,0.2,37
4,6.1,17.7,58
4,58.6,5.8,1
4,10.9,31.0,7
4,-2.6,40.3,16
4,-4.4,-50.6,1
4,34.1,-79.4,1
4,-5.3,25.1,4
4,8.3,-69.6,3
4,1.5,30.0,20
4,19.1,96.3,37
4,7.5,8.1,56
4,46.6,40.5,1
4,20.0,105.0,8
4,43.9,118.9,2
4,3.0,29.6,15
4,-18.4,34.1,1
4,12.5,-3.6,16
4,-5.9,15.6,2
4,-8.3,19.4,1
4,31.0,-94.3,8
4,-5.9,25.4,1
4,-28.5,151.8,2
4,9.7,40.7,1
4,-5.0,-48.2,1
4,-32.6,151.2,2
4,20.6,-77.0,39
4,46.9,-109.8,2
4,15.7,-5.9,1
4,12.1,35.8,37
4,34.6,-96.4,4
4,-19.6,136.1,11
4,22.1,104.3,1
4,55.3,51.3,1
4,9.6,-10.7,153
4,19.5,79.4,12
4,-21.5,128.2,112
4,-17.5,125.6,4
4,7.4,26.7,8
4,10.1,16.2,12
4,0.1,-75.9,5
4,33.0,-96.2,1
4,32.9,-113.5,1
4,46.5,130.1,10
4,11.9,2.1,5
4,46.1,61.0,1
4,40.7,113.4,1
4,10.8,33.3,76
4,10.0,-13.9,27
4,11.1,26.4,13
4,10.5,105.5,15
4,0.3,21.8,1
4,6.0,26.5,159
4,-7.0,24.0,3
4,11.7,24.7,10
4,35.9,115.5,1
4,-14.1,-75.0,3
4,21.3,83.8,45
4,12.7,28.9,5
4,15.7,98.0,21
4,-7.9,14.0,3
4,-26.5,146.4,4
4,15.6,79.2,16
4,4.4,-72.1,22
4,-1.3,19.2,1
4,41.4,-75.6,6
4,10.3,12.1,3
4,9.1,-0.7,133
4,10.0,105.9,2
4,14.1,30.9,2
4,-3.5,-42.2,1
4,8.2,10.4,2
4,23.6,77.3,12
4,7.3,-66.0,8
4,13.8,13.4,5
4,21.9,112.2,1
4,-6.9,-48.9,3
4,4.4,-60.2,2
4,2.4,32.3,10
4,40.3,-90.4,1
4,18.0,106.0,2
4,20.0,110.5,2
4,8.4,-67.0,40
4,7.2,9.2,3
4,27.5,-98.5,4
4,11.9,0.7,13
4,-29.6,-58.6,1
4,13.2,20.7,12
4,35.2,115.1,1
4,-7.9,20.4,2
4,-29.9,30.9,1
4,42.6,-122.5,1
4,5.1,9.8,2
4,-20.8,126.8,8
4,8.8,-2.6,18
4,8.5,26.6,43
4,22.6,85.3,12
4,35.0,111.2,2
4,-7.8,24.9,9
4,5.0,26.2,59
4,-4.3,26.5,5
4,12.0,-2.5,5
4,15.2,-87.9,10
4,6.0,-71.5,1
4,12.2,42.0,3
4,9.6,20.1,10
4,12.5,106.8,62
4,-25.6,26.2,2
4,52.1,69.4,9
4,46.8,30.0,1
4,10.8,11.5,5
4,49.1,-116.4,1
4,-7.6,15.4,4
4,18.5,73.5,15
4,30.8,-90.4,5
4,11.3,-11.5,76
4,9.4,18.9,16
4,-15.7,131.0,2
4,-26.9,-50.8,2
4,29.3,75.9,1
4,11.7,78.6,12
4,13.9,101.3,16
4,-3.6,37.7,2
4,37.9,117.2,7
4,-9.3,13.3,3
4,-1.3,14.2,9
4,34.7,111.2,4
4,-26.3,147.2,2
4,18.8,94.0,4
4,30.3,70.0,1
4,19.5,104.0,4
4,24.3,83.2,4
4,3.5,31.1,58
4,-10.4,-46.6,1
4,25.1,83.2,8
4,-32.7,116.8,7
4,25.7,109.8,1
4,-18.9,-41.2,1
4,-3.2,-54.6,3
4,23.0,108.9,1
4,21.7,103.8,1
4,19.2,80.3,6
4,32.3,117.8,2
4,8.5,31.6,77
4,13.5,108.6,1
4,48.1,133.3,2
4,-28.6,31.0,4
4,-32.4,-65.0,1
4,9.9,-3.1,25
4,52.9,119.8,1
4,8.1,-81.2,6
4,47.9,122.6,3
4,7.7,-62.0,10
4,17.6,-96.5,1
4,24.2,109.8,2
4,13.5,-2.6,8
4,52.3,83.2,4
4,0.0,23.9,3
4,9.7,27.7,74
4,30.5,-91.5,6
4,9.8,12.1,5
4,30.6,-98.1,23
4,8.7,-6.9,11
4,15.4,20.0,59
4,9.7,11.2,7
4,8.8,-8.7,180
4,49.7,128.6,2
4,21.8,100.0,10
4,23.8,-104.2,1
4,-36.4,147.5,516
4,7.2,24.9,95
4,47.5,125.7,4
4,10.8,21.1,33
4,26.3,116.6,2
4,18.3,80.0,9
4,20.5,101.8,26
4,21.3,82.7,15
4,35.5,111.1,3
4,39.2,34.1,2
4,4.5,31.4,50
4,16.1,-93.4,2
4,-3.4,36.0,9
4,7.1,-5.9,34
4,42.2,-96.0,4
4,15.4,-3.1,1
4,-37.6,140.3,4
4,23.3,68.9,23
4,-7.2,-37.3,2
4,43.4,-124.1,2
4,5.6,116.2,2
4,-38.4,-63.6,72
4,3.9,22.6,15
4,-27.1,23.5,1
4,12.8,13.4,3
4,10.5,28.9,15
4,14.6,-92.0,3
4,-17.4,126.9,20
4,-2.0,110.4,1
4,9.6,34.2,88
4,35.1,-93.8,22
4,4.8,-72.1,1
4,43.7,61.2,3
4,7.6,123.1,1
4,-3.1,-47.0,4
4,25.2,96.4,9
4,5.1,-71.7,6
4,31.9,70.5,7
4,29.0,118.8,2
4,26.2,83.2,4
4,32.8,-96.1,1
4,41.8,122.6,6
4,26.2,93.0,26
4,6.6,-5.5,4
4,26.1,-98.7,5
4,29.7,70.9,15
4,8.8,25.6,3
4,21.2,77.2,57
4,23.2,103.2,2
4,18.9,79.8,10
4,3.7,98.5,1
4,20.6,94.8,3
4,11.0,-12.3,17
4,-17.5,-68.4,1
4,30.4,-105.1,1
4,-6.8,15.4,5
4,27.8,80.0,8
4,-4.0,-39.8,2
4,23.4,78.1,12
4,10.3,28.1,20
4,-6.3,14.5,2
4,-4.5,17.5,21
4,37.2,-91.5,2
4,-3.9,-42.8,5
4,21.4,78.0,8
4,46.0,-110.7,2
4,4.2,26.6,77
4,2.4,11.3,3
4,34.6,-80.1,3
4,6.7,-8.7,12
4,4.3,36.4,2
4,3.6,22.5,56
4,5.3,-1.3,2
4,25.5,116.4,2
4,6.0,23.0,7
4,20.7,74.1,1
4,6.8,13.8,43
4,58.5,62.0,1
4,-16.2,-50.0,1
4,-13.3,-46.6,1
4,-28.2,125.1,51
4,13.9,-4.7,18
4,45.1,64.2,11
4,-37.7,-73.7,4
4,47.6,132.3,1
4,2.2,23.2,55
4,12.7,-0.1,28
4,6.3,-3.0,2
4,2.4,103.5,2
4,-22.9,143.1,22
4,51.8,75.3,2
4,7.1,10.3,83
4,-5.1,22.3,19
4,23.1,109.9,2
4,-9.9,-37.8,2
4,7.8,36.5,2
4,12.3,33.4,9
4,-24.8,-54.6,3
4,0.6,23.8,118
4,-46.1,169.2,1
4,11.0,-84.1,3
4,36.8,31.1,1
4,13.8,36.2,33
4,-10.0,-76.2,2
4,22.1,80.2,15
4,8.5,16.9,82
4,11.2,108.6,7
4,28.7,78.7,4
4,-21.7,140.9,22
4,9.3,7.8,38
4,15.2,-83.6,2
4,45.5,74.3,24
4,-2.9,14.5,18
4,3.4,101.5,6
4,11.5,13.3,43
4,8.4,3.1,21
4,13.0,77.6,7
4,-19.6,29.9,1
4,19.2,77.4,10
4,18.2,75.5,10
4,44.0,7.9,5
4,7.9,81.2,3
4,-27.1,30.8,19
4,59.2,55.9,1
4,-39.7,-65.5,1
4,49.5,131.5,5
4,1.3,37.4,1
4,47.2,-114.9,1
4,38.4,47.9,2
4,9.9,-69.2,19
4,25.4,97.3,7
4,34.4,-80.9,5
4,4.0,30.7,124
4,35.2,24.6,1
4,14.5,78.9,43
4,-3.3,16.9,9
4,27.2,111.6,3
4,14.8,98.5,2
4,13.9,103.5,48
4,-8.7,-39.3,3
4,8.4,-0.4,105
4,20.5,96.4,10
4,-32.4,18.7,3
4,14.0,80.1,1
4,-25.0,27.5,16
4,-23.0,-56.8,8
4,9.8,31.9,20
4,8.2,-80.9,5
4,25.6,98.0,2
4,48.1,26.0,1
4,-5.1,-37.5,1
4,18.6,79.4,8
4,-9.9,27.2,2
4,19.2,71.5,8
4,-25.7,-56.8,5
4,-13.3,-65.6,2
4,-25.7,27.6,1
4,-22.9,148.1,5
4,23.0,76.4,9
4,25.9,80.7,2
4,-29.1,-57.6,4
4,7.3,28.6,22
4,35.7,111.2,2
4,1.9,-60.8,9
4,-15.2,-42.7,2
4,12.0,-2.8,16
4,13.2,121.3,1
4,31.7,-101.9,15
4,23.2,68.6,1
4,-17.6,130.5,3
4,44.6,-84.9,1
4,-20.0,147.8,2
4,21.8,85.8,3
4,55.1,107.1,17
4,-13.2,-40.0,3
4,-29.5,153.2,1
4,-5.4,24.9,4
4,-3.8,14.8,6
4,-22.5,-55.9,2
4,36.3,-115.9,11
4,-15.5,-63.7,2
4,-22.5,120.5,16
4,39.0,42.4,1
4,7.6,27.2,16
4,21.4,94.6,13
4,19.8,-90.3,7
4,24.2,83.5,4
4,13.4,-10.4,26
4,-11.9,-47.6,1
4,32.4,-95.1,2
4,-16.4,128.0,5
4,-4.5,16.0,2
4,-30.9,-59.8,1
4,-34.8,143.4,45
4,9.7,1.1,33
4,-25.8,-56.6,4
4,-21.4,-63.5,1
4,41.9,125.6,5
4,6.8,25.0,196
4,-9.2,-38.5,2
4,17.6,-99.2,1
4,5.1,-76.7,1
4,-32.2,148.3,1
4,0.2,13.0,3
4,31.2,49.6,6
4,11.8,3.9,7
4,5.9,12.5,31
4,37.4,-94.5,3
4,45.8,127.7,9
4,6.8,4.5,24
4,33.9,-86.2,2
4,9.0,-6.1,1
4,42.7,58.9,9
4,-7.0,16.3,13
4,4.7,15.8,16
4,9.0,31.1,4
4,38.1,109.9,1
4,20.3,100.8,21
4,26.8,81.9,2
4,38.8,45.9,1
4,-15.2,-73.8,2
4,32.2,-81.3,3
4,1.3,116.7,1
4,16.1,78.1,8
4,21.7,95.7,6
4,-9.6,16.0,8
4,44.0,-97.7,1
4,-28.2,114.4,1
4,7.8,125.3,1
4,-31.0,116.9,4
4,3.6,22.3,16
4,0.1,-76.1,6
4,29.5,77.7,1
4,35.6,109.3,1
4,-25.0,-55.6,1
4,14.4,34.6,18
4,-7.4,-34.9,12
4,9.9,31.7,42
4,24.9,117.4,13
4,12.4,30.1,6
4,10.0,29.7,15
4,3.8,19.6,27
4,6.3,-10.7,9
4,-17.5,16.3,1
4,16.3,-93.3,4
4,8.7,14.2,38
4,33.7,-80.1,4
4,8.6,-12.6,32
4,11.0,78.0,1
4,13.6,79.1,4
4,30.4,117.0,5
4,53.9,72.5,3
4,33.2,-87.2,2
4,30.2,79.1,23
4,27.6,94.5,2
4,-37.7,143.7,2
4,31.5,-83.4,56
4,10.6,15.2,10
4,9.1,-65.2,33
4,9.8,-73.2,2
4,57.4,-115.6,67
4,-0.7,15.4,3
4,26.8,-97.9,3
4,4.8,117.9,1
4,-5.4,25.6,6
4,41.4,-97.5,5
4,10.9,-5.9,8
4,37.9,41.4,1
4,8.0,-80.8,10
4,53.5,-108.3,1
4,41.6,111.8,1
4,-33.0,27.9,4
4,4.4,17.6,19
4,-11.5,-76.7,20
4,3.3,113.1,1
4,10.7,6.5,44
4,-26.1,-65.8,1
4,8.0,-5.0,2
4,9.7,-64.7,1
4,-5.3,13.5,1
4,-2.4,23.3,12
4,42.7,-94.5,1
4,15.9,102.3,2
4,-13.2,-57.3,1
4,25.7,92.1,6
4,-7.3,25.9,3
4,30.9,-83.2,6
4,37.5,-93.6,3
4,-15.8,-43.4,1
4,34.7,136.1,1
4,-10.7,-37.7,1
4,38.0,125.0,1
4,20.9,-89.4,2
4,-9.8,14.2,1
4,26.2,96.6,50
4,39.5,48.8,6
4,13.1,-8.2,14
4,49.6,-96.7,1
4,11.0,-10.6,61
4,45.3,-73.6,3
4,24.1,98.5,11
4,27.1,83.3,23
4,12.9,106.7,145
4,33.4,-88.1,5
4,10.4,-69.9,1
4,-6.8,13.2,1
4,52.8,17.2,1
4,-24.3,148.1,16
4,25.1,87.5,3
4,-12.3,-62.0,1
4,14.2,5.8,5
4,19.8,93.7,4
4,-5.6,22.6,14
4,-35.9,146.5,4
4,42.3,-120.6,9
4,24.1,88.4,4
4,47.9,124.7,9
4,62.3,43.0,1
4,8.5,23.9,77
4,36.4,-79.7,1
4,-17.6,128.2,6
4,30.5,50.4,3
4,8.3,20.9,95
4,36.1,113.8,7
4,50.6,9.9,1
4,21.5,98.0,17
4,19.3,-103.5,9
4,12.3,-2.0,2
4,-8.1,24.4,9
4,-23.8,30.1,11
4,12.8,-11.0,56
4,-6.8,13.9,1
4,15.0,-2.4,1
4,16.0,100.8,35
4,17.9,82.8,1
4,-12.7,-42.6,2
4,-21.9,147.9,1
4,10.7,-1.0,24
4,12.7,-9.2,8
4,33.0,72.8,14
4,7.6,25.6,129
4,36.7,112.5,15
4,-23.3,-57.6,7
4,32.8,-82.4,16
4,44.0,118.3,2
4,16.8,105.1,19
4,29.0,68.6,1
4,8.2,19.0,105
4,-18.3,-47.3,2
4,16.2,103.2,1
4,49.6,-111.3,2
4,41.0,-97.0,2
4,11.0,122.7,1
4,46.9,16.7,1
4,23.0,70.1,10
4,23.2,109.5,5
4,11.6,35.4,27
4,-15.4,130.3,8
4,21.0,95.7,13
4,11.7,-8.6,8
4,45.8,-119.2,1
4,45.4,123.1,19
4,13.9,76.4,21
4,8.3,-60.2,2
4,9.1,-68.1,19
4,-27.1,-70.0,45
4,16.1,105.3,1
4,7.9,15.4,108
4,22.8,-102.8,7
4,22.1,106.0,4
4,19.7,98.1,8
4,6.9,36.5,80
4,19.0,-97.9,5
4,33.8,-92.4,1
4,2.8,21.8,27
4,14.1,103.5,104
4,-9.4,-40.8,5
4,12.4,-6.3,11
4,40.8,112.8,5
4,22.1,77.7,4
4,-34.6,-62.4,1
4,-6.4,-76.8,5
4,34.5,-82.7,1
4,7.2,23.0,2
4,7.8,6.4,37
4,28.1,94.0,3
4,22.7,110.4,21
4,-0.6,101.5,1
4,22.8,109.7,2
4,47.7,123.7,5
4,-4.9,39.1,13
4,53.8,70.3,1
4,11.4,3.5,19
4,14.0,-88.5,14
4,26.6,97.8,1
4,-26.4,-58.3,17
4,8.6,1.2,40
4,8.5,4.8,21
4,5.5,-71.4,5
4,31.6,113.4,1
4,18.6,81.4,1
4,19.5,81.4,1
4,7.3,32.2,117
4,5.0,-71.8,39
4,-9.1,28.3,1
4,29.8,-92.3,18
4,-21.5,144.2,1
4,1.8,30.3,7
4,-0.1,-75.1,1
4,23.6,91.4,1
4,47.8,117.8,1
4,6.0,17.4,99
4,-6.6,-39.8,4
4,12.2,106.3,67
4,51.2,40.5,1
4,-6.9,21.1,1
4,-20.6,-50.3,1
4,-34.3,-60.7,1
4,36.7,-94.1,1
4,5.9,37.3,1
4,6.1,30.8,66
4,22.2,83.5,4
4,9.6,32.9,42
4,-21.4,44.1,31
4,-19.6,138.6,15
4,14.5,5.7,3
4,31.8,-85.1,3
4,20.7,102.1,42
4,-1.8,14.3,7
4,9.9,5.0,71
4,13.6,23.6,4
4,-26.6,-58.5,16
4,34.3,-99.7,1
4,10.8,-8.3,26
4,12.6,105.4,13
4,10.7,8.8,40
4,1.6,98.9,1
4,7.3,5.9,7
4,41.1,-106.9,2
4,21.4,-97.7,1
4,29.7,-95.1,76
4,8.0,-4.0,6
4,13.8,-16.6,6
4,22.2,69.1,1
4,14.1,-4.2,60
4,-24.6,28.5,2
4,-5.8,20.3,6
4,3.7,16.3,2
4,11.2,78.8,2
4,-28.4,-56.8,4
4,39.5,-95.4,1
4,32.8,131.0,8
4,8.2,0.5,130
4,-7.7,24.5,16
4,31.6,108.4,2
4,17.9,-89.4,1
4,19.9,84.5,1
4,23.5,103.1,76
4,0.5,-74.2,31
4,34.6,-83.9,1
4,47.2,38.9,1
4,21.6,-98.9,5
4,20.4,99.9,6
4,8.8,-70.4,2
4,15.9,107.9,2
4,1.7,35.4,1
4,-33.0,138.8,8
4,14.9,-85.4,3
4,0.5,-75.3,6
4,3.9,22.7,14
4,-17.7,35.4,7
4,2.6,29.5,1
4,18.1,-93.7,13
4,6.0,-8.2,6
4,36.2,-90.8,1
4,2.5,21.4,6
4,20.7,94.1,35
4,53.3,80.8,1
4,-13.9,-39.2,1
4,-26.6,146.8,2
4,2.6,117.4,1
4,38.0,116.0,5
4,20.9,92.3,2
4,32.9,119.5,2
4,26.0,93.3,21
4,33.1,47.0,1
4,12.4,-9.4,60
4,-5.7,23.9,3
4,11.4,106.0,2
4,15.4,120.0,7
4,6.0,32.1,102
4,5.7,-4.3,1
4,33.3,105.1,1
4,27.4,72.3,20
4,-8.8,15.3,29
4,-36.2,143.1,1
4,24.1,49.1,15
4,11.0,105.9,4
4,13.9,-89.9,9
4,5.3,-61.3,39
4,2.0,30.4,8
4,37.4,-92.7,1
4,31.4,73.4,6
4,30.1,111.8,1
4,38.5,65.3,3
4,31.6,-91.0,2
4,21.0,99.9,6
4,17.9,78.2,6
4,15.2,75.9,2
4,3.7,17.5,11
4,19.8,110.1,1
4,4.2,24.7,5
4,14.8,106.3,22
4,13.7,-12.3,18
4,14.9,78.0,6
4,-15.9,23.0,1
4,15.9,99.9,1
4,46.7,118.1,8
4,25.2,103.0,3
4,-9.6,-48.9,1
4,29.2,121.8,2
4,5.2,32.6,53
4,16.8,103.5,25
4,19.7,77.7,8
4,-9.2,16.1,1
4,20.4,93.5,6
4,15.3,-85.5,2
4,38.4,44.9,2
4,3.9,30.7,115
4,11.0,23.3,6
4,33.6,-105.1,2
4,31.6,-91.4,1
4,30.5,71.6,2
4,-8.9,15.7,12
4,24.1,99.8,3
4,-31.1,117.7,1
4,14.2,29.9,2
4,34.4,-91.1,1
4,-2.4,110.7,4
4,-23.7,-59.9,3
4,46.6,130.3,16
4,61.5,46.1,8
4,10.4,77.6,3
4,35.0,46.3,4
4,-8.3,15.5,49
4,-13.2,-66.5,8
4,5.5,16.0,43
4,30.1,117.9,1
4,23.9,104.0,31
4,-31.0,29.5,2
4,13.7,-0.7,13
4,35.6,-85.4,4
4,14.0,-4.1,41
4,13.2,-86.4,2
4,6.4,31.8,116
4,17.5,75.1,11
4,35.7,-93.0,1
4,47.4,125.3,2
4,-13.0,49.1,2
4,-19.6,134.5,92
4,46.7,39.7,1
4,35.2,-86.1,1
4,27.0,84.3,4
4,-6.6,-49.9,3
4,11.5,23.4,6
4,3.4,97.8,6
4,8.6,5.1,214
4,-27.3,-49.4,2
4,8.3,125.9,2
4,12.1,-85.7,4
4,7.6,33.9,72
4,46.5,133.0,1
4,24.7,111.3,4
4,30.7,114.7,3
4,12.1,79.0,5
4,-0.1,-76.3,1
4,-1.4,22.2,2
4,6.1,-67.5,3
4,-2.5,16.0,33
4,4.7,13.4,4
4,51.2,34.6,3
4,24.8,-98.3,1
4,-32.9,18.2,5
4,-5.1,28.7,1
4,10.2,6.9,21
4,18.7,82.6,1
4,14.5,31.4,1
4,11.5,-1.9,1
4,-14.7,125.4,79
4,-6.0,23.2,8
4,-21.1,-54.4,2
4,-6.9,-40.2,4
4,11.3,14.1,5
4,-12.5,-52.2,1
4,16.6,95.3,18
4,5.1,20.0,30
4,15.2,100.0,4
4,20.5,100.5,65
4,18.7,74.3,6
4,-3.5,17.5,6
4,-1.3,101.8,2
4,-10.7,15.8,5
4,-11.6,15.5,26
4,25.0,69.4,4
4,11.2,-72.0,3
4,33.8,-105.9,2
4,8.1,-76.3,2
4,6.8,12.4,16
4,16.8,99.5,24
4,22.5,80.7,3
4,53.2,74.9,4
4,26.4,117.4,1
4,23.6,100.1,1
4,21.1,-101.6,3
4,5.0,22.1,10
4,-30.1,148.6,5
4,59.1,31.8,1
4,18.4,-93.3,27
4,11.2,18.6,2
4,2.9,-72.9,3
4,44.1,46.4,3
4,15.0,40.3,2
4,10.4,10.8,3
4,13.0,-11.3,35
4,57.1,28.9,1
4,17.0,-95.3,1
4,35.1,109.4,1
4,33.3,-88.8,3
4,19.7,74.3,3
4,-27.0,-56.1,1
4,9.8,3.8,96
4,2.8,9.9,5
4,46.8,-119.6,1
4,-32.1,-61.3,1
4,-16.7,-44.4,1
4,37.0,60.6,2
4,35.6,-90.8,2
4,53.9,84.1,1
4,22.9,83.0,1
4,30.8,-95.6,2
4,46.7,118.4,4
4,-16.7,-46.5,1
4,24.4,94.6,13
4,-0.8,115.7,7
4,37.9,118.9,33
4,44.7,63.1,3
4,24.2,98.1,4
4,39.2,121.9,1
4,-15.8,31.1,1
4,10.9,78.0,4
4,-7.4,25.0,3
4,16.0,-93.1,4
4,20.9,86.8,1
4,4.1,25.7,32
4,19.0,110.4,2
4,6.8,28.8,2
4,44.4,133.5,8
4,8.3,-74.2,3
4,4.2,29.7,94
4,-3.2,25.9,3
4,-21.3,-59.5,4
4,11.3,31.9,31
4,38.8,-92.5,6
4,12.9,75.0,1
4,39.0,33.4,1
4,37.8,106.2,1
4,41.2,80.6,1
4,-17.4,-41.9,2
4,0.8,29.9,2
4,14.7,75.3,7
4,19.6,84.1,6
4,21.5,73.2,6
4,6.9,0.8,27
4,6.8,30.2,46
4,33.5,-89.2,3
4,5.5,26.9,10
4,38.7,26.9,113
4,22.4,81.9,2
4,8.7,-67.9,6
4,31.2,-84.0,5
4,13.2,-4.7,1
4,13.5,77.5,12
4,7.2,22.8,126
4,2.5,102.6,1
4,26.0,78.2,3
4,23.2,110.5,3
4,11.3,78.4,3
4,-6.6,18.1,1
4,12.2,27.2,2
4,7.9,27.7,38
4,10.6,105.1,7
4,-5.3,26.7,29
4,-13.7,-41.2,1
4,25.4,83.5,3
4,11.5,125.1,2
4,35.5,-92.0,1
4,5.7,21.2,25
4,23.7,110.2,1
4,12.6,-5.2,1
4,9.3,0.9,79
4,6.2,-2.2,11
4,7.4,28.7,59
4,6.9,-1.8,4
4,-2.8,15.1,3
4,9.6,-62.0,3
4,5.6,16.1,33
4,2.6,20.5,24
4,31.3,113.9,2
4,18.5,95.2,59
4,13.4,106.0,47
4,12.0,34.9,1
4,25.1,71.3,1
4,12.7,34.1,2
4,22.8,100.5,4
4,21.0,-77.9,6
4,-21.5,116.6,1
4,30.3,69.1,1
4,13.0,-2.7,4
4,32.9,-82.1,14
4,28.2,-0.2,20
4,7.0,8.1,100
4,-23.4,-57.6,2
4,8.0,-62.7,2
4,34.2,-91.5,2
4,29.8,79.4,37
4,24.3,92.9,10
4,38.3,-121.9,4
4,25.9,43.7,1
4,7.0,126.4,4
4,12.8,-14.5,61
4,19.2,102.5,28
4,15.7,106.2,8
4,26.6,84.4,18
4,28.7,77.6,4
4,23.2,-102.7,3
4,18.6,79.9,3
4,31.8,-89.4,1
4,9.4,18.1,10
4,39.5,-96.6,7
4,8.8,79.9,3
4,16.2,121.3,3
4,21.8,95.6,18
4,13.2,80.3,2
4,41.1,-90.7,5
4,18.7,-99.1,10
4,13.3,-88.1,12
4,21.9,-79.4,9
4,19.9,-102.6,12
4,-16.3,-54.4,1
4,29.8,73.9,2
4,40.1,118.5,2
4,-13.8,-45.6,3
4,-5.6,26.3,6
4,-9.8,-42.0,2
4,7.0,35.9,72
4,23.5,77.5,19
4,-13.3,-44.0,7
4,33.3,-116.9,6
4,28.5,115.7,1
4,11.0,-7.9,51
4,54.8,69.2,1
4,32.6,-80.6,3
4,30.9,-116.1,1
4,32.8,108.6,2
4,48.4,44.8,3
4,38.3,38.3,1
4,32.6,44.2,13
4,26.7,101.6,12
4,-18.5,124.1,1
4,2.2,-75.2,3
4,13.2,99.5,8
4,37.2,140.6,1
4,-10.2,-73.9,2
4,11.0,103.2,12
4,-4.4,-44.8,6
4,54.0,13.0,3
4,36.9,118.6,4
4,54.2,71.8,2
4,8.4,34.4,110
4,-19.0,121.7,1
4,37.7,-96.6,3
4,25.6,117.5,4
4,7.8,26.4,21
4,14.7,29.4,8
4,22.2,108.4,2
4,24.5,74.9,2
4,23.5,79.8,2
4,-28.3,-59.3,1
4,7.9,0.9,67
4,-0.1,15.7,11
4,6.5,-67.6,20
4,13.6,36.2,7
4,51.2,26.2,3
4,2.1,10.7,3
4,35.2,-81.4,2
4,38.0,65.2,1
4,-6.7,38.2,2
4,31.9,-84.0,4
4,32.9,-84.5,2
4,27.4,95.9,8
4,34.4,114.1,1
4,7.5,-64.1,6
4,21.0,-98.7,1
4,19.3,80.5,9
4,34.7,133.6,1
4,7.7,2.6,63
4,45.1,17.1,1
4,9.4,7.6,25
4,23.1,108.5,2
4,11.2,25.1,5
4,33.4,73.2,8
4,43.8,21.3,1
4,7.2,4.6,1
4,27.3,85.0,2
4,7.2,18.1,37
4,41.5,-102.6,12
4,2.5,-74.0,17
4,-20.5,-59.1,1
4,23.0,77.9,15
4,-25.3,150.3,13
4,-33.7,148.4,1
4,1.8,-73.5,24
4,10.0,-68.6,28
4,12.1,21.3,65
4,27.7,58.0,1
4,-8.2,23.1,2
4,0.1,30.0,21
4,18.9,74.2,1
4,6.6,-10.0,2
4,-19.3,-55.3,3
4,-3.5,37.7,3
4,28.0,84.9,5
4,6.8,101.1,1
4,28.7,54.5,11
4,5.3,-68.3,8
4,8.4,26.7,21
4,28.5,76.9,1
4,-28.5,-56.3,1
4,0.8,23.8,73
4,47.8,122.8,10
4,-26.0,147.9,2
4,48.0,122.8,14
4,9.3,8.0,23
4,46.0,128.3,7
4,44.1,-81.6,4
4,-4.4,-48.7,7
4,-39.0,-72.3,6
4,-22.6,-40.1,4
4,12.7,-4.8,2
4,22.9,93.8,9
4,7.8,14.4,67
4,40.1,58.6,4
4,5.9,11.2,84
4,31.0,-94.9,1
4,37.1,127.1,1
4,20.8,70.8,8
4,-30.3,153.0,1
4,25.3,104.5,1
4,1.6,23.0,14
4,8.4,-7.1,4
4,-5.7,-50.2,1
4,41.8,-77.8,1
4,-23.0,-55.8,6
4,22.3,70.3,2
4,47.1,134.3,4
4,19.1,78.6,10
4,41.2,121.9,10
4,45.9,24.8,3
4,11.9,104.1,48
4,-6.8,-37.2,5
4,27.8,52.2,1
4,40.0,15.3,1
4,29.3,104.4,1
4,23.0,-101.1,4
4,-9.2,15.6,41
4,39.1,-97.1,1
4,17.9,81.5,5
4,4.4,23.8,5
4,-7.2,22.6,2
4,5.5,100.9,2
4,6.1,-69.1,13
4,41.0,121.6,39
4,9.4,0.0,77
4,6.5,3.1,3
4,54.5,-118.4,23
4,21.4,-102.7,1
4,29.7,-81.6,1
4,38.6,-90.2,21
4,30.1,-107.5,2
4,31.9,-103.1,22
4,54.6,68.6,1
4,39.3,99.8,1
4,22.5,85.5,19
4,-22.4,-63.8,3
4,6.0,-71.3,9
4,-23.1,-49.1,7
4,6.7,101.0,1
4,29.1,-97.8,4
4,26.6,80.6,1
4,-16.7,126.8,12
4,49.1,124.5,2
4,-17.0,-59.1,2
4,-10.4,13.5,7
4,54.6,20.3,1
4,0.1,-74.3,7
4,33.9,-97.3,7
4,13.1,-14.6,10
4,-3.2,104.3,2
4,9.0,26.9,45
4,-16.0,125.4,7
4,20.8,84.9,390
4,23.2,114.5,5
4,47.2,127.8,4
4,51.7,-0.3,1
4,6.4,20.1,96
4,14.8,49.6,1
4,39.4,30.0,8
4,29.9,-82.1,4
4,14.4,4.1,1
4,19.3,83.3,7
4,19.6,-102.0,3
4,-24.4,-65.1,5
4,30.2,75.6,1
4,35.0,60.7,4
4,10.5,-75.6,2
4,40.8,39.9,1
4,32.4,-103.5,1
4,9.4,78.3,1
4,-18.6,-52.7,2
4,14.1,-15.2,1
4,22.1,102.6,12
4,28.6,80.4,13
4,46.7,125.9,36
4,-23.3,43.9,7
4,34.6,-94.3,2
4,-17.3,131.8,17
4,-26.8,-59.8,1
4,33.6,117.7,2
4,7.3,1.9,9
4,-25.2,152.2,2
4,17.8,73.1,11
4,36.3,120.3,4
4,22.2,100.6,3
4,40.5,22.6,10
4,17.3,-90.1,1
4,-11.6,14.6,2
4,-5.2,38.7,8
4,5.2,21.3,36
4,-37.6,147.7,2
4,27.7,118.7,1
4,-6.0,19.1,5
4,36.5,-87.7,8
4,14.4,18.1,1
4,14.0,-8.9,9
4,1.9,112.5,2
4,-15.7,-69.9,4
4,-19.5,143.6,1
4,14.5,109.0,2
4,2.8,117.6,2
4,39.7,-85.5,2
4,-15.9,41.3,1
4,29.7,-95.0,47
4,47.3,-120.2,1
4,-3.4,-78.5,1
4,20.9,94.7,20
4,-22.2,-58.1,6
4,28.6,70.3,23
4,-34.1,19.2,5
4,34.4,74.5,1
4,9.6,34.5,88
4,36.4,-120.4,6
4,17.2,103.3,8
4,27.5,117.8,1
4,-5.3,16.2,7
4,37.1,39.9,4
4,8.2,-81.0,4
4,13.5,-2.1,118
4,37.4,110.1,1
4,35.0,133.9,5
4,8.1,-67.0,20
4,8.5,10.0,30
4,28.2,84.6,3
4,5.0,28.1,108
4,16.8,74.0,7
4,52.8,68.6,1
4,-6.0,13.9,6
4,17.0,-90.2,3
4,40.8,110.6,3
4,19.8,75.4,3
4,13.1,76.4,1
4,0.6,18.0,2
4,14.7,106.0,19
4,20.2,72.9,7
4,7.8,12.4,82
4,23.2,79.2,1
4,37.5,114.4,1
4,17.1,101.8,8
4,19.3,-90.5,4
4,48.3,21.1,1
4,34.5,-97.7,10
4,23.6,102.2,2
4,21.7,102.9,3
4,7.5,3.8,28
4,39.7,-5.8,2
4,18.3,-96.2,12
4,3.2,34.0,16
4,45.5,127.1,7
4,23.8,95.4,4
4,53.9,69.0,2
4,-1.8,-60.1,1
4,-26.7,146.9,4
4,-10.3,17.1,1
4,-11.2,15.6,14
4,13.7,20.8,1
4,5.2,21.8,49
4,-34.1,118.2,1
4,13.5,-12.1,5
4,9.6,-7.1,17
4,27.1,118.9,2
4,27.5,94.8,5
4,30.7,47.3,372
4,-9.7,149.5,2
4,-6.5,-42.1,3
4,31.8,75.3,3
4,31.5,-84.0,7
4,41.6,123.2,7
4,24.5,-105.5,1
4,-2.6,-56.1,4
4,46.9,127.1,6
4,5.1,18.9,20
4,60.9,12.1,1
4,7.8,-62.5,18
4,-4.0,35.7,2
4,17.7,106.3,14
4,26.5,84.9,7
4,10.4,3.3,82
4,-10.0,-77.9,2
4,38.8,111.3,1
4,52.2,82.5,4
4,-4.5,38.3,1
4,4.7,-60.3,10
4,10.1,-11.6,100
4,53.6,12.4,1
4,-20.3,121.0,13
4,33.7,61.0,4
4,17.0,74.0,13
4,29.7,79.3,34
4,0.5,-74.5,19
4,33.5,-87.8,3
4,19.7,103.2,10
4,4.0,-71.1,12
4,8.2,31.7,145
4,-25.4,30.4,2
4,30.8,-89.5,15
4,20.2,84.2,1
4,31.7,-97.1,1
4,-11.4,-48.0,4
4,8.7,19.7,114
4,-5.7,14.0,3
4,15.7,35.3,1
4,-4.6,19.7,3
4,-26.2,28.8,2
4,12.0,27.1,7
4,24.8,85.2,2
4,-15.3,-61.4,3
4,3.6,32.1,39
4,13.0,8.4,1
4,22.3,107.3,4
4,9.6,4.5,11
4,-14.0,-52.9,1
4,36.7,-96.0,1
4,-22.0,-54.6,2
4,-7.3,-35.8,14
4,9.6,118.5,1
4,49.0,39.9,1
4,-4.7,-39.2,7
4,25.8,101.8,2
4,9.7,-63.3,220
4,1.6,104.2,1
4,5.8,-56.7,8
4,20.9,94.2,37
4,-24.2,151.7,12
4,-20.3,134.2,4
4,29.6,120.8,20
4,19.4,104.1,3
4,26.6,91.8,1
4,7.2,-10.2,1
4,18.8,97.3,73
4,38.4,-98.3,2
4,-35.7,138.3,1
4,43.3,132.1,1
4,19.2,109.1,3
4,-6.1,24.2,3
4,20.9,82.0,32
4,14.5,106.8,21
4,6.1,15.4,38
4,4.5,29.7,28
4,10.3,31.2,51
4,20.3,105.4,3
4,-22.4,-47.1,2
4,51.1,27.2,1
4,18.7,77.0,3
4,48.5,83.6,1
4,34.8,-90.9,1
4,-19.7,-48.2,1
4,10.3,-71.3,7
4,-7.3,-42.8,1
4,0.4,19.7,1
4,37.8,-86.9,1
4,20.0,96.5,28
4,10.2,-11.7,61
4,21.5,-97.8,5
4,43.2,-1.0,11
4,5.0,27.6,42
4,30.8,46.7,9
4,24.8,75.5,2
4,10.6,36.8,1
4,-26.3,-70.1,1
4,18.6,102.9,12
4,24.6,113.6,7
4,5.4,-70.1,28
4,9.9,14.0,2
4,14.9,-85.6,3
4,18.2,99.3,2
4,11.4,124.4,1
4,-24.4,-65.3,2
4,-22.8,149.7,1
4,15.2,102.5,4
4,9.9,30.2,40
4,14.7,31.2,1
4,13.9,75.9,19
4,41.5,123.5,2
4,10.6,22.5,42
4,40.3,-98.1,2
4,5.2,-72.7,6
4,-22.6,-57.6,50
4,9.3,98.7,1
4,13.9,-13.4,29
4,51.7,25.1,1
4,11.4,31.1,44
4,12.5,2.4,20
4,16.6,-92.9,5
4,-4.7,21.9,19
4,9.4,31.8,174
4,-29.2,115.1,2
4,42.1,58.6,3
4,22.8,109.4,4
4,20.4,96.1,5
4,2.1,-76.1,1
4,16.2,106.6,3
4,41.8,-8.6,2
4,-36.2,149.7,4
4,16.6,74.1,9
4,17.3,98.5,14
4,4.5,14.1,22
4,31.3,-89.9,1
4,19.1,-71.3,1
4,9.8,35.1,6
4,9.4,-64.6,25
4,19.2,84.0,10
4,44.9,121.9,1
4,12.0,5.6,88
4,16.6,-15.4,6
4,5.4,10.5,45
4,-22.3,35.1,3
4,16.2,-94.0,48
4,-2.1,112.0,1
4,45.8,130.2,4
4,10.5,20.2,18
4,25.2,90.9,4
4,27.0,-80.5,7
4,25.2,97.2,10
4,46.1,39.0,2
4,6.6,-10.7,10
4,18.0,95.6,1
4,8.5,14.8,27
4,14.5,9.1,4
4,24.0,77.7,18
4,11.2,2.3,3
4,28.1,-0.6,31
4,25.7,-97.8,1
4,36.1,120.0,4
4,0.8,42.6,5
4,22.8,79.7,7
4,18.2,-89.2,3
4,51.8,36.0,1
4,-15.4,-69.2,1
4,-10.6,-51.6,1
4,-38.1,-72.1,15
4,6.6,25.9,176
4,36.0,-87.7,1
4,37.1,114.4,1
4,7.3,23.5,122
4,12.5,-7.5,20
4,23.2,116.3,3
4,-33.4,-59.5,1
4,32.9,-116.7,3
4,-7.6,23.7,11
4,-23.5,-46.4,17
4,38.5,-87.3,2
4,16.2,-90.1,2
4,-3.5,-45.9,6
4,26.7,117.6,2
4,-6.8,25.6,2
4,37.6,118.8,5
4,22.0,103.2,5
4,19.4,73.3,18
4,2.5,28.4,11
4,28.4,84.8,25
4,44.0,131.1,9
4,43.2,-6.3,1
4,-5.2,26.4,1
4,4.0,28.5,81
4,-16.5,126.8,1
4,20.1,102.6,19
4,7.9,-1.2,170
4,3.4,27.2,30
4,43.7,122.9,1
4,3.4,22.1,95
4,-7.4,-76.4,2
4,5.3,27.3,105
4,22.5,-99.3,7
4,7.3,-62.1,5
4,6.9,-63.8,66
4,15.5,73.9,16
4,5.7,34.6,3
4,37.7,64.0,7
4,38.5,-93.7,2
4,4.9,27.8,92
4,22.0,100.9,1
4,0.6,117.0,5
4,-5.0,-45.9,2
4,19.4,109.0,1
4,7.4,102.6,3
4,6.8,4.1,1
4,-23.1,35.3,8
4,49.0,-102.5,1
4,5.1,-2.2,1
4,39.5,-96.3,2
4,10.7,29.4,6
4,-9.4,-41.1,6
4,22.5,80.5,2
4,29.6,-104.5,1
4,19.7,94.0,26
4,24.7,87.5,1
4,48.8,123.5,9
4,-25.0,-49.7,7
4,5.2,6.8,11
4,16.8,100.1,7
4,14.9,-12.6,2
4,-27.5,149.7,13
4,18.4,-88.9,7
4,10.1,1.4,25
4,18.3,-66.7,1
4,-34.2,-60.8,5
4,14.8,76.0,17
4,22.1,88.8,2
4,47.2,123.9,2
4,-18.1,-42.0,3
4,-42.8,-72.0,3
4,27.3,92.4,1
4,8.1,-70.1,4
4,61.6,30.6,1
4,18.8,77.0,1
4,-0.8,122.5,1
4,5.5,34.5,5
4,10.7,-3.1,36
4,28.1,78.0,4
4,8.3,-11.5,10
4,35.2,-94.3,28
4,9.4,32.6,98
4,7.3,29.3,14
4,35.0,-80.4,2
4,13.3,1.0,2
4,33.0,-94.2,1
4,35.3,109.8,2
4,11.5,-11.7,100
4,7.2,17.0,48
4,26.3,71.1,1
4,32.7,-89.6,2
4,38.9,117.5,23
4,46.3,125.7,10
4,-9.9,22.3,1
4,-3.1,-48.7,1
4,-9.0,-35.8,2
4,57.0,-117.1,9
4,43.9,119.0,5
4,42.2,-83.2,13
4,36.3,120.1,5
4,4.8,7.7,3
4,-25.4,32.8,2
4,22.6,105.4,1
4,10.6,25.7,31
4,9.9,27.8,50
4,-1.2,-46.1,1
4,2.7,25.1,4
4,5.0,14.1,26
4,10.4,-10.7,140
4,20.4,102.4,16
4,16.3,80.5,11
4,19.5,105.1,29
4,-7.8,-39.9,2
4,10.3,37.1,52
4,-3.6,-55.4,3
4,11.7,79.0,2
4,-5.0,-45.5,1
4,19.7,-89.7,3
4,51.7,8.0,1
4,-2.4,-80.5,2
4,-14.8,-49.7,1
4,7.7,-12.0,43
4,6.7,-10.0,5
4,26.4,102.5,3
4,11.2,5.5,13
4,-19.0,134.3,5
4,14.2,-88.4,2
4,22.2,105.2,8
4,-16.5,126.7,102
4,10.7,23.9,33
4,17.9,-100.1,2
4,-6.5,17.5,12
4,31.0,-94.0,12
4,37.9,-103.6,1
4,9.0,10.8,21
4,11.5,13.8,6
4,-5.7,21.6,13
4,-30.0,29.9,1
4,7.9,-78.3,8
4,13.8,-1.7,30
4,38.1,114.3,4
4,7.1,39.2,2
4,20.0,81.5,6
4,11.1,78.2,7
4,-14.1,-46.6,1
4,19.1,100.6,14
4,12.7,105.3,17
4,20.6,-100.2,39
4,-5.5,38.3,28
4,36.1,-95.9,37
4,3.1,23.9,15
4,15.0,100.8,29
4,-32.2,147.0,6
4,0.5,32.6,2
4,5.9,11.4,185
4,6.1,8.7,11
4,47.7,87.8,3
4,42.3,-122.8,3
4,2.8,18.4,9
4,7.6,7.7,49
4,37.0,44.2,1
4,10.9,34.2,10
4,6.5,36.8,40
4,35.1,-88.5,3
4,1.5,117.2,5
4,39.2,-82.4,1
4,22.1,92.3,26
4,42.4,-95.5,3
4,6.2,-74.7,2
4,12.5,-3.0,23
4,27.6,-99.5,9
4,20.2,-96.9,1
4,9.4,6.4,9
4,20.0,93.0,31
4,-8.1,15.7,2
4,33.4,112.9,1
4,38.7,-91.5,4
4,30.2,-83.9,4
4,41.9,-102.0,2
4,3.5,20.3,45
4,39.0,106.7,1
4,-30.0,-62.6,20
4,8.0,-63.4,36
4,44.2,119.2,5
4,7.5,-68.4,122
4,8.9,-69.6,3
4,-46.3,168.3,1
4,-18.7,-58.7,214
4,-31.5,146.5,6
4,28.8,115.8,3
4,56.3,30.1,13
4,21.9,80.1,11
4,16.5,98.1,16
4,13.6,75.9,11
4,10.6,19.1,11
4,-17.3,47.1,3
4,-1.8,-54.6,3
4,42.9,118.8,5
4,-10.6,14.4,1
4,-24.6,150.5,1
4,23.2,69.0,16
4,41.9,-89.8,2
4,-2.0,-80.4,3
4,31.0,70.8,20
4,45.3,130.9,1
4,18.7,-96.4,5
4,-23.3,-56.8,3
4,21.2,-99.7,1
4,20.4,83.8,6
4,8.1,30.3,13
4,-17.3,-40.8,1
4,22.5,120.3,120
4,13.3,-3.2,5
4,44.3,-97.4,1
4,-8.3,-38.8,2
4,11.0,35.5,114
4,31.7,-81.2,3
4,-8.1,26.8,1
4,32.6,120.5,1
4,6.4,22.6,29
4,-24.9,30.8,2
4,5.4,22.4,25
4,27.1,89.8,1
4,28.1,77.4,5
4,-15.6,-41.8,3
4,-27.4,-49.1,1
4,-14.7,125.7,51
4,20.4,-103.5,7
4,23.3,92.1,18
4,20.9,94.5,9
4,-23.2,-54.4,1
4,-9.5,13.7,3
4,-3.7,14.5,6
4,10.0,125.1,2
4,21.2,81.9,132
4,-33.4,-67.9,2
4,-4.8,-44.2,1
4,-5.0,23.4,6
4,13.8,107.1,36
4,19.4,77.7,26
4,44.0,128.7,2
4,46.7,132.1,2
4,-5.2,28.1,3
4,40.1,114.0,12
4,27.7,101.9,8
4,13.1,-13.2,91
4,16.6,99.5,17
4,-27.9,29.9,2
4,-37.6,146.9,1
4,-23.1,-59.2,2
4,10.4,98.6,7
4,22.2,-102.8,1
4,14.2,-4.4,57
4,26.8,62.6,2
4,7.5,19.9,113
4,9.1,13.8,23
4,34.1,-78.9,2
4,2.2,-61.7,2
4,4.2,-60.5,8
4,11.5,0.4,11
4,47.2,16.2,1
4,4.8,28.7,108
4,27.0,101.5,6
4,-40.9,-67.2,2
4,33.4,-85.5,2
4,-6.4,15.0,1
4,32.8,108.0,4
4,8.3,-1.9,58
4,-10.4,-36.6,4
4,-21.6,144.9,12
4,-6.8,13.6,1
4,29.0,78.0,7
4,45.3,125.2,21
4,-26.5,-56.2,3
4,-2.4,-80.2,1
4,11.5,41.5,25
4,34.4,73.7,4
4,12.8,-87.1,21
4,-18.2,126.4,2
4,3.9,22.5,28
4,26.5,69.0,5
4,8.0,15.4,118
4,9.9,-66.3,26
4,6.3,25.3,20
4,21.9,-84.1,2
4,32.8,-90.0,12
4,10.4,-69.4,10
4,-35.3,141.8,34
4,7.7,4.3,5
4,-31.9,147.6,10
4,18.5,-71.0,9
4,-7.7,16.1,6
4,43.7,46.6,1
4,21.2,99.1,18
4,33.3,-86.6,2
4,5.5,8.2,44
4,46.0,121.5,21
4,43.2,126.6,16
4,21.2,92.1,2
4,-9.7,-37.4,1
4,44.1,132.1,5
4,43.1,59.1,11
4,-37.5,146.9,10
4,-30.8,146.8,14
4,31.0,-89.5,3
4,29.3,99.9,2
4,12.0,31.2,37
4,57.1,39.3,1
4,8.5,32.9,74
4,52.3,0.1,1
4,7.6,-64.7,35
4,-26.8,-54.2,5
4,-7.6,22.2,5
4,10.8,2.2,32
4,47.1,125.2,4
4,-10.8,31.2,2
4,-29.8,-62.7,15
4,6.9,23.3,128
4,11.2,29.6,75
4,5.6,22.3,7
4,26.1,112.6,1
4,24.2,83.4,17
4,-4.0,142.0,1
4,18.0,97.3,12
4,6.8,23.8,47
4,23.4,102.8,1
4,30.2,119.4,1
4,-14.9,-53.0,2
4,4.0,19.4,24
4,40.5,-93.7,4
4,33.4,-98.6,28
4,12.6,-12.3,36
4,0.4,24.7,19
4,28.6,-106.6,1
4,-6.1,18.5,13
4,66.2,77.2,20
4,7.6,12.7,24
4,12.7,79.5,2
4,26.3,94.4,1
4,8.8,-5.7,6
4,15.0,120.6,15
4,-12.1,16.8,2
4,-7.7,13.2,3
4,26.8,100.6,1
4,8.5,21.3,140
4,20.0,-101.6,5
4,-2.8,18.3,2
4,3.4,22.2,19
4,23.1,103.4,4
4,13.2,78.8,14
4,-27.5,24.6,4
4,-17.4,-41.4,1
4,23.5,72.2,2
4,8.2,17.3,19
4,6.6,31.4,12
4,5.6,34.7,4
4,6.1,100.2,9
4,6.0,27.5,52
4,9.4,4.7,44
4,19.5,73.5,33
4,10.1,-7.2,53
4,-12.5,16.9,2
4,11.1,-15.4,2
4,-37.6,148.6,9
4,51.3,31.8,7
4,34.1,-98.1,3
4,8.6,27.1,70
4,10.2,15.9,22
4,15.7,102.1,19
4,-1.5,113.7,2
4,44.0,-112.5,1
4,5.2,-73.0,1
4,10.8,-5.9,17
4,9.1,17.2,32
4,-3.8,18.7,4
4,-3.1,-40.6,1
4,-19.3,138.2,7
4,22.1,69.4,15
4,30.6,-84.6,2
4,-24.8,-57.4,44
4,1.7,9.7,1
4,4.3,-69.9,26
4,-3.9,-49.5,4
4,46.3,127.4,16
4,30.9,-95.9,1
4,40.9,120.7,1
4,24.0,72.0,1
4,32.6,-117.1,2
4,-0.7,100.2,1
4,-2.7,14.7,5
4,34.4,-88.7,1
4,17.5,104.0,3
4,-1.0,14.7,3
4,-6.2,-46.1,4
4,25.7,81.6,3
4,26.8,103.4,1
4,3.2,11.0,5
4,5.5,36.7,38
4,23.1,108.6,2
4,13.4,79.2,20
4,21.5,-78.6,45
4,-22.5,130.9,108
4,18.3,-77.8,1
4,17.9,97.2,6
4,-30.2,153.1,4
4,33.8,116.9,1
4,55.8,-118.5,6
4,12.1,-14.6,5
4,58.4,31.9,1
4,18.2,78.1,3
4,6.3,4.7,9
4,-32.2,118.7,1
4,34.3,47.0,1
4,-26.9,-55.2,1
4,30.9,70.8,14
4,8.7,-10.6,88
4,9.9,7.3,22
4,1.6,17.3,25
4,46.2,40.7,1
4,9.9,-5.4,6
4,39.2,-0.6,1
4,11.7,23.5,4
4,40.7,113.3,1
4,31.7,112.7,2
4,-8.2,15.4,11
4,36.1,-89.5,1
4,-21.0,121.4,99
4,-29.9,149.1,12
4,21.2,-101.1,13
4,9.5,21.0,58
4,33.5,-92.2,1
4,5.1,-3.4,2
4,7.9,11.4,123
4,21.5,108.3,53
4,9.6,-68.9,57
4,6.7,15.2,14
4,18.2,-78.3,6
4,20.2,-100.4,10
4,43.8,87.3,5
4,5.5,-65.8,1
4,41.2,-86.2,2
4,30.6,78.8,7
4,21.5,93.4,4
4,20.1,73.2,3
4,21.9,71.8,3
4,13.9,-13.6,3
4,28.3,94.6,2
4,9.5,8.7,1
4,42.1,111.3,1
4,11.5,30.5,48
4,-2.5,27.4,2
4,29.3,81.0,1
4,22.3,92.7,27
4,-10.7,-44.4,14
4,27.9,83.2,2
4,28.2,-105.4,2
4,25.8,119.2,3
4,24.1,77.8,1
4,-22.3,136.0,1
4,8.3,10.4,1
4,5.6,-9.7,2
4,36.2,-93.8,30
4,17.3,-92.3,3
4,24.8,-99.6,5
4,37.7,126.9,1
4,19.3,101.6,27
4,-27.2,31.0,9
4,24.0,92.4,64
4,7.1,22.8,67
4,38.3,-95.3,5
4,4.6,-70.4,9
4,1.5,34.1,2
4,34.4,119.1,3
4,4.1,24.1,8
4,22.3,83.2,2
4,25.6,91.4,1
4,23.9,83.7,4
4,6.8,117.4,1
4,30.4,-98.6,5
4,4.7,24.3,22
4,7.7,21.4,127
4,9.2,-7.2,32
4,-6.3,14.4,6
4,10.5,15.3,122
4,2.5,32.8,2
4,4.9,-67.8,2
4,27.4,78.5,1
4,3.6,101.0,28
4,29.6,52.1,2
4,17.4,76.4,11
4,7.3,-68.5,14
4,-7.7,14.7,4
4,10.2,17.3,10
4,29.9,72.4,3
4,43.1,-96.0,1
4,3.0,20.8,33
4,18.6,76.6,2
4,43.1,126.0,1
4,-7.7,-35.3,11
4,14.0,76.7,4
4,-7.8,-41.8,1
4,7.3,37.0,2
4,-27.4,-55.9,2
4,7.5,3.2,32
4,37.4,-88.1,2
4,36.4,48.8,1
4,20.6,-97.9,1
4,31.7,-97.7,3
4,-19.1,-58.1,11
4,12.3,-14.2,1
4,6.7,26.2,121
4,29.4,75.6,1
4,9.3,-75.3,2
4,-28.7,-56.7,1
4,42.7,125.2,3
4,-20.7,-49.7,2
4,-27.6,-65.6,1
4,14.4,-10.2,6
4,8.9,9.6,1
4,-9.4,-46.2,1
4,7.3,9.4,20
4,23.8,97.8,6
4,20.8,86.9,125
4,5.0,8.5,30
4,7.4,-63.9,31
4,49.8,31.6,1
4,2.8,99.0,1
4,55.0,66.8,3
4,9.8,32.2,6
4,8.4,5.0,146
4,4.8,23.1,61
4,47.0,-123.3,1
4,-4.3,14.4,2
4,47.6,124.9,28
4,5.4,26.4,38
4,17.5,104.2,6
4,57.4,29.3,2
4,-28.3,150.1,1
4,20.4,105.7,6
4,7.8,-4.9,47
4,-34.9,-71.7,1
4,-6.0,-77.0,2
4,7.0,-1.5,3
4,13.8,-0.4,6
4,26.1,81.6,2
4,28.4,-99.1,1
4,19.3,77.3,7
4,-21.6,-43.7,2
4,15.2,-11.6,79
4,27.2,86.4,5
4,-18.0,-39.5,1
4,34.8,104.4,2
4,3.7,9.9,6
4,6.3,101.8,4
4,2.1,-74.5,5
4,21.2,73.0,11
4,54.3,70.6,3
4,4.8,27.6,30
4,17.4,-92.9,2
4,53.8,68.2,5
4,29.3,-82.5,3
4,45.3,-91.7,1
4,22.4,102.5,8
4,8.8,27.4,18
4,37.3,60.6,1
4,14.5,-84.1,3
4,10.6,-73.0,2
4,20.5,103.7,7
4,6.9,-11.7,1
4,27.2,89.6,2
4,19.0,78.7,6
4,12.6,77.9,7
4,6.0,-72.0,1
4,36.8,120.7,7
4,15.2,103.0,12
4,18.9,101.3,16
4,31.0,71.9,2
4,-4.8,17.5,23
4,-14.2,49.8,12
4,30.9,-83.1,22
4,-2.9,-45.2,7
4,45.9,38.7,1
4,8.4,-69.5,4
4,-4.7,143.6,1
4,53.4,-117.3,6
4,48.9,126.3,1
4,5.8,-55.2,2
4,6.7,4.0,22
4,47.0,52.1,12
4,29.1,117.3,1
4,26.5,105.1,2
4,16.2,-96.5,1
4,-4.8,-49.0,1
4,27.4,93.4,1
4,25.6,81.3,1
4,43.9,131.4,28
4,16.9,81.1,1
4,42.7,78.4,1
4,28.7,81.2,15
4,53.1,8.6,47
4,8.5,-65.1,17
4,9.4,14.6,6
4,37.1,-3.9,1
4,36.5,-83.7,4
4,34.1,-79.2,1
4,18.2,95.5,5
4,38.4,-122.0,4
4,21.9,74.2,3
4,46.8,130.4,1
4,11.4,103.7,33
4,12.1,3.7,2
4,-8.5,113.4,1
4,42.7,-90.1,1
4,-10.5,-78.0,1
4,37.9,-84.4,2
4,40.1,-100.4,1
4,6.7,24.4,151
4,26.6,-98.5,1
4,-25.9,148.0,1
4,3.3,-72.7,9
4,8.1,-68.5,10
4,35.0,-101.2,9
4,39.4,52.6,98
4,38.3,43.6,1
4,-6.9,146.3,7
4,9.1,-9.8,92
4,17.5,79.2,2
4,6.8,13.7,16
4,21.5,103.3,15
4,54.2,-118.9,1
4,-3.5,18.0,9
4,13.4,6.6,7
4,9.9,-8.4,110
4,34.1,108.8,3
4,9.8,-65.5,11
4,7.5,39.4,1
4,18.6,81.8,5
4,56.6,-117.0,9
4,38.4,48.4,12
4,17.6,120.9,42
4,28.3,-99.3,3
4,10.4,76.2,3
4,32.3,119.6,2
4,-27.8,-59.1,2
4,3.4,16.3,10
4,8.7,6.8,50
4,-23.4,-60.5,11
4,21.8,56.5,2
4,11.6,124.8,2
4,-18.0,32.0,1
4,33.8,44.8,6
4,24.1,97.8,7
4,-16.1,48.5,1
4,14.9,102.0,2
4,-2.7,-44.2,4
4,9.6,-4.9,39
4,12.9,30.8,1
4,-26.9,149.8,28
4,21.7,-80.1,2
4,37.3,-91.2,8
4,11.0,-3.1,8
4,53.5,74.7,8
4,3.6,26.8,12
4,41.1,-6.7,1
4,5.9,20.6,39
4,-14.9,26.9,1
4,5.4,-5.5,3
4,50.0,136.6,3
4,-8.7,17.3,3
4,4.4,12.4,6
4,16.0,98.9,5
4,20.8,75.4,1
4,10.2,22.0,28
4,24.5,77.8,1
4,-15.3,-39.3,3
4,8.9,7.7,2
4,-4.3,24.5,6
4,26.3,-80.8,26
4,20.1,105.4,26
4,18.1,96.3,1
4,25.1,72.7,1
4,29.1,121.7,1
4,9.2,9.0,37
4,6.7,21.5,92
4,9.2,28.7,26
4,-2.3,24.3,9
4,42.5,126.3,5
4,-33.4,-71.5,5
4,32.1,20.0,2
4,50.8,-120.7,3
4,1.5,-60.8,3
4,-18.2,124.0,5
4,-3.6,37.3,1
4,7.7,7.3,34
4,-38.1,-64.2,1
4,-25.2,-53.0,2
4,-8.9,24.7,2
4,44.7,20.1,1
4,10.4,-12.8,40
4,32.0,116.5,1
4,11.7,14.4,6
4,9.9,37.0,4
4,-16.1,49.2,1
4,10.1,28.3,1
4,-16.9,125.9,1
4,38.3,-121.2,4
4,15.7,100.3,8
4,7.3,13.3,17
4,-16.2,49.2,1
4,12.3,30.7,73
4,-11.7,-46.5,1
4,-22.1,-42.4,5
4,5.4,-71.1,4
4,7.0,14.8,53
4,-28.2,30.4,1
4,19.0,103.8,9
4,8.3,-62.9,33
4,2.2,20.6,18
4,10.6,-4.7,46
4,16.9,99.1,4
4,9.2,4.8,26
4,6.5,-75.3,1
4,42.0,-90.5,1
4,29.3,77.7,2
4,47.9,17.0,7
4,-8.3,-35.7,3
4,2.4,29.0,13
4,37.9,-87.4,1
4,10.7,-71.3,6
4,40.8,107.4,1
4,-21.7,147.9,3
4,27.6,9.8,8
4,-21.7,46.6,2
4,-6.8,-37.9,4
4,44.1,42.3,1
4,6.9,33.5,195
4,-25.4,-53.6,1
4,52.9,69.6,1
4,-33.2,117.1,4
4,21.0,92.1,2
4,-5.5,15.8,9
4,8.1,29.7,27
4,10.9,34.3,29
4,5.6,-61.7,18
4,-5.5,18.1,2
4,34.9,109.8,1
4,-5.3,-41.1,2
4,23.8,110.5,3
4,3.3,34.2,18
4,54.8,70.4,2
4,14.5,105.7,64
4,-1.9,40.9,4
4,28.5,-105.6,1
4,28.0,77.9,1
4,7.3,6.7,24
4,4.1,11.2,2
4,10.4,6.2,182
4,22.6,111.6,1
4,50.6,31.3,1
4,-14.9,49.7,2
4,38.9,112.6,20
4,-12.4,-66.7,1
4,22.8,101.4,26
4,-5.9,18.9,1
4,-11.8,15.5,12
4,27.5,97.8,1
4,23.2,87.8,22
4,-2.0,119.3,4
4,19.0,100.1,5
4,27.7,9.1,306
4,16.6,75.0,3
4,6.2,31.8,31
4,40.4,-81.9,1
4,10.7,-10.3,114
4,13.9,76.5,8
4,26.4,83.6,15
4,-32.4,117.2,2
4,6.8,5.7,6
4,37.6,140.6,2
4,-11.3,-40.8,2
4,-25.0,-51.3,1
4,7.2,8.5,6
4,22.8,75.1,3
4,2.4,-61.7,2
4,-38.8,-61.3,4
4,17.8,75.3,10
4,8.6,-62.5,7
4,15.1,-11.8,81
4,21.9,105.3,7
4,10.5,5.1,59
4,13.8,36.9,1
4,49.8,123.9,3
4,12.7,10.7,12
4,-33.8,122.5,1
4,-38.2,143.2,1
4,18.7,96.3,1
4,-3.6,-54.7,6
4,2.6,-72.0,12
4,-26.1,26.9,7
4,40.0,123.8,2
4,-5.1,-41.8,3
4,27.5,97.3,20
4,-26.4,149.6,12
4,45.5,120.9,4
4,35.2,71.9,1
4,24.8,78.4,1
4,20.1,80.6,2
4,35.3,51.8,1
4,25.4,90.5,2
4,21.0,97.6,6
4,6.9,-9.3,16
4,39.1,-89.0,5
4,-11.4,15.4,3
4,2.8,-73.5,26
4,27.8,83.9,6
4,5.6,6.2,9
4,8.0,13.3,32
4,12.6,-11.1,13
4,26.8,-91.6,5
4,6.0,18.8,46
4,21.5,-83.1,1
4,19.3,75.1,8
4,9.5,31.3,26
4,37.8,44.7,5
4,-11.0,-54.3,1
4,12.6,-10.8,72
4,45.1,128.7,28
4,11.9,34.3,3
4,54.5,86.2,1
4,51.8,34.2,21
4,5.7,39.4,1
4,-20.8,31.6,1
4,10.8,10.8,5
4,6.0,28.7,150
4,17.9,-95.9,2
4,13.7,107.9,3
4,6.6,27.9,38
4,9.7,1.4,6
4,-38.5,143.4,257
4,7.6,24.7,93
4,-23.3,-55.5,3
4,-16.3,48.8,1
4,-0.8,-80.3,1
4,21.6,71.8,4
4,11.5,-11.4,40
4,52.8,-118.1,1
4,-18.8,32.8,2
4,-7.7,-73.1,1
4,22.0,73.6,3
4,-25.7,-57.6,15
4,4.6,-60.4,8
4,30.0,78.4,4
4,40.4,-123.3,1
4,17.4,100.5,13
4,11.8,36.6,2
4,30.4,77.3,1
4,40.5,47.9,1
4,-20.9,145.7,15
4,35.0,117.8,2
4,6.5,37.3,8
4,6.9,-74.1,3
4,3.5,-60.1,6
4,44.1,85.5,1
4,27.7,82.5,18
4,6.4,27.8,22
4,15.8,-92.1,1
4,15.9,99.6,2
4,-28.0,-58.4,1
4,19.9,-101.8,7
4,25.2,77.1,4
4,35.7,117.3,1
4,7.2,-9.1,1
4,0.6,-74.3,61
4,36.9,126.5,2
4,-27.7,150.9,8
4,1.3,21.0,1
4,-24.8,-55.1,1
4,13.7,-7.3,2
4,12.5,34.2,11
4,50.3,83.4,1
4,38.4,-78.4,1
4,7.8,16.8,11
4,11.6,24.5,1
4,6.9,-72.1,1
4,-0.5,20.4,1
4,22.0,101.8,3
4,-5.1,38.9,12
4,44.2,41.6,3
4,5.7,-68.6,4
4,-4.6,11.9,1
4,51.5,26.4,2
4,12.9,-13.8,75
4,42.8,-80.1,31
4,30.8,76.3,3
4,-1.3,33.9,2
4,-11.5,21.2,5
4,10.3,2.3,2
4,21.2,104.0,2
4,-27.3,151.7,1
4,17.4,81.3,18
4,15.1,105.8,8
4,31.9,130.4,1
4,15.3,-91.8,2
4,3.5,28.3,28
4,10.0,105.7,1
4,-15.5,-43.2,7
4,6.0,-67.5,6
4,15.7,74.8,1
4,19.9,100.9,17
4,24.0,106.7,1
4,12.8,13.8,1
4,9.3,-2.3,65
4,-25.1,25.1,1
4,46.1,123.3,6
4,29.8,70.9,23
4,33.1,70.7,1
4,18.6,96.2,11
4,-4.6,16.2,8
4,43.8,124.6,25
4,-31.8,147.7,1
4,-13.0,19.8,1
4,-19.8,34.3,2
4,44.8,130.1,6
4,7.2,-72.1,1
4,28.5,94.1,5
4,28.2,112.5,4
4,19.3,75.9,46
4,9.8,-6.0,2
4,-5.4,143.4,3
4,7.5,-70.8,4
4,35.2,59.9,1
4,23.5,87.9,1
4,13.0,-10.4,10
4,16.8,102.9,24
4,5.1,96.4,1
4,34.0,-95.1,2
4,-5.9,-76.3,2
4,37.1,61.3,1
4,10.6,123.4,5
4,-0.6,17.3,4
4,34.3,-99.9,2
4,27.6,-81.5,2
4,19.4,99.8,5
4,38.7,-79.2,1
4,-32.3,-61.2,1
4,22.9,76.0,5
4,5.4,44.5,1
4,33.6,116.6,2
4,16.0,-93.7,64
4,1.0,24.0,1
4,37.4,-92.5,3
4,50.9,38.4,1
4,34.5,-85.1,7
4,18.9,97.6,15
4,21.2,76.9,21
4,41.1,-99.8,2
4,23.6,114.2,21
4,-34.2,148.3,15
4,15.3,120.8,3
4,-32.4,116.6,13
4,56.1,62.5,1
4,-12.9,-39.6,2
4,8.0,-72.7,5
4,10.7,-11.0,90
4,7.3,-3.7,5
4,35.1,107.5,2
4,29.1,50.9,1
4,-33.7,138.8,4
4,9.5,-74.5,1
4,33.5,72.7,1
4,5.3,-66.3,6
4,34.7,-79.7,1
4,45.0,64.8,24
4,28.1,80.1,1
4,9.6,-4.2,31
4,53.8,69.8,1
4,31.1,-112.3,4
4,13.3,109.1,5
4,9.5,6.0,22
4,-20.3,134.1,5
4,44.6,-123.0,1
4,37.0,111.5,4
4,-25.5,-52.5,3
4,7.8,16.5,104
4,9.6,4.7,49
4,10.1,34.4,76
4,17.3,79.3,3
4,9.5,20.6,31
4,-5.1,14.4,1
4,35.7,-81.4,1
4,25.5,96.1,5
4,42.6,-98.9,7
4,7.5,3.9,13
4,-15.6,-40.9,3
4,-7.3,-49.5,4
4,11.5,20.1,8
4,12.0,36.2,7
4,9.0,14.0,24
4,0.1,20.5,2
4,19.4,76.9,9
4,53.4,62.8,3
4,18.4,76.9,4
4,12.8,4.7,5
4,45.5,61.8,2
4,10.7,31.2,54
4,0.7,35.1,10
4,7.3,-2.4,2
4,9.5,-6.1,18
4,5.4,36.3,2
4,8.3,40.0,1
4,12.7,-8.6,48
4,2.1,15.3,1
4,4.6,-76.3,1
4,8.6,39.6,7
4,7.7,34.2,156
4,-27.3,-51.1,1
4,20.0,86.2,2
4,52.7,78.7,1
4,13.1,79.8,5
4,4.9,37.3,1
4,43.4,82.7,4
4,-1.6,9.9,61
4,-7.8,-41.4,1
4,10.1,29.2,33
4,5.8,-9.3,1
4,41.7,-102.7,17
4,-6.2,-47.8,1
4,26.1,107.1,1
4,-5.6,13.9,2
4,15.6,79.1,5
4,-24.8,29.3,1
4,12.9,22.8,3
4,18.7,94.7,17
4,52.3,6.5,1
4,15.0,-10.2,4
4,24.5,95.8,1
4,14.9,120.9,6
4,-24.6,-59.1,7
4,4.5,-60.7,26
4,14.9,74.9,2
4,33.5,-84.2,1
4,14.4,-4.3,6
4,-12.1,-75.7,1
4,30.2,51.5,4
4,15.6,79.3,6
4,12.1,-7.8,52
4,9.8,-74.8,8
4,40.3,83.5,1
4,0.4,15.3,2
4,32.7,-93.9,2
4,52.5,8.5,2
4,21.0,86.0,55
4,-6.4,-36.4,1
4,48.8,40.7,1
4,34.7,138.0,3
4,32.9,73.9,11
4,0.8,35.5,4
4,18.5,75.7,2
4,61.1,12.8,1
4,-7.2,21.5,1
4,2.5,26.6,5
4,9.7,27.5,65
4,9.0,5.5,51
4,15.4,-84.5,1
4,6.3,37.1,24
4,-5.0,-42.2,1
4,-7.2,13.4,2
4,-0.6,15.5,5
4,2.0,117.5,1
4,-10.4,39.8,1
4,29.5,80.0,6
4,46.5,125.5,10
4,39.5,2.7,2
4,15.9,-89.2,1
4,-3.8,18.4,6
4,29.9,-82.6,1
4,40.6,-91.9,3
4,8.1,-72.6,6
4,-3.0,-49.8,3
4,1.6,23.3,2
4,19.5,76.3,11
4,6.1,-68.6,13
4,13.7,-4.5,13
4,30.9,55.7,1
4,-26.4,-57.2,12
4,-22.5,46.8,8
4,36.6,103.8,2
4,36.5,6.3,1
4,-36.9,-66.3,6
4,-14.7,-39.3,1
4,-31.5,-60.5,3
4,13.3,14.0,41
4,18.1,-93.3,9
4,26.6,89.8,2
4,6.5,100.8,2
4,10.0,-1.6,97
4,10.2,-66.5,6
4,31.4,51.5,4
4,19.1,103.3,36
4,6.7,6.8,71
4,20.7,98.0,26
4,6.6,6.5,34
4,20.4,76.9,3
4,11.3,-11.6,58
4,39.0,-122.0,1
4,14.2,-8.2,2
4,35.6,-93.4,40
4,8.2,11.3,182
4,43.2,-5.6,4
4,18.3,81.1,5
4,10.2,42.1,1
4,47.6,-110.8,4
4,18.6,95.4,21
4,12.1,36.4,5
4,12.0,4.0,3
4,31.1,78.3,4
4,12.8,101.5,1
4,37.0,120.7,4
4,5.3,20.7,37
4,-23.1,148.1,1
4,-3.2,108.1,2
4,28.8,-96.7,2
4,26.3,81.5,7
4,49.1,11.2,1
4,-2.3,-53.6,3
4,-20.9,-69.5,14
4,14.0,79.1,27
4,19.3,96.8,5
4,1.4,30.3,50
4,-2.5,-44.9,10
4,9.2,-67.1,21
4,33.3,-100.7,1
4,24.4,109.1,12
4,35.7,-92.6,6
4,21.6,97.7,10
4,23.6,73.5,10
4,30.4,79.0,7
4,21.8,76.9,14
4,10.3,17.4,49
4,21.8,73.3,3
4,-26.9,152.0,1
4,45.2,65.0,3
4,-5.8,25.6,4
4,21.0,-97.8,1
4,29.9,-83.7,6
4,3.7,-60.8,14
4,22.3,-101.1,30
4,13.5,-4.7,3
4,-0.7,29.3,19
4,7.1,25.9,175
4,19.5,96.2,15
5,-9.3,-42.4,1
5,-8.7,148.3,2
5,-17.0,46.0,71
5,-16.9,45.3,67
5,26.1,-107.7,5
5,-11.4,-50.7,21
5,-30.9,29.2,1
5,-5.7,23.5,49
5,50.9,-90.5,262
5,-9.4,39.1,1
5,-8.1,-46.8,111
5,-18.0,-42.4,1
5,-3.6,20.3,6
5,-8.8,23.1,84
5,10.2,39.9,2
5,-9.8,149.8,30
5,-3.6,23.4,715
5,-12.2,133.6,180
5,-7.7,17.3,96
5,-10.3,28.8,1
5,1.3,34.7,2
5,-10.1,33.6,13
5,12.3,103.0,2
5,35.0,-3.9,4
5,-2.7,15.8,25
5,36.4,-100.8,3
5,9.2,18.0,1
5,50.6,-98.8,4
5,29.8,72.1,95
5,8.0,-7.6,3
5,67.9,-69.7,1
5,6.7,81.5,9
5,-8.8,13.2,13
5,54.1,103.6,5
5,-9.3,14.3,25
5,-33.1,-56.8,1
5,18.4,7.7,25
5,-12.6,134.6,26
5,-6.9,111.1,8
5,-19.0,-40.6,6
5,32.7,-93.5,3
5,-21.0,47.3,5
5,-25.7,28.2,6
5,65.6,-117.6,1051
5,-9.7,149.4,40
5,22.3,-105.2,2
5,-2.3,17.3,67
5,-20.4,28.5,71
5,46.7,34.0,1
5,12.4,26.2,1
5,14.6,108.4,1
5,-10.2,25.5,424
5,4.6,-75.0,2
5,53.9,10.2,2
5,40.1,-74.8,10
5,-22.3,31.8,1
5,15.5,-87.5,1
5,24.9,72.7,1
5,39.2,106.6,94
5,-1.1,29.8,17
5,-15.9,49.1,4
5,-16.3,-39.1,1
5,32.7,35.3,6
5,9.6,39.8,10
5,14.0,35.8,1
5,-8.6,-54.8,14
5,-24.2,-57.6,9
5,-33.7,-58.8,6
5,2.4,20.1,11
5,-32.0,-58.6,10
5,9.6,-68.2,1
5,52.7,52.2,1
5,-20.2,46.0,37
5,-17.9,47.7,27
5,1.2,31.8,15
5,-5.5,13.3,46
5,31.6,6.1,58
5,-5.1,25.4,59
5,-14.0,32.7,3
5,-10.2,-52.3,6
5,-19.5,19.5,21
5,-5.7,21.3,2
5,-25.4,27.8,64
5,-18.4,44.3,57
5,-15.1,27.4,64
5,28.5,20.7,4
5,-15.8,17.4,9
5,-4.2,-46.3,12
5,9.5,77.7,1
5,17.5,-92.0,1
5,-11.5,-40.6,1
5,62.1,77.4,1
5,36.1,46.4,1
5,35.0,114.3,1
5,-10.3,23.5,301
5,55.9,-103.1,5
5,3.8,113.8,1
5,-36.7,-67.2,6
5,52.0,-68.9,106
5,0.4,9.4,3
5,-15.5,-47.6,7
5,10.9,78.2,1
5,-31.4,28.3,5
5,-14.0,22.8,91
5,13.5,36.0,3
5,35.4,51.2,13
5,29.3,-100.5,2
5,-29.0,23.8,2
5,-15.6,141.9,215
5,-11.5,131.1,210
5,-7.6,36.6,5
5,3.3,34.3,20
5,69.0,125.2,76
5,32.4,-116.8,7
5,5.5,34.2,19
5,-14.4,-43.0,1
5,34.2,109.1,5
5,43.0,-75.2,1
5,9.4,101.0,1
5,21.7,-78.5,1
5,-8.4,21.8,308
5,30.8,73.7,5
5,25.1,119.0,1
5,-12.8,-66.9,9
5,-33.6,120.0,12
5,-12.4,17.2,133
5,-18.6,137.6,4
5,-12.2,39.8,70
5,-20.2,28.9,7
5,40.1,29.5,2
5,-13.8,22.7,217
5,-15.3,-64.0,4
5,-24.6,-55.8,3
5,-3.2,104.6,6
5,-7.4,13.8,10
5,17.6,37.0,3
5,33.6,46.2,170
5,-24.5,29.1,1
5,29.3,106.2,12
5,-2.7,31.2,42
5,-4.9,19.2,11
5,33.1,70.8,7
5,-15.0,18.2,16
5,-29.2,-49.9,1
5,20.5,-89.6,4
5,14.9,77.2,5
5,65.4,-119.0,349
5,52.2,-72.4,6
5,-17.3,22.6,31
5,-22.1,35.0,4
5,-21.6,-41.3,19
5,-28.4,29.2,19
5,24.1,-107.1,4
5,6.4,-68.3,2
5,0.6,32.4,2
5,-1.0,22.9,19
5,12.5,102.9,4
5,-15.4,144.9,36
5,-3.5,11.9,17
5,41.4,-75.6,7
5,32.4,-6.3,1
5,-20.7,45.9,28
5,-9.5,28.5,11
5,-7.1,110.5,8
5,-12.1,17.5,75
5,2.3,33.4,6
5,-7.9,140.6,1
5,-11.6,30.6,166
5,-5.1,-38.7,3
5,-10.6,-48.2,16
5,56.7,-103.9,3
5,-13.6,32.3,127
5,-14.4,-53.4,47
5,41.3,-99.4,2
5,47.4,123.4,1
5,11.2,79.2,1
5,4.6,31.6,2
5,-20.7,32.0,1
5,-8.8,-67.3,1
5,38.3,-5.3,7
5,36.7,40.1,2
5,-11.0,24.6,117
5,-2.8,29.0,2
5,32.5,-84.6,1
5,57.5,42.1,1
5,0.3,9.4,1
5,-30.6,29.7,30
5,22.2,76.9,1
5,-37.7,-72.8,18
5,6.9,30.2,31
5,9.8,33.8,2
5,-3.1,130.0,3
5,41.3,16.3,1
5,23.0,68.7,1
5,6.4,33.7,2
5,-15.4,-67.7,2
5,-9.8,39.3,4
5,-14.6,127.1,167
5,-22.3,-63.4,1
5,45.7,11.3,1
5,-10.5,-49.2,5
5,19.3,-89.2,2
5,-6.9,-70.1,1
5,33.4,50.3,2
5,60.8,100.6,1
5,14.0,-10.3,1
5,-0.5,111.5,4
5,64.2,108.7,36
5,70.5,105.3,1
5,-0.1,24.4,12
5,-9.9,30.5,4
5,42.2,125.3,1
5,15.6,107.2,1
5,-33.6,116.4,7
5,-35.2,-61.6,1
5,-2.9,10.8,15
5,29.7,75.8,1
5,3.6,29.4,1
5,-17.3,36.7,1
5,44.9,121.5,1
5,-30.9,-63.3,2
5,-28.6,32.3,11
5,31.0,75.6,1
5,31.4,-108.2,1
5,2.6,32.8,11
5,29.1,103.9,5
5,-14.0,27.8,195
5,39.1,-121.6,22
5,7.0,19.3,3
5,-14.6,126.1,55
5,-9.4,23.7,89
5,-9.8,35.5,18
5,-6.3,-53.0,3
5,13.0,14.7,303
5,50.3,83.4,41
5,-19.3,34.9,1
5,19.4,-154.9,1
5,-14.1,-51.8,1
5,48.4,36.9,33
5,-9.4,-50.4,2
5,-12.6,27.7,186
5,-16.5,32.6,5
5,-1.7,30.9,1
5,38.6,64.7,19
5,16.4,-6.6,12
5,36.2,36.2,8
5,-17.5,25.6,48
5,-9.3,33.7,1
5,-9.4,34.1,19
5,-15.4,-40.9,10
5,23.5,-106.7,5
5,-13.7,32.5,94
5,-13.4,33.4,40
5,14.1,79.0,2
5,-9.2,32.5,15
5,35.6,137.8,1
5,46.4,30.3,4
5,-28.0,-59.4,10
5,35.0,-6.1,3
5,46.4,-117.0,15
5,-22.7,47.5,3
5,-16.8,-42.9,1
5,-10.5,40.5,1
5,32.4,7.1,2
5,-11.4,29.0,9
5,-43.0,172.5,3
5,3.8,-75.1,2
5,57.8,-94.2,4
5,48.0,7.5,2
5,-26.4,-59.3,2
5,22.2,56.5,87
5,46.5,31.6,33
5,-6.6,13.5,22
5,-26.2,-57.8,5
5,-12.1,39.6,93
5,-3.1,34.6,60
5,4.9,34.0,1
5,-17.4,44.8,58
5,-20.8,44.4,106
5,-3.1,27.8,1
5,-16.8,35.4,73
5,-2.0,-47.4,1
5,-9.6,27.5,38
5,8.8,-74.1,6
5,-13.8,-43.0,3
5,14.4,33.2,9
5,48.4,35.0,3
5,-22.2,46.2,1
5,-1.1,-47.1,2
5,-20.9,44.6,48
5,-4.4,27.2,111
5,-17.1,-71.6,1
5,60.4,29.2,2
5,-9.1,-76.1,7
5,8.2,-80.8,1
5,20.5,-75.3,1
5,-7.1,20.9,74
5,-13.5,16.7,105
5,58.7,-103.9,1417
5,-28.9,-56.0,3
5,-32.5,-57.8,1
5,-8.4,15.8,70
5,-8.1,28.7,388
5,-8.0,33.3,5
5,-3.9,-43.0,181
5,36.6,49.5,30
5,54.1,-62.8,165
5,0.8,117.1,16
5,3.0,19.8,1
5,-15.1,-42.5,2
5,-2.0,18.3,9
5,12.2,-15.6,1
5,64.3,62.3,1
5,-16.1,-40.3,1
5,44.0,131.1,3
5,-15.1,127.4,29
5,35.0,-86.6,5
5,6.5,-75.0,5
5,-4.8,38.5,1
5,51.6,-92.0,558
5,-2.6,119.3,19
5,37.7,-78.3,4
5,-24.6,-42.2,5
5,-4.5,122.4,2
5,-6.9,13.2,32
5,-16.7,122.9,99
5,4.3,-75.1,3
5,-34.1,140.9,2
5,-7.0,22.2,270
5,70.9,-93.4,1
5,-30.3,-64.0,2
5,22.8,71.6,1
5,50.2,81.4,10
5,64.9,59.8,1
5,19.1,105.5,2
5,-14.6,31.1,20
5,-15.8,22.8,13
5,33.3,-117.4,23
5,-12.9,32.5,31
5,-2.3,139.5,1
5,18.6,-68.5,2
5,-5.3,28.9,59
5,37.0,40.3,133
5,-3.3,26.6,1
5,-6.8,108.2,1
5,44.2,-0.9,1
5,37.5,-121.1,4
5,-27.7,-60.9,3
5,-4.7,144.3,6
5,-8.1,-35.0,2
5,-16.3,143.7,124
5,58.4,77.6,5
5,20.3,2.3,1
5,-1.0,110.1,7
5,21.0,-87.7,3
5,44.6,82.0,8
5,47.9,37.3,116
5,35.6,44.3,5
5,28.3,116.1,4
5,40.8,30.3,2
5,-22.2,30.0,1
5,-7.6,37.0,5
5,6.6,81.3,1
5,-35.9,145.8,2
5,32.0,5.2,11
5,-30.1,150.2,2
5,-15.5,-42.3,1
5,-16.5,22.0,21
5,-9.9,-37.9,2
5,51.8,4.2,48
5,-10.1,22.7,121
5,-26.7,25.7,1
5,13.6,-11.4,1
5,10.8,32.2,3
5,16.7,75.1,1
5,-8.3,26.2,288
5,-6.2,20.0,61
5,-11.3,-46.5,43
5,32.6,70.3,4
5,30.9,104.6,3
5,-10.6,-46.1,1
5,-5.9,20.4,189
5,-28.7,30.7,29
5,-26.6,29.4,5
5,-15.4,126.1,5
5,19.0,-72.6,1
5,-3.0,30.4,124
5,39.4,67.5,2
5,-15.7,135.6,3
5,-14.6,30.5,114
5,-13.3,16.0,42
5,26.8,73.5,21
5,-26.6,31.0,17
5,18.7,-71.2,6
5,-16.4,20.4,15
5,8.2,30.1,1
5,-0.4,19.8,2
5,-27.5,29.2,1
5,-10.7,31.9,2
5,-7.4,25.1,146
5,61.7,88.6,11
5,-26.4,-56.0,13
5,48.7,37.7,6
5,-12.3,17.5,85
5,-17.1,-42.7,2
5,-31.6,28.7,1
5,34.3,47.0,5
5,8.3,30.2,1
5,-15.1,143.7,1
5,-15.8,-67.9,1
5,0.2,99.7,2
5,-27.9,-51.0,3
5,37.6,-94.2,14
5,-29.0,-57.6,86
5,-12.2,23.0,83
5,-19.4,-42.8,6
5,36.6,4.7,1
5,-14.2,141.8,83
5,9.6,30.1,3
5,43.2,25.5,2
5,16.9,120.7,1
5,-14.9,29.4,14
5,-8.0,16.8,172
5,-8.5,15.7,182
5,7.0,-73.8,1
5,-15.0,47.7,58
5,-5.9,-47.1,1
5,12.1,25.0,1
5,-27.1,-61.1,12
5,-2.1,22.7,14
5,-19.7,-47.7,52
5,-14.6,21.3,8
5,25.6,76.1,1
5,14.7,-86.8,1
5,-8.7,17.3,274
5,-2.1,17.8,2
5,30.1,71.9,12
5,-16.3,126.1,42
5,-7.3,25.3,148
5,35.2,51.7,1
5,-11.0,16.8,67
5,19.6,-98.6,40
5,35.6,-96.6,4
5,14.3,76.5,1
5,-13.9,16.9,132
5,-19.7,147.4,2
5,-7.1,22.4,148
5,-20.7,44.6,48
5,-16.0,23.0,3
5,31.8,-102.1,7
5,-5.2,144.4,22
5,0.1,17.5,1
5,-8.9,-37.0,2
5,25.1,-100.8,2
5,-23.5,-51.5,2
5,28.8,-111.5,2
5,2.7,20.3,3
5,-8.6,31.1,49
5,64.3,-120.4,377
5,-23.2,-60.4,1
5,-7.5,21.6,142
5,19.6,-71.2,9
5,-7.7,20.8,241
5,13.7,79.9,18
5,51.2,10.3,1
5,-13.7,133.6,5
5,52.7,49.4,2
5,-1.1,11.8,8
5,-26.4,32.0,26
5,-5.4,31.1,89
5,47.9,-104.1,2
5,-12.1,19.2,20
5,47.3,33.7,76
5,27.7,48.6,4
5,-31.0,-59.7,3
5,-28.7,-57.0,18
5,-3.5,105.4,7
5,40.7,71.7,2
5,-2.7,14.6,84
5,-13.8,-76.0,24
5,27.7,81.2,2
5,-24.3,26.8,1
5,64.8,-115.7,2170
5,-1.6,30.7,4
5,-26.9,30.6,48
5,29.5,51.7,1
5,53.6,-91.6,18
5,-6.0,25.2,261
5,11.2,106.9,1
5,7.8,-67.7,1
5,42.5,-72.1,2
5,-31.1,-61.0,4
5,34.5,108.5,2
5,-10.9,32.4,1
5,-8.2,34.8,16
5,41.7,-72.0,1
5,45.2,45.8,1
5,50.7,7.8,1
5,-14.0,14.4,1
5,-18.4,19.4,6
5,9.6,101.3,3
5,64.9,-119.8,153
5,-7.0,108.7,3
5,42.0,2.8,2
5,54.3,84.3,1
5,15.1,106.4,1
5,-13.9,14.5,1
5,33.2,35.6,9
5,-28.7,31.5,28
5,34.3,107.8,9
5,29.0,-82.1,3
5,12.8,13.8,16
5,55.6,-108.7,10
5,4.0,-76.4,1
5,-19.0,44.9,72
5,-8.2,27.1,255
5,-5.0,-43.0,1
5,-2.5,18.1,2
5,-12.2,17.2,97
5,14.6,-87.2,1
5,-12.7,21.0,24
5,10.1,-74.6,7
5,-10.1,-76.2,3
5,-16.3,37.8,9
5,-6.0,-77.4,1
5,-30.4,-56.4,2
5,12.8,13.9,89
5,5.9,-68.0,2
5,11.9,34.0,4
5,-24.2,-56.9,21
5,-36.2,-61.2,2
5,-16.4,-59.6,1029
5,-7.9,140.0,3
5,60.8,79.0,18
5,34.0,-117.6,23
5,-8.5,118.7,4
5,-16.1,-53.8,1
5,-11.8,-50.4,2
5,21.5,-77.6,4
5,48.4,35.1,2
5,28.1,120.4,4
5,8.3,-80.5,28
5,-9.4,16.2,104
5,-13.6,-41.9,1
5,-12.7,-64.2,2
5,-14.0,21.9,136
5,-25.8,27.5,31
5,34.4,115.6,6
5,44.3,85.9,10
5,8.1,-72.8,7
5,-11.4,-68.9,2
5,-8.7,32.0,26
5,-27.5,-58.0,1
5,-3.9,-44.5,1
5,-29.7,-66.2,1
5,55.2,110.1,1
5,37.6,-3.8,3
5,26.7,117.2,1
5,-26.1,-61.1,2
5,-34.3,-57.3,1
5,-23.0,-52.6,23
5,37.5,-101.2,7
5,8.1,126.0,1
5,-23.1,33.6,1
5,12.1,33.4,6
5,-13.1,24.2,72
5,-14.0,-39.2,1
5,-3.7,114.7,114
5,13.7,35.5,1
5,-39.1,-67.7,1
5,17.5,43.5,1
5,33.9,-93.4,1
5,-6.1,21.8,22
5,38.6,-9.1,23
5,-25.1,33.8,20
5,66.9,88.3,11
5,-3.0,23.5,276
5,35.2,-80.5,1
5,4.3,-61.1,1
5,8.9,41.0,1
5,-6.3,139.5,1
5,32.9,35.1,4
5,21.0,81.1,1
5,46.5,122.2,4
5,5.7,-69.8,2
5,30.1,31.1,2
5,-6.6,25.4,46
5,-18.9,33.8,2
5,-10.9,28.6,4
5,-11.5,31.5,13
5,-3.0,-52.0,6
5,-12.6,132.4,4
5,-35.4,-62.3,3
5,53.5,-69.7,103
5,-14.9,125.9,6
5,-19.9,28.0,1
5,8.6,30.7,7
5,-25.6,-64.7,3
5,-9.6,28.9,27
5,-14.7,-43.5,1
5,-11.1,-68.5,1
5,-17.4,127.7,2
5,-25.2,-57.2,2
5,-6.5,-41.8,1
5,-13.8,26.8,4
5,-4.7,18.9,29
5,37.6,121.1,30
5,-8.2,17.0,293
5,-9.6,23.3,203
5,0.6,109.5,2
5,43.4,83.7,8
5,-26.4,-56.5,1
5,16.8,-95.6,1
5,27.7,-82.2,1
5,-6.8,145.6,21
5,-16.1,39.9,91
5,-27.3,151.7,13
5,-5.6,119.6,5
5,-26.5,30.2,6
5,-17.4,30.0,53
5,-34.4,149.8,1
5,-22.1,33.3,7
5,-3.2,-42.0,1
5,39.0,66.8,2
5,25.9,84.2,2
5,38.4,-112.5,65
5,-4.4,14.8,92
5,-35.7,-72.5,9
5,43.8,87.5,1
5,-17.9,-66.3,32
5,7.7,-74.3,4
5,63.7,81.1,43
5,43.6,24.7,2
5,51.0,25.1,2
5,47.9,37.4,63
5,-29.9,27.7,2
5,-12.9,26.3,75
5,3.6,34.3,4
5,-0.1,24.1,7
5,-7.3,33.0,183
5,-19.7,20.5,42
5,-7.4,140.4,11
5,-4.9,-65.3,7
5,21.2,-76.7,32
5,-13.7,18.7,8
5,6.1,21.0,3
5,-17.0,36.2,1
5,-20.5,14.9,2
5,1.4,22.3,2
5,-7.4,12.9,66
5,-24.7,-52.1,2
5,-0.8,12.9,31
5,1.2,29.0,2
5,47.1,-101.5,2
5,-2.9,15.7,34
5,52.0,11.7,1
5,-14.5,31.8,23
5,-12.6,30.5,134
5,0.4,32.0,3
5,39.8,-6.8,1
5,34.6,112.7,6
5,46.6,-1.7,1
5,-8.4,20.0,157
5,57.3,32.1,5
5,50.2,11.3,1
5,51.9,12.9,1
5,-13.0,19.8,17
5,28.4,49.6,14
5,38.4,27.4,1
5,-24.3,-63.3,1
5,-1.2,-79.0,1
5,36.7,62.4,7
5,-7.2,19.2,194
5,-13.1,17.2,6
5,6.2,-76.0,8
5,30.5,-92.0,24
5,-9.1,-44.8,100
5,-9.1,29.1,167
5,11.9,14.9,1
5,-7.7,26.7,157
5,-0.3,109.5,5
5,47.5,19.2,1
5,22.5,120.4,5
5,-27.5,-58.9,2
5,-5.1,144.5,5
5,-6.5,26.7,265
5,-24.1,28.6,4
5,35.8,-81.1,1
5,-6.0,144.6,8
5,38.4,23.1,3
5,-31.1,151.4,6
5,16.7,-93.0,2
5,-2.8,29.1,3
5,-16.9,-47.4,1
5,61.4,70.3,3
5,34.2,41.2,42
5,41.6,-109.9,1
5,37.8,12.4,3
5,-27.6,152.1,10
5,-5.1,26.3,272
5,-26.6,-61.2,1
5,66.5,74.7,4
5,-14.1,17.1,33
5,-3.0,23.9,219
5,-29.7,22.8,21
5,-6.4,37.6,4
5,-2.6,38.3,1
5,-3.1,-49.7,2
5,31.1,-100.1,2
5,39.1,30.9,4
5,42.4,19.2,7
5,-21.4,44.8,42
5,56.8,-93.0,1
5,42.3,-2.4,5
5,40.6,68.6,3
5,-17.7,33.9,97
5,-16.2,24.4,7
5,25.7,119.4,2
5,36.4,5.2,2
5,-12.0,142.5,48
5,33.2,107.5,1
5,8.7,39.5,3
5,11.7,15.1,14
5,34.9,-96.5,2
5,16.2,-97.5,1
5,3.4,32.6,20
5,58.5,73.6,11
5,-30.4,29.0,3
5,-11.1,24.7,54
5,13.1,-16.6,1
5,-10.4,25.6,173
5,-10.8,18.6,1
5,26.3,31.9,1
5,-14.3,17.0,13
5,19.1,-104.3,4
5,52.3,5.5,1
5,29.6,35.0,2
5,32.9,73.8,3
5,54.3,13.0,2
5,14.9,-86.0,1
5,-5.6,-39.6,2
5,49.9,37.6,3
5,-12.9,21.1,52
5,-9.1,30.2,267
5,-32.2,27.8,1
5,61.9,23.8,1
5,48.6,-91.4,81
5,21.3,-77.4,2
5,-17.6,46.0,26
5,32.5,6.6,17
5,29.5,53.3,1
5,28.8,52.7,2
5,41.5,-85.1,1
5,50.0,8.8,1
5,-7.9,29.5,114
5,27.3,56.9,5
5,28.4,67.8,15
5,-16.7,-60.7,19
5,-29.3,23.3,9
5,25.8,114.6,4
5,46.4,19.4,1
5,6.7,116.8,1
5,64.6,11.8,1
5,-25.0,45.1,1
5,19.8,-105.1,6
5,-33.7,117.4,3
5,-18.0,137.2,46
5,-6.0,28.6,208
5,-17.4,28.0,3
5,-27.1,25.4,5
5,-12.2,-58.2,1
5,-14.2,20.4,18
5,-6.4,-38.2,4
5,11.5,34.4,7
5,40.6,69.0,6
5,20.3,45.2,15
5,-14.1,30.3,91
5,49.0,1.6,1
5,13.4,-14.8,3
5,63.8,49.2,1
5,-15.5,135.6,120
5,54.3,-118.6,3
5,5.5,5.9,20
5,-1.3,114.0,1
5,-17.3,47.2,34
5,-2.7,115.0,7
5,-5.8,16.8,73
5,49.1,12.7,5
5,3.3,9.1,1
5,-16.2,37.8,9
5,36.4,39.5,3
5,-7.8,-45.5,2
5,54.3,77.2,5
5,19.4,-104.8,5
5,-14.3,27.1,69
5,-15.7,34.8,12
5,29.9,-83.3,5
5,-1.2,109.4,2
5,-16.3,125.0,23
5,-0.2,35.0,1
5,0.7,24.2,8
5,26.4,103.3,9
5,18.5,-91.3,32
5,-9.7,21.3,79
5,35.1,33.2,2
5,-16.2,-39.5,1
5,-14.4,33.1,31
5,-3.8,103.3,6
5,-15.1,22.1,66
5,-3.4,128.0,1
5,49.4,2.0,1
5,12.2,3.9,1
5,-11.9,-76.4,15
5,45.2,122.9,1
5,-21.0,44.0,75
5,-21.8,43.4,4
5,-5.1,13.9,127
5,25.9,32.3,5
5,29.9,114.7,6
5,-18.2,46.7,59
5,58.3,92.3,1
5,31.6,-84.2,1
5,41.9,44.4,8
5,-1.3,131.1,1
5,-15.5,21.4,19
5,-10.6,22.6,117
5,-32.8,27.9,2
5,38.2,39.7,4
5,-10.0,31.9,1
5,35.0,10.9,2
5,56.1,-103.2,362
5,36.2,3.8,1
5,-2.1,-56.5,3
5,-14.6,130.4,452
5,51.4,5.5,1
5,-25.8,28.2,10
5,-14.6,-63.5,2
5,23.8,-106.9,5
5,-14.3,-67.2,1
5,-24.7,46.2,6
5,8.7,-64.3,2
5,-19.5,45.3,27
5,-5.2,17.4,48
5,18.2,79.7,2
5,-17.1,-43.9,25
5,-17.7,-62.9,5
5,7.9,-72.5,32
5,1.3,110.9,1
5,-22.8,46.4,22
5,-27.0,-61.3,7
5,29.1,-81.5,6
5,24.8,68.6,1
5,-13.2,131.2,1
5,-6.8,25.2,196
5,-7.6,27.9,270
5,14.2,-1.0,2
5,-30.7,30.0,116
5,-19.4,-44.8,6
5,15.1,78.6,1
5,11.4,105.1,2
5,-33.6,26.5,1
5,-24.4,34.6,26
5,-10.8,-43.7,8
5,35.1,44.1,2
5,16.8,-93.3,1
5,-13.8,32.7,49
5,-5.6,21.2,12
5,1.6,23.1,6
5,57.4,82.3,1
5,62.7,70.5,1
5,36.0,-119.1,1
5,10.6,-71.7,5
5,-5.2,12.5,28
5,-26.5,28.3,61
5,-0.8,19.4,3
5,-18.0,45.9,23
5,-15.0,31.6,97
5,17.1,106.9,3
5,10.4,22.2,1
5,17.1,-100.8,2
5,-3.8,23.2,238
5,-1.7,30.8,6
5,-16.6,-61.0,15
5,72.6,108.0,1
5,-12.4,49.0,21
5,-9.0,125.3,1
5,22.4,56.7,99
5,-31.1,150.4,1
5,-25.2,30.6,3
5,-17.7,44.4,41
5,13.5,107.0,1
5,-21.1,-44.6,1
5,-29.7,147.2,1
5,11.0,107.3,6
5,-16.8,-66.7,14
5,-19.9,28.1,10
5,-14.0,27.6,153
5,46.1,53.3,100
5,51.2,-122.3,632
5,-17.6,30.8,39
5,-2.3,28.4,72
5,-1.4,-80.8,1
5,-6.1,139.2,1
5,21.1,-76.9,17
5,42.7,89.7,4
5,17.1,-98.1,2
5,-12.1,132.6,161
5,-12.7,22.1,191
5,-28.6,28.8,39
5,7.1,30.3,40
5,-30.0,-58.4,2
5,-1.5,13.9,36
5,-3.5,104.5,7
5,-5.8,32.5,1
5,-12.6,15.2,188
5,50.7,27.0,1
5,40.1,34.1,1
5,55.3,53.0,2
5,-16.8,13.6,1
5,-22.8,-47.1,1
5,-15.1,48.1,2
5,22.7,115.0,12
5,-13.9,17.8,26
5,-14.2,134.5,16
5,-11.9,-46.9,9
5,38.6,-3.5,3
5,-4.9,23.9,2
5,-9.3,17.8,525
5,36.8,-84.3,1
5,45.8,130.8,23
5,-23.6,-64.4,3
5,-3.3,19.6,1
5,-11.7,28.9,57
5,51.7,14.3,1
5,-3.1,25.1,27
5,12.5,-3.7,3
5,-42.4,171.3,1
5,-0.1,38.2,1
5,-7.9,147.6,4
5,-13.2,131.3,28
5,-20.6,32.3,1
5,35.6,-96.9,8
5,-1.0,117.0,4
5,-23.5,30.1,1
5,-28.8,30.9,40
5,-2.5,23.2,36
5,-21.0,-59.9,7
5,3.9,-76.3,1
5,47.6,0.3,16
5,-23.1,-50.6,2
5,51.3,26.3,1
5,-2.4,35.1,461
5,35.7,6.3,2
5,-29.4,30.9,18
5,38.4,64.2,5
5,10.9,-68.6,1
5,37.5,-76.9,23
5,45.7,124.4,1
5,38.0,117.1,8
5,-18.1,12.1,1
5,46.3,1.9,1
5,-11.5,15.8,90
5,-11.0,-45.8,1
5,-9.1,34.2,41
5,-7.2,-43.4,19
5,41.2,14.2,1
5,36.2,116.5,88
5,63.2,148.1,33
5,-1.3,-80.9,1
5,-16.4,-43.1,2
5,-4.6,32.2,2
5,34.9,-89.6,5
5,-31.6,150.5,2
5,-13.6,18.0,9
5,-18.4,137.6,211
5,-6.0,16.1,111
5,-14.1,134.8,51
5,6.4,-75.8,1
5,-17.0,-65.1,4
5,-24.7,28.4,8
5,-23.0,44.4,3
5,25.8,69.3,2
5,-4.8,23.9,4
5,-16.0,-48.0,7
5,66.0,76.7,1
5,3.4,113.7,5
5,-5.2,141.4,14
5,10.7,-74.7,12
5,39.0,116.4,1
5,60.5,48.2,4
5,47.7,36.0,26
5,-15.2,18.1,12
5,-14.8,18.3,2
5,11.3,107.1,3
5,5.1,-75.6,1
5,12.2,12.4,3
5,26.6,118.1,4
5,19.6,33.0,2
5,-5.6,-46.0,6
5,-15.0,20.5,5
5,-6.9,13.7,18
5,53.8,-75.1,26
5,31.2,74.1,1
5,-20.6,17.2,2
5,8.9,80.7,1
5,-24.2,21.2,10
5,32.1,54.3,16
5,-17.0,23.0,156
5,-17.5,-63.6,2
5,-23.6,44.2,2
5,15.8,80.2,1
5,6.3,-58.3,7
5,-6.6,23.8,21
5,41.3,-111.8,6
5,-17.4,24.4,65
5,49.8,48.6,4
5,-6.3,-47.7,2
5,-7.6,19.2,430
5,7.9,-56.9,35
5,44.1,9.9,1
5,30.9,-98.5,1
5,51.1,80.4,4
5,-18.4,44.8,81
5,-2.4,114.1,92
5,-23.5,-55.7,6
5,13.0,77.0,1
5,53.6,-6.4,32
5,-13.5,-66.6,1
5,53.5,75.3,1
5,29.7,55.5,50
5,7.9,-64.8,1
5,12.5,-16.6,1
5,-19.3,35.1,13
5,59.0,88.2,8
5,49.9,23.4,3
5,-9.2,30.1,9
5,0.7,116.7,4
5,52.2,73.8,39
5,49.6,75.3,4
5,25.2,73.5,1
5,55.5,28.5,27
5,-10.8,25.9,231
5,12.3,107.7,1
5,30.2,120.6,1
5,41.8,-90.8,1
5,0.6,-78.3,1
5,25.4,68.7,14
5,53.5,12.7,7
5,-12.2,21.3,133
5,-8.9,30.1,96
5,45.7,12.5,1
5,-23.5,-57.0,10
5,33.3,-83.3,1
5,-31.3,146.8,7
5,-17.2,35.2,12
5,63.7,68.4,9
5,55.7,-87.7,12
5,16.5,-92.1,1
5,4.1,19.5,7
5,-14.5,27.3,141
5,6.7,-6.9,1
5,1.6,32.7,2
5,47.4,7.4,1
5,10.2,-72.3,6
5,36.6,42.5,2
5,-15.4,15.0,7
5,58.0,1.1,11
5,-14.2,134.9,65
5,-15.5,131.8,55
5,53.6,49.0,4
5,-8.1,-78.6,3
5,-17.2,125.4,1
5,-16.0,21.0,26
5,-12.7,-66.8,23
5,-20.4,46.4,45
5,-30.3,151.5,2
5,-9.7,17.2,239
5,40.6,26.2,1
5,-8.1,141.5,4
5,53.3,13.8,2
5,-8.2,21.1,198
5,5.8,11.6,1
5,31.6,121.4,1
5,-16.3,23.8,6
5,-28.8,-59.9,2
5,-15.3,26.0,25
5,6.5,31.5,15
5,-18.1,23.5,30
5,-25.4,-50.6,1
5,-0.8,-80.5,2
5,-22.1,33.6,1
5,16.0,-90.7,1
5,-4.6,-47.4,1
5,34.4,45.3,20
5,60.1,109.0,480
5,-13.6,25.8,175
5,-10.4,21.2,16
5,49.2,1.5,3
5,-15.3,-41.0,1
5,-9.6,26.4,345
5,-8.4,26.0,237
5,-13.7,19.6,37
5,-13.4,-49.6,5
5,-1.3,34.6,1
5,18.1,-94.4,130
5,0.1,109.7,3
5,-17.8,44.8,61
5,-12.4,17.6,44
5,-7.6,110.4,181
5,23.6,85.0,8
5,-3.6,-57.8,1
5,-11.8,34.1,4
5,-7.6,26.0,54
5,22.6,31.4,1
5,-1.5,31.3,16
5,50.1,37.7,8
5,-16.3,21.6,54
5,2.7,19.5,2
5,-16.4,128.2,90
5,-16.4,126.1,41
5,1.2,31.7,2
5,-1.9,102.3,2
5,-12.8,135.9,80
5,30.3,-97.0,2
5,-0.5,22.9,1
5,-12.5,-49.5,8
5,44.0,2.4,2
5,1.6,11.2,2
5,-15.8,31.1,36
5,31.6,47.4,5
5,48.3,37.3,31
5,-5.2,28.3,44
5,13.6,-7.3,1
5,5.7,17.5,2
5,30.8,-83.5,20
5,-15.2,-46.5,3
5,24.4,-107.5,13
5,-3.1,-45.5,2
5,-12.9,23.6,39
5,62.3,113.7,360
5,-8.8,17.8,131
5,19.4,-104.7,1
5,-13.7,-58.0,1
5,-5.8,19.2,23
5,-13.9,33.8,3
5,-18.1,44.3,52
5,0.6,33.4,8
5,32.4,46.6,1
5,50.6,-89.5,1786
5,8.2,30.2,9
5,-12.3,-51.4,1
5,-15.3,-70.3,1
5,-7.2,-78.6,1
5,3.3,30.4,14
5,-9.9,27.3,190
5,-29.1,-50.6,1
5,-4.0,32.4,2
5,-26.7,15.1,2
5,-25.5,-53.0,2
5,53.8,-75.7,1
5,-6.1,14.5,65
5,-1.2,34.1,1
5,12.6,10.6,3
5,28.2,80.6,1
5,-5.7,18.2,11
5,-7.4,27.7,391
5,34.7,46.9,5
5,2.4,34.0,38
5,32.1,116.7,3
5,39.1,-122.3,3
5,-3.2,112.5,3
5,51.8,75.2,5
5,9.1,-73.7,27
5,-13.7,-49.4,3
5,-27.0,-61.7,9
5,-9.2,14.2,7
5,21.7,70.2,2
5,-9.8,15.2,21
5,15.4,77.0,1
5,13.4,99.3,3
5,42.8,-70.9,1
5,21.9,31.1,14
5,-8.0,15.6,88
5,-18.9,35.8,6
5,24.5,111.3,2
5,-3.5,119.8,1
5,30.4,114.2,5
5,9.0,-66.6,1
5,-11.6,27.8,230
5,23.4,108.5,2
5,31.8,-102.6,8
5,-4.7,104.1,1
5,14.1,-13.2,11
5,-1.4,114.0,1
5,-6.3,22.9,104
5,15.2,102.0,3
5,12.3,-15.4,1
5,15.6,79.4,1
5,-16.0,34.7,37
5,16.2,-90.8,3
5,51.2,11.5,1
5,32.7,-100.1,3
5,-33.3,-58.2,1
5,39.4,48.4,1
5,40.4,-4.7,15
5,2.9,32.9,9
5,-9.7,32.0,22
5,16.5,-94.1,2
5,-15.4,47.8,1
5,28.9,-81.8,1
5,-16.5,23.7,1
5,-15.0,-68.3,1
5,-19.0,32.1,8
5,1.2,109.9,17
5,-13.6,135.2,11
5,37.7,-121.1,5
5,-6.9,15.4,217
5,11.2,125.4,1
5,-9.4,159.7,4
5,-32.7,26.7,5
5,54.1,10.2,4
5,-14.0,31.0,110
5,-13.8,15.0,27
5,65.2,72.6,6
5,-10.1,27.9,8
5,41.6,42.9,2
5,39.9,-112.4,44
5,-2.1,113.0,1
5,29.8,-82.4,3
5,-4.0,24.7,660
5,-28.7,-65.0,4
5,47.5,126.0,2
5,-4.4,19.1,28
5,-3.4,28.5,3
5,53.0,78.8,6
5,-6.7,24.0,71
5,-9.1,-71.5,2
5,-4.6,14.5,27
5,38.3,33.9,1
5,-16.6,48.8,2
5,-18.6,26.0,114
5,-10.1,18.4,265
5,-17.7,138.7,22
5,-16.5,48.8,1
5,-30.8,150.4,1
5,59.3,90.3,1456
5,1.7,-77.2,1
5,-14.8,23.6,107
5,39.1,47.5,1
5,4.0,33.1,2
5,-0.1,38.9,4
5,52.8,-4.1,224
5,-17.8,30.3,45
5,21.1,107.4,1
5,-21.6,-42.0,1
5,-23.3,30.0,1
5,54.3,86.2,2
5,41.9,-88.3,10
5,-15.2,16.4,2
5,31.6,-94.1,3
5,-28.6,32.2,11
5,31.1,36.0,40
5,64.5,83.9,13
5,35.8,6.0,127
5,-7.1,-43.3,4
5,22.0,72.5,1
5,-7.6,18.1,217
5,-13.1,-42.2,10
5,-29.0,23.9,8
5,30.9,110.7,4
5,-29.5,-56.9,9
5,-2.2,39.6,1
5,3.0,19.4,1
5,11.5,2.3,1
5,-30.0,30.8,7
5,-5.5,17.9,7
5,-17.3,37.2,1
5,-12.5,14.2,15
5,28.6,115.4,3
5,-25.0,-65.6,4
5,33.0,47.4,18
5,8.5,-73.1,3
5,3.5,32.5,12
5,13.8,-6.7,1
5,-25.6,-56.6,21
5,55.2,83.6,3
5,32.4,-94.1,1
5,-11.3,39.6,16
5,-16.7,132.8,6
5,19.0,104.8,5
5,-14.0,134.2,27
5,26.8,116.3,2
5,18.4,-70.5,1
5,-9.6,21.0,239
5,20.2,-75.9,3
5,-2.5,-80.4,2
5,-6.3,18.8,119
5,32.1,-82.9,12
5,-25.7,-42.9,9
5,-30.6,-60.0,1
5,28.0,52.0,1
5,21.4,-104.4,1
5,54.2,-72.8,325
5,36.9,15.1,6
5,-11.5,-49.1,20
5,-7.5,140.5,8
5,-45.4,169.9,5
5,4.5,102.5,4
5,-32.1,-59.1,6
5,11.4,79.4,1
5,24.7,-107.5,1
5,-15.5,141.8,249
5,-9.4,27.7,79
5,37.1,-88.3,3
5,60.2,-113.0,167
5,-36.9,-57.0,1
5,37.8,30.5,3
5,-26.8,-59.0,3
5,-16.2,14.8,8
5,-11.2,25.3,84
5,13.5,13.1,10
5,4.8,-69.9,4
5,-39.8,-64.7,8
5,0.7,122.8,3
5,34.7,113.2,2
5,-6.6,18.9,91
5,-6.6,-51.2,268
5,36.6,10.3,9
5,-16.9,-44.2,1
5,14.7,-85.8,1
5,-8.4,-48.3,116
5,9.4,-73.4,8
5,-30.5,150.7,1
5,-8.3,18.6,29
5,54.4,-71.5,28
5,-27.6,-55.0,2
5,-6.0,24.2,36
5,10.6,104.8,1
5,-27.6,24.6,24
5,7.9,-12.5,3
5,40.5,141.4,13
5,-27.1,-56.5,19
5,-2.1,16.7,19
5,-26.2,-58.8,1
5,51.6,9.3,1
5,-1.6,-55.9,3
5,-4.5,16.3,129
5,-1.0,115.3,1
5,29.7,17.5,50
5,-4.4,143.5,5
5,53.4,-2.0,405
5,18.0,121.8,1
5,-10.3,-48.9,1
5,-18.2,23.7,6
5,-6.0,-77.1,4
5,-12.4,22.8,39
5,-17.8,30.1,39
5,28.8,119.6,1
5,-18.9,45.7,40
5,-22.0,29.8,8
5,-18.8,36.2,8
5,32.1,48.9,13
5,50.5,17.9,94
5,-10.0,-52.2,6
5,35.1,118.2,7
5,41.8,-93.3,3
5,-6.6,-35.4,1
5,49.3,7.2,1
5,-14.8,34.3,3
5,-16.6,46.0,61
5,31.9,44.5,1
5,3.8,-71.8,21
5,45.5,-0.5,2
5,-13.5,141.6,31
5,-20.9,127.8,43
5,2.4,33.8,51
5,16.9,-97.1,1
5,-14.4,-71.3,4
5,30.8,47.3,638
5,13.1,102.4,1
5,47.0,31.8,1
5,-9.8,26.6,242
5,2.3,98.3,6
5,47.7,7.5,1
5,2.7,32.7,16
5,37.7,-121.6,1
5,0.5,32.0,3
5,-4.6,105.5,5
5,32.6,48.9,15
5,-32.5,-65.7,1
5,-6.2,20.4,63
5,3.6,29.6,12
5,37.6,66.0,1
5,-13.8,33.1,12
5,-20.7,-43.7,1
5,-8.7,22.2,275
5,40.0,47.2,1
5,33.2,111.5,43
5,-12.0,22.8,143
5,-22.1,34.1,1
5,-2.4,23.8,1
5,14.2,104.6,1
5,-18.6,145.7,27
5,48.4,27.1,1
5,27.1,79.5,1
5,-21.3,45.4,11
5,31.2,31.5,1
5,-7.8,139.0,5
5,-0.8,22.3,15
5,-17.0,-41.4,1
5,-14.7,-64.6,19
5,-23.5,22.1,127
5,-23.3,46.9,4
5,22.5,-99.4,1
5,34.6,108.6,9
5,39.8,8.6,3
5,-20.9,127.7,88
5,-7.2,18.4,360
5,48.7,1.9,1
5,-23.9,46.1,9
5,-16.1,-52.9,2
5,-7.2,-50.4,2
5,51.9,-92.5,1
5,2.5,31.6,3
5,-25.0,-57.6,12
5,40.4,-3.8,3
5,8.5,-73.8,1
5,-21.2,44.7,59
5,-15.9,48.3,2
5,-3.5,17.6,168
5,-15.7,35.5,1
5,-16.3,-69.5,7
5,-27.2,-56.4,13
5,-4.0,-79.7,2
5,-5.5,25.6,106
5,57.8,101.2,3
5,64.8,-150.5,2
5,50.6,14.2,1
5,2.2,11.3,1
5,47.5,-117.0,2
5,55.4,18.1,3
5,-11.1,19.1,36
5,-7.3,108.9,1
5,-27.7,25.5,49
5,-16.3,36.0,1
5,38.8,-6.6,1
5,16.8,75.7,1
5,-27.9,148.2,11
5,-31.4,29.2,9
5,7.9,15.9,1
5,22.7,31.4,7
5,10.4,15.6,2
5,-21.2,44.0,14
5,46.9,33.0,28
5,47.5,36.1,32
5,30.6,-83.6,1
5,26.7,73.5,1
5,-25.7,151.3,1
5,-13.6,31.2,22
5,62.5,113.9,39
5,-11.6,29.0,68
5,45.0,13.9,2
5,-3.4,12.6,18
5,38.5,-112.6,3
5,28.1,-101.2,15
5,-4.3,-55.8,1
5,-14.9,166.5,4
5,24.7,78.3,1
5,-16.5,-59.9,6
5,-17.4,19.5,167
5,-7.8,111.5,6
5,38.2,33.9,2
5,-14.7,-42.7,1
5,22.9,70.0,3
5,27.5,62.6,1
5,-20.1,47.2,2
5,-6.0,34.3,170
5,55.9,46.9,3
5,-7.3,107.2,2
5,-6.2,15.7,85
5,8.5,-72.1,1
5,-7.8,112.2,6
5,-12.8,-64.4,11
5,43.8,46.6,6
5,-15.3,-46.0,1
5,-0.1,34.7,2
5,-9.1,16.7,257
5,-15.1,28.0,35
5,-15.7,46.4,11
5,36.5,4.4,24
5,-10.8,35.5,1
5,32.3,-9.3,1
5,43.6,10.6,2
5,22.8,71.2,1
5,5.5,6.6,8
5,-9.8,119.3,1
5,-33.5,115.7,1
5,-13.9,28.2,37
5,-14.3,-43.5,2
5,36.7,-82.1,3
5,-16.6,21.6,65
5,10.7,106.9,2
5,-7.5,20.2,164
5,-8.8,-75.0,6
5,50.7,6.1,3
5,-4.3,27.9,56
5,-4.0,25.3,23
5,6.9,81.5,11
5,-15.9,23.4,12
5,-8.5,38.1,1
5,52.3,-93.2,1
5,-13.5,33.0,70
5,31.0,-89.4,1
5,-29.7,-54.8,2
5,2.6,31.3,1
5,-3.2,17.6,102
5,43.6,3.2,119
5,-11.9,30.4,149
5,-34.9,-58.0,10
5,52.0,62.9,12
5,15.0,-4.7,2
5,33.3,-88.5,5
5,-20.3,-46.1,14
5,18.8,-102.3,2
5,-14.7,29.3,23
5,-9.0,21.8,149
5,-9.7,-75.1,2
5,-11.5,33.4,3
5,-13.8,31.7,106
5,-19.8,45.6,38
5,31.3,10.0,2
5,45.3,43.8,3
5,31.4,-90.6,4
5,7.4,30.9,2
5,34.4,-97.0,13
5,33.8,50.4,2
5,13.1,-87.2,2
5,-25.5,30.8,11
5,47.9,134.9,1
5,62.3,82.3,5
5,-13.0,16.9,7
5,32.6,35.7,1
5,33.3,-96.1,3
5,32.1,-102.6,10
5,-32.3,-55.3,2
5,61.0,90.1,5
5,44.7,5.2,26
5,36.5,52.3,2
5,54.9,65.4,1
5,-27.4,24.6,46
5,-8.2,15.8,44
5,19.5,-98.4,18
5,-35.8,-72.5,41
5,-10.2,33.5,2
5,-24.5,151.8,23
5,-10.4,-64.5,2
5,41.4,-8.7,34
5,54.5,82.7,1
5,-18.1,-43.3,2
5,-16.9,16.1,2
5,26.4,101.8,3
5,32.9,-82.8,2
5,-31.9,26.9,3
5,58.3,-97.5,1
5,52.5,48.9,3
5,55.3,-62.8,1
5,42.8,93.6,1
5,29.5,69.9,4
5,34.2,-84.9,4
5,-35.0,117.7,2
5,-20.1,-53.4,2
5,-20.4,-51.5,1
5,-6.1,-76.5,1
5,-18.2,-65.6,11
5,22.3,-100.9,1
5,-8.2,26.0,36
5,32.1,-106.9,6
5,50.2,-89.7,733
5,-33.7,-59.4,35
5,29.6,107.5,11
5,-14.1,31.9,14
5,-13.7,-73.6,1
5,-13.4,-44.7,7
5,-6.8,111.6,2
5,48.0,8.5,1
5,11.0,32.2,1
5,53.1,-2.5,12
5,62.1,138.8,4
5,32.2,35.0,13
5,-29.7,29.9,39
5,-30.0,29.4,39
5,-9.3,-76.9,1
5,-11.4,26.1,77
5,-5.5,32.4,16
5,29.7,38.4,2
5,52.2,74.5,1
5,0.5,34.2,1
5,-16.9,22.6,17
5,-4.4,152.1,2
5,-2.9,14.8,7
5,28.8,108.7,2
5,-11.9,-75.1,4
5,-12.9,136.1,146
5,-13.8,135.6,47
5,-12.5,38.2,43
5,3.1,113.0,1
5,-7.6,19.0,281
5,-17.6,-59.7,44
5,-14.7,-42.0,1
5,61.2,73.0,9
5,23.1,-106.0,5
5,-13.3,49.6,20
5,12.5,10.6,1
5,-1.6,20.3,8
5,49.0,42.1,1
5,-12.0,25.2,59
5,-19.7,46.1,8
5,-4.6,27.0,13
5,60.5,-101.2,1
5,15.1,-10.3,78
5,-4.0,13.8,5
5,30.4,115.0,2
5,-8.1,147.1,7
5,8.9,41.1,1
5,32.3,48.0,44
5,29.8,-95.0,82
5,-3.8,16.6,89
5,56.2,49.6,5
5,-18.8,48.1,34
5,30.4,50.8,5
5,-14.4,25.0,176
5,55.9,93.1,2
5,28.9,-98.7,1
5,-7.4,108.2,1
5,9.6,-66.0,1
5,-21.4,-46.8,3
5,10.8,106.5,4
5,-6.3,16.4,18
5,-5.1,18.6,31
5,-28.9,31.2,31
5,-10.0,-45.6,6
5,32.0,-103.4,2
5,4.7,-61.1,2
5,-3.1,24.9,29
5,-27.8,30.0,110
5,-3.5,24.4,380
5,-20.1,34.1,2
5,59.8,76.8,17
5,52.3,34.6,14
5,44.4,90.4,37
5,-7.3,-35.0,1
5,-17.0,24.6,43
5,-13.1,135.9,38
5,-30.3,-54.3,1
5,-6.7,-46.0,15
5,18.1,-93.3,7
5,-8.4,19.0,87
5,62.2,87.1,7
5,-12.5,14.9,169
5,-11.5,-61.5,2
5,26.2,52.3,114
5,-16.9,23.8,5
5,63.2,-157.4,3
5,-19.0,27.3,3
5,-6.2,144.9,16
5,9.5,-70.6,14
5,48.9,73.1,79
5,-7.5,20.6,202
5,-14.9,-65.6,6
5,-3.3,18.9,6
5,-7.8,20.8,247
5,4.9,35.2,23
5,58.0,79.4,247
5,18.3,-100.5,4
5,-34.1,-56.6,1
5,39.9,-3.8,18
5,62.1,85.3,417
5,-10.5,-56.8,6
5,71.0,73.8,14
5,-7.1,24.3,487
5,-15.1,31.9,12
5,-14.3,20.9,33
5,-12.1,25.5,110
5,-20.6,28.3,3
5,-16.9,-63.6,5
5,-4.7,21.6,54
5,29.6,106.2,2
5,46.2,12.4,2
5,-27.4,31.0,8
5,-4.3,24.7,87
5,27.6,113.5,3
5,53.8,-8.4,2
5,-15.7,-42.6,3
5,-1.5,133.7,4
5,20.2,-88.9,1
5,-9.4,-37.7,1
5,-8.1,18.9,78
5,-9.6,14.5,39
5,-18.9,30.1,21
5,-20.1,46.7,16
5,-14.8,35.8,4
5,-8.7,24.2,106
5,-26.5,30.9,44
5,-5.2,-38.5,2
5,-12.8,27.1,4
5,-14.0,24.1,19
5,-4.6,-48.4,2
5,25.6,43.6,54
5,56.6,133.0,2
5,-27.3,28.0,1
5,0.6,31.2,25
5,18.0,-91.7,2
5,-27.0,29.1,6
5,-14.4,30.0,52
5,22.5,112.5,2
5,50.1,-78.9,412
5,-29.4,150.1,1
5,-6.0,145.2,8
5,8.6,33.1,15
5,-17.6,-66.2,1
5,49.8,30.8,1
5,-11.0,28.4,40
5,64.8,-127.0,127
5,11.0,32.8,1
5,35.5,-79.5,2
5,-3.1,130.3,61
5,-20.4,44.6,5
5,21.2,83.4,2
5,-7.0,111.6,3
5,-30.2,151.3,8
5,-29.1,30.8,65
5,6.3,-69.6,1
5,-19.3,34.4,41
5,-6.6,23.1,174
5,-29.7,150.2,6
5,28.3,-81.1,6
5,-28.1,-61.9,15
5,-22.2,-43.4,5
5,-29.0,29.1,41
5,14.1,29.1,1
5,-15.1,47.7,43
5,-12.4,24.4,99
5,-7.6,14.6,41
5,9.3,-75.4,1
5,-9.2,-36.2,1
5,-13.3,23.9,95
5,21.1,70.3,1
5,51.9,23.5,1
5,-4.2,143.6,68
5,39.4,36.3,1
5,-17.8,177.9,9
5,-9.5,29.1,43
5,56.1,43.1,1
5,40.5,72.0,12
5,33.4,44.0,3
5,64.8,-122.0,2
5,-13.8,15.1,14
5,9.1,80.3,1
5,8.1,-74.2,2
5,38.5,-92.3,2
5,36.0,2.3,5
5,10.3,-74.4,2
5,59.4,98.7,10
5,3.5,28.6,1
5,-17.9,125.7,4
5,-17.2,24.0,3
5,-17.6,45.8,33
5,38.0,-93.2,1
5,-7.2,22.2,246
5,-6.0,13.9,181
5,-25.6,-56.7,13
5,-4.1,30.4,73
5,33.9,-85.3,1
5,-3.0,110.7,2
5,28.8,53.6,1
5,-8.8,21.2,243
5,-33.1,137.5,1
5,56.3,-93.2,16
5,18.6,-90.9,1
5,-8.1,-72.4,3
5,45.5,29.2,4
5,35.6,-86.8,7
5,-11.1,23.4,85
5,-5.3,-47.7,4
5,-0.9,29.2,122
5,-15.4,34.8,52
5,-9.8,-45.6,2
5,27.6,-109.3,2
5,49.6,-89.9,513
5,27.8,-109.5,6
5,4.3,95.8,1
5,25.4,85.1,1
5,-13.4,26.3,9
5,-3.8,16.0,136
5,-16.6,27.8,1
5,-1.6,113.8,2
5,56.4,-99.7,93
5,-11.0,-50.9,8
5,-8.3,18.7,10
5,53.5,75.1,2
5,-12.8,-73.5,3
5,2.2,-60.8,1
5,-15.4,-68.7,6
5,-7.9,21.7,157
5,-19.7,47.6,1
5,-4.7,29.6,24
5,36.2,118.8,1
5,8.0,-8.5,1
5,36.5,-120.2,1
5,-14.6,36.6,20
5,-23.4,47.4,4
5,-14.6,38.4,28
5,51.1,3.9,1
5,-18.5,48.0,1
5,63.6,78.0,2
5,0.3,30.8,6
5,65.0,25.4,1
5,15.7,-90.5,1
5,47.7,-102.8,2
5,-6.4,23.3,121
5,29.0,111.7,2
5,-1.1,30.8,11
5,-29.9,-61.1,4
5,36.3,-119.5,1
5,7.7,33.1,19
5,-13.0,134.2,33
5,0.9,35.1,1
5,-22.3,44.5,52
5,-32.4,-58.6,11
5,-30.3,-59.4,14
5,41.7,-107.2,47
5,-15.2,143.7,11
5,43.5,124.8,2
5,61.6,-121.5,27
5,38.7,114.8,2
5,-9.0,33.2,30
5,4.8,100.6,6
5,-4.4,15.6,99
5,34.1,-79.7,3
5,-10.0,-74.1,2
5,48.4,39.2,1
5,-29.5,-54.3,1
5,30.1,-93.3,52
5,19.9,-75.9,1
5,-6.1,144.6,1
5,36.2,-86.9,5
5,-9.4,18.9,53
5,-18.8,-51.5,1
5,3.4,29.4,2
5,29.4,-99.5,1
5,-15.7,142.2,93
5,18.2,-99.3,2
5,-18.6,36.1,29
5,16.0,80.4,1
5,18.4,-95.5,2
5,-10.7,23.2,156
5,-25.1,46.3,2
5,-14.8,21.6,3
5,14.0,107.3,28
5,-9.5,-57.2,1
5,-17.9,45.7,58
5,18.0,75.7,3
5,25.0,68.0,1
5,7.5,-64.7,1
5,-10.3,23.2,96
5,-9.1,149.3,1
5,-12.8,16.6,219
5,8.5,-80.0,2
5,-8.6,20.8,269
5,-15.6,-40.4,4
5,-10.9,-66.7,1
5,33.5,-88.1,2
5,-16.2,26.2,20
5,-3.9,19.2,2
5,-3.2,11.1,21
5,46.7,-94.0,4
5,1.6,34.2,33
5,39.2,-106.4,37
5,47.2,46.7,3
5,37.2,40.5,5
5,-5.7,-46.3,6
5,-29.2,28.2,5
5,-15.7,15.6,2
5,59.5,57.1,8
5,-15.3,31.5,6
5,12.7,28.0,1
5,-1.4,26.6,13
5,48.1,16.3,1
5,-8.7,18.2,212
5,37.3,40.6,1
5,-12.6,18.0,46
5,33.4,-91.3,8
5,-1.9,111.3,33
5,47.0,78.5,13
5,62.2,131.5,2
5,5.5,19.1,4
5,-7.9,-38.8,4
5,-22.7,-40.0,1
5,-4.1,17.9,31
5,-7.7,38.2,2
5,15.6,101.7,1
5,58.8,-99.0,628
5,-5.2,26.2,347
5,-7.0,12.7,12
5,-22.7,-43.5,2
5,-13.0,23.4,1
5,-4.1,14.1,13
5,-25.5,27.4,87
5,-37.0,-59.6,1
5,-11.3,-43.3,1
5,-32.1,148.5,4
5,64.6,-115.8,134
5,23.2,100.4,1
5,-8.8,27.1,288
5,64.7,-115.8,236
5,-18.0,48.2,3
5,-14.8,-68.3,2
5,-20.2,-48.1,1
5,45.4,131.7,10
5,-27.9,-56.0,1
5,-11.9,36.7,1
5,-9.0,35.0,3
5,63.8,-123.8,4
5,2.8,-72.3,1
5,-10.3,-75.2,1
5,44.4,20.2,1
5,1.7,30.2,27
5,-12.1,17.8,69
5,-22.4,118.0,23
5,64.4,-121.2,52
5,-11.0,21.2,94
5,42.3,123.0,2
5,-22.3,-42.6,3
5,-7.4,-44.6,5
5,-4.7,121.6,1
5,46.8,33.3,124
5,-1.6,114.4,5
5,-10.0,23.9,209
5,-9.0,30.3,3
5,-23.9,35.0,3
5,11.9,14.7,7
5,-30.5,-59.5,3
5,48.2,41.2,1
5,36.7,42.6,1
5,-29.6,30.6,67
5,31.1,-96.7,1
5,-14.9,20.7,2
5,-1.2,-49.2,7
5,-15.4,26.0,90
5,26.7,78.5,2
5,36.7,-94.9,1
5,-3.5,-60.3,8
5,-6.0,23.1,165
5,45.6,-100.8,6
5,9.1,77.8,5
5,59.1,82.3,3
5,-13.1,-46.7,1
5,-11.5,19.8,33
5,-1.6,14.9,47
5,36.1,-98.2,1
5,40.7,-100.7,3
5,24.5,116.1,16
5,10.9,-63.9,7
5,-7.7,21.3,34
5,-22.6,43.5,45
5,14.3,102.3,1
5,-14.6,35.0,27
5,38.0,-85.7,1
5,-17.3,31.8,1
5,54.4,73.9,1
5,-14.8,32.4,95
5,-11.7,31.5,33
5,-25.8,25.5,8
5,42.7,88.6,7
5,65.5,-116.8,228
5,19.3,-98.1,3
5,38.4,37.5,1
5,-5.3,12.9,3
5,20.9,-77.5,6
5,-29.3,-49.8,1
5,15.0,-83.4,3
5,21.5,97.2,2
5,39.8,111.1,2
5,1.0,22.5,1
5,40.5,19.5,7
5,-19.5,-44.2,3
5,36.0,9.2,1
5,23.4,69.6,2
5,34.1,49.7,1
5,-34.0,115.7,33
5,65.6,-118.9,1172
5,-29.6,-52.9,1
5,-3.1,24.7,39
5,-3.4,104.4,3
5,-28.7,-56.2,1
5,-13.7,23.4,28
5,-17.8,138.8,57
5,40.8,-80.6,2
5,27.4,103.6,5
5,13.4,101.0,1
5,33.8,116.2,1
5,54.3,-113.8,1
5,-20.4,-63.0,2
5,-4.5,15.3,11
5,-11.9,-40.0,2
5,37.3,117.6,2
5,-19.3,35.0,7
5,48.8,-3.3,1
5,36.5,37.2,14
5,-6.2,14.5,111
5,-28.4,30.3,2
5,-8.8,140.5,1
5,33.5,48.3,1
5,-17.9,138.7,31
5,36.9,-86.5,1
5,-16.2,25.5,42
5,46.5,-118.1,10
5,41.7,-94.1,2
5,-17.0,26.2,3
5,-7.9,15.8,225
5,-19.8,19.4,1
5,-29.3,-59.7,6
5,-24.9,-55.8,4
5,55.0,-64.0,6
5,45.3,11.9,73
5,-12.4,20.6,4
5,-2.7,121.7,8
5,30.2,-82.3,1
5,54.8,82.4,2
5,7.7,-4.5,1
5,-2.9,104.1,1
5,36.7,48.2,1
5,64.8,80.7,48
5,13.0,104.9,1
5,-10.5,-54.6,10
5,3.9,7.7,1
5,39.2,-88.8,1
5,-0.6,114.8,1
5,32.6,44.0,2
5,63.1,-109.9,281
5,-12.0,133.2,92
5,25.7,-107.6,1
5,26.5,57.0,3
5,47.1,-2.2,13
5,-15.7,-61.9,48
5,-29.4,149.3,100
5,-23.4,21.2,78
5,-24.0,33.4,2
5,31.1,107.4,17
5,-11.7,16.9,254
5,-18.5,-67.7,1
5,-26.5,-56.5,12
5,38.2,-117.4,1
5,36.8,7.3,3
5,52.9,73.8,18
5,-7.8,37.0,8
5,39.2,48.5,8
5,40.1,48.3,1
5,-4.0,23.6,330
5,-0.4,109.6,6
5,31.8,-96.4,2
5,46.3,34.9,5
5,26.6,49.7,1
5,-10.8,28.4,36
5,-6.7,32.9,183
5,-2.5,103.8,2
5,49.8,13.3,1
5,-16.7,26.8,14
5,-17.3,18.6,48
5,-8.6,15.6,254
5,14.1,80.1,2
5,2.4,32.2,4
5,-3.7,24.4,490
5,23.7,-106.7,1
5,-12.7,-49.6,1
5,-8.4,113.7,9
5,55.5,98.6,10
5,-13.8,34.2,41
5,-6.9,109.0,1
5,10.4,-63.2,1
5,63.0,81.6,24
5,-38.3,-59.6,2
5,3.5,28.8,1
5,14.4,-9.9,2
5,31.9,74.5,1
5,17.9,-91.2,1
5,-14.8,15.9,10
5,-8.5,29.9,128
5,26.8,80.8,8
5,-4.0,13.9,19
5,18.5,-100.7,1
5,53.8,34.6,2
5,-16.4,135.6,230
5,-10.3,24.2,95
5,-3.9,-64.2,3
5,-2.7,23.3,13
5,-35.4,-71.7,9
5,-11.8,-54.5,3
5,-14.3,33.5,19
5,-17.1,34.4,119
5,-5.8,33.8,1
5,-5.3,16.9,43
5,-7.9,16.4,134
5,26.9,114.1,1
5,45.2,10.5,7
5,-26.9,31.9,5
5,50.4,35.1,1
5,21.5,83.9,1
5,-3.0,30.8,6
5,33.4,47.5,4
5,40.8,72.6,7
5,31.5,-93.7,8
5,-13.0,20.2,4
5,-25.1,27.7,288
5,-11.5,37.1,1
5,-19.6,-40.4,1
5,-18.0,177.3,9
5,-18.0,28.1,12
5,15.9,108.0,4
5,48.9,11.2,1
5,-11.6,31.6,11
5,-5.8,14.7,48
5,7.1,2.6,11
5,-31.5,-59.7,3
5,39.8,47.9,4
5,-14.7,-48.3,3
5,50.0,71.5,1
5,52.2,33.0,9
5,-4.3,120.0,2
5,35.6,44.1,9
5,11.5,34.3,2
5,52.6,12.6,5
5,-0.6,16.0,15
5,-17.8,-68.0,1
5,-32.1,27.4,2
5,-12.4,27.6,453
5,37.3,37.1,65
5,9.5,44.7,1
5,40.8,-77.2,1
5,-9.4,38.0,6
5,23.4,74.3,1
5,-8.2,112.5,2
5,36.7,40.4,9
5,52.8,27.4,1
5,27.0,79.4,7
5,30.2,107.0,2
5,-13.5,29.6,18
5,63.3,91.8,89
5,10.4,31.1,1
5,-5.7,27.5,147
5,19.0,-88.7,3
5,-9.6,14.6,65
5,-24.6,33.1,1
5,-34.7,145.9,5
5,-12.6,30.9,1
5,30.1,74.2,1
5,16.7,-89.2,5
5,-6.9,-47.1,1
5,-4.0,19.2,1
5,30.1,105.8,7
5,44.7,27.9,1
5,40.3,90.6,1
5,-15.5,-67.3,6
5,-14.7,38.3,8
5,50.4,33.9,3
5,-0.2,18.2,7
5,23.4,109.7,1
5,-13.0,17.9,50
5,54.0,-90.3,24
5,-6.1,32.0,120
5,33.2,34.2,163
5,-7.1,17.2,70
5,30.2,-95.3,7
5,10.7,-13.4,1
5,-12.9,25.8,94
5,-2.7,18.0,31
5,-12.9,27.0,10
5,-8.6,17.9,236
5,38.6,113.2,59
5,-14.1,16.0,70
5,23.3,54.1,157
5,-5.6,34.6,2
5,40.5,-98.0,1
5,36.0,-94.4,2
5,-23.8,29.8,1
5,-7.1,38.5,1
5,46.3,16.5,3
5,61.7,104.7,5
5,25.4,80.0,1
5,51.0,72.6,1
5,-10.0,32.1,4
5,-9.6,15.9,100
5,21.9,-78.4,4
5,33.3,-97.3,2
5,-16.4,127.2,34
5,44.8,19.3,2
5,-6.6,108.4,8
5,-15.9,47.2,42
5,-23.1,-56.9,3
5,-16.4,25.0,29
5,40.7,-75.2,2
5,-10.8,36.2,2
5,51.8,17.3,1
5,-11.5,20.0,88
5,3.0,113.4,4
5,-14.0,135.1,52
5,3.7,19.2,11
5,-19.4,32.9,7
5,-1.2,39.9,1
5,-7.6,22.7,334
5,-15.5,38.3,2
5,-13.7,-63.9,7
5,-14.8,134.2,15
5,30.5,73.5,98
5,23.3,80.1,1
5,23.8,70.2,2
5,-23.6,21.9,2
5,33.2,117.4,1
5,-11.9,21.8,152
5,-28.9,31.5,27
5,-0.5,32.3,4
5,32.5,51.3,1
5,36.9,39.8,4
5,8.0,125.1,1
5,-13.0,135.0,30
5,-27.5,-54.6,4
5,24.0,111.3,3
5,-17.3,32.9,4
5,33.0,-85.7,4
5,-2.8,110.5,8
5,-17.6,21.2,2
5,-30.3,-54.1,2
5,-19.4,33.7,4
5,12.6,35.9,3
5,35.0,10.1,1
5,49.6,10.0,1
5,-12.5,-46.6,47
5,26.8,80.0,3
5,-17.6,25.3,8
5,-3.2,11.6,15
5,-9.7,30.9,4
5,-16.5,18.4,26
5,62.6,73.2,38
5,20.8,110.0,9
5,-27.5,148.5,3
5,41.5,86.3,1
5,55.5,99.0,8
5,-11.4,-68.8,28
5,35.8,107.2,1
5,-30.6,-58.2,6
5,-7.9,30.1,28
5,32.3,45.7,2
5,-28.5,-56.9,13
5,-31.8,-52.5,3
5,-12.3,134.4,6
5,41.0,28.5,167
5,-16.7,-67.3,2
5,1.3,34.6,3
5,31.4,121.3,1
5,14.2,104.4,1
5,-2.9,28.5,34
5,-7.2,28.1,247
5,-4.2,20.4,4
5,-7.1,29.6,21
5,37.7,115.4,2
5,-22.6,46.3,9
5,-7.4,24.2,143
5,-4.1,32.3,3
5,-2.4,28.3,43
5,-25.2,-58.6,5
5,-30.3,-63.5,3
5,7.7,29.8,1
5,-7.3,32.2,98
5,39.0,106.0,53
5,53.6,52.5,1
5,-7.9,138.7,4
5,34.1,-119.1,4
5,-14.9,35.2,22
5,2.9,31.3,3
5,-15.1,-67.1,9
5,-10.7,22.9,169
5,-13.4,17.0,63
5,53.2,-87.2,4
5,52.1,70.1,1
5,-33.0,137.5,24
5,41.9,-86.6,2
5,-11.7,-69.3,8
5,-16.0,-63.5,3
5,8.8,-5.2,1
5,1.0,109.5,5
5,-7.7,-78.0,2
5,7.9,80.2,1
5,28.5,-107.2,1
5,-18.2,44.2,56
5,-13.3,-43.1,2
5,-17.4,19.8,15
5,-15.7,15.1,2
5,-7.7,20.6,203
5,-12.7,142.2,154
5,55.3,70.4,9
5,-16.4,38.5,7
5,34.7,-97.7,1
5,31.8,-95.0,4
5,7.1,-74.2,9
5,-14.6,132.6,15
5,35.7,-78.6,7
5,19.4,41.6,3
5,7.9,-73.9,5
5,-31.4,-56.1,4
5,32.7,102.0,1
5,-10.3,24.5,97
5,8.2,-72.8,7
5,44.1,46.5,1
5,-17.5,-62.8,15
5,-9.1,-48.0,9
5,-18.1,178.5,5
5,-7.5,23.0,158
5,-16.2,-64.1,5
5,-31.4,-52.5,2
5,21.5,107.1,5
5,4.5,21.0,1
5,-16.4,-44.1,1
5,49.8,36.4,3
5,28.3,0.1,2
5,-12.4,25.4,49
5,14.2,108.4,1
5,3.7,18.9,3
5,-23.5,-61.7,4
5,-9.5,148.3,27
5,-7.7,-50.1,133
5,38.6,55.4,2
5,3.8,33.3,30
5,4.4,34.2,1
5,-22.6,44.7,17
5,1.2,117.2,6
5,2.3,32.2,2
5,15.9,107.7,12
5,-25.6,-55.9,2
5,-31.8,-57.7,6
5,51.4,72.8,38
5,27.3,-110.3,14
5,-16.3,126.3,289
5,-2.5,16.1,63
5,52.2,7.0,4
5,-1.3,36.7,1
5,26.8,79.1,1
5,-27.5,29.1,3
5,41.2,-75.8,4
5,6.4,38.2,1
5,41.6,60.0,6
5,59.7,29.0,1
5,29.2,103.8,5
5,62.1,88.7,45
5,13.4,-86.8,1
5,31.1,-87.6,1
5,-7.3,17.2,98
5,-22.7,-52.5,1
5,-8.0,32.9,2
5,-26.4,27.3,47
5,44.1,26.5,2
5,28.5,-101.0,4
5,32.5,-6.3,6
5,-14.9,134.8,18
5,34.3,-78.5,1
5,1.3,31.2,11
5,40.0,116.9,3
5,-1.2,-80.7,11
5,-11.0,14.1,2
5,-9.2,-74.5,2
5,51.3,19.6,1
5,7.1,81.7,4
5,53.0,12.1,2
5,-35.5,-59.6,3
5,6.5,-63.2,10
5,-9.5,-48.9,13
5,59.7,90.3,458
5,-8.0,22.3,226
5,36.6,117.7,11
5,61.1,86.1,38
5,41.7,85.8,2
5,48.4,1.4,5
5,46.1,32.5,4
5,-13.1,142.3,45
5,33.9,-81.5,3
5,-30.2,-53.9,1
5,-30.5,151.4,1
5,33.5,120.0,1
5,1.4,118.1,5
5,-15.4,144.4,33
5,66.8,125.7,2
5,-7.6,36.9,7
5,-14.9,16.1,19
5,54.6,45.6,1
5,-18.7,31.2,16
5,29.4,102.7,4
5,-12.4,18.4,30
5,51.6,-110.3,2
5,-16.3,29.9,3
5,-16.9,-64.0,14
5,-7.0,106.8,1
5,-11.6,-39.3,11
5,-18.2,179.3,1
5,-10.2,-74.1,3
5,8.4,-66.1,2
5,6.4,21.8,4
5,-3.9,138.4,3
5,-4.0,122.0,5
5,7.3,-62.3,1
5,-8.3,31.6,6
5,2.8,36.2,1
5,5.3,6.6,48
5,30.0,32.5,1
5,2.3,98.4,10
5,-10.2,21.0,11
5,-16.4,128.1,56
5,39.3,48.4,4
5,-14.1,-49.3,1
5,42.5,-8.0,1
5,35.2,33.8,3
5,36.4,38.8,5
5,40.0,-104.3,4
5,-10.3,17.5,326
5,-6.3,27.7,129
5,15.7,-96.4,8
5,-23.4,-57.1,6
5,10.3,-14.2,1
5,-14.1,31.3,106
5,-14.2,-53.4,2
5,-18.1,33.5,24
5,27.7,67.7,6
5,-3.8,21.7,14
5,-13.5,143.4,2
5,-18.3,45.1,104
5,52.4,62.9,25
5,4.3,33.1,1
5,-17.1,27.0,6
5,-7.3,34.9,45
5,7.8,-4.2,2
5,-11.7,-50.5,21
5,-14.0,25.9,83
5,-32.1,146.6,15
5,40.4,16.0,35
5,-11.5,14.1,5
5,34.8,-1.0,13
5,-17.3,29.8,1
5,-5.3,29.1,2
5,-2.3,-47.8,1
5,-16.2,20.2,37
5,-25.3,-57.0,5
5,18.4,-102.2,3
5,-23.6,146.7,1
5,30.6,113.9,3
5,-3.0,-48.6,8
5,18.8,30.5,1
5,2.4,100.2,6
5,54.0,25.6,1
5,-12.8,14.3,2
5,-21.0,-45.6,3
5,51.7,-91.4,6
5,-23.9,148.9,8
5,11.2,-15.1,1
5,3.5,32.8,30
5,-21.3,-48.7,6
5,57.7,137.6,1
5,47.4,37.8,24
5,34.8,-2.4,1
5,-20.4,27.0,18
5,-6.4,-72.1,1
5,29.9,32.4,19
5,-7.4,106.7,3
5,37.7,28.3,6
5,16.8,-93.7,6
5,-17.3,27.4,1
5,-12.8,33.2,11
5,36.1,33.3,1
5,-21.2,45.6,27
5,-32.4,28.2,4
5,7.8,-72.3,1
5,46.6,16.5,3
5,-15.7,36.5,2
5,-14.7,22.5,6
5,-7.6,18.3,134
5,-17.0,29.8,25
5,-16.7,-49.0,2
5,-3.1,-59.3,2
5,-12.8,35.5,2
5,-15.3,32.1,6
5,-14.0,38.5,2
5,41.6,-87.2,911
5,-18.0,-66.6,3
5,-10.4,20.7,36
5,37.1,-98.2,3
5,-15.1,-40.9,1
5,34.0,43.7,6
5,35.3,-93.7,1
5,-6.8,146.5,2
5,-4.9,21.9,18
5,27.2,-109.8,3
5,-1.4,16.6,156
5,0.9,109.9,33
5,34.3,117.7,1
5,32.8,120.3,1
5,-37.8,-72.3,1
5,39.5,48.2,6
5,33.0,-99.6,3
5,21.6,108.7,1
5,22.1,99.1,2
5,-7.2,-47.1,25
5,28.4,115.3,1
5,3.8,34.2,28
5,39.6,47.4,16
5,27.4,112.1,1
5,28.4,58.0,1
5,-16.6,38.5,6
5,17.2,99.8,2
5,15.8,120.7,1
5,27.9,119.3,1
5,-34.1,116.6,1
5,-7.1,13.6,4
5,13.4,-2.9,1
5,33.6,-86.7,6
5,33.6,-91.9,1
5,-28.6,-51.6,1
5,-10.0,25.0,17
5,30.7,75.2,9
5,0.1,117.0,1
5,30.8,29.7,2
5,-12.6,-43.9,11
5,-24.3,-54.3,2
5,31.5,48.1,3
5,52.8,-70.2,1
5,-3.7,24.9,54
5,30.0,77.8,1
5,66.8,77.3,58
5,7.1,30.1,28
5,-0.5,19.4,1
5,-30.9,-61.6,1
5,-14.5,25.0,129
5,-20.2,-49.3,1
5,-8.8,27.2,57
5,51.7,-71.9,24
5,-18.8,-58.7,1
5,-20.3,-40.7,1
5,-9.0,141.6,2
5,18.4,-99.4,1
5,59.5,1.0,2
5,41.1,114.8,4
5,48.3,-92.1,151
5,-5.6,24.1,19
5,-2.3,101.6,3
5,18.4,-71.8,11
5,30.5,119.3,2
5,-11.9,29.2,78
5,28.0,34.2,10
5,37.8,12.8,14
5,-3.1,115.3,8
5,-12.0,27.1,67
5,35.2,113.1,6
5,-4.6,22.2,2
5,-28.4,-66.9,45
5,60.6,94.6,10
5,-0.5,31.6,15
5,-22.5,47.1,7
5,-26.5,-60.1,1
5,6.3,-9.8,2
5,-15.6,28.5,15
5,-8.5,-45.2,8
5,-30.0,30.4,32
5,21.8,-78.0,28
5,-37.1,-72.8,4
5,-7.9,25.6,15
5,25.9,84.6,2
5,-22.6,148.9,334
5,33.8,73.2,1
5,-7.8,15.3,94
5,-18.4,-40.5,3
5,-4.2,19.6,17
5,26.5,116.0,2
5,10.2,20.0,1
5,-9.3,-48.5,2
5,-16.4,33.9,5
5,-28.9,-57.6,12
5,62.5,-121.8,2
5,-28.5,-59.2,20
5,3.6,-73.0,4
5,-18.6,-39.8,1
5,6.1,-74.2,5
5,-6.5,27.8,83
5,-17.9,-62.9,16
5,-3.8,21.3,3
5,-9.7,18.2,238
5,-9.6,18.1,463
5,22.7,106.1,1
5,-15.0,23.6,46
5,-2.8,16.7,8
5,1.5,32.9,2
5,-14.5,28.1,154
5,-12.5,-66.9,3
5,-6.3,21.1,151
5,-20.0,33.5,22
5,-14.2,21.0,18
5,64.6,80.3,5
5,-0.2,35.1,7
5,-9.0,30.4,28
5,-4.3,16.0,122
5,-17.4,22.0,81
5,-14.7,32.4,121
5,-3.2,15.4,186
5,6.1,116.1,1
5,34.4,47.9,1
5,-20.8,44.3,116
5,-28.9,-61.5,3
5,18.0,-66.4,18
5,-33.2,-53.8,1
5,-15.7,22.1,9
5,-10.4,26.8,466
5,4.3,19.9,3
5,-2.3,17.8,2
5,33.5,-90.0,18
5,36.8,117.7,4
5,-22.6,-61.2,8
5,-29.3,-56.4,2
5,-16.7,23.5,44
5,-13.3,39.7,110
5,32.2,76.8,1
5,33.2,47.2,5
5,-7.1,32.1,78
5,-18.7,25.8,2
5,29.1,15.9,1
5,-13.7,131.7,198
5,-5.2,19.3,77
5,40.4,50.0,2
5,-11.2,15.5,292
5,32.7,51.7,12
5,10.6,79.5,7
5,9.5,30.0,113
5,-8.1,110.8,9
5,-18.1,-43.5,4
5,-15.9,32.4,15
5,21.7,39.3,2
5,17.8,-88.7,1
5,32.6,120.4,1
5,36.3,-85.5,13
5,18.1,-95.6,2
5,-14.3,20.4,6
5,32.8,-81.4,33
5,-28.9,-56.3,1
5,28.2,67.6,2
5,-4.1,119.8,5
5,63.6,-123.7,43
5,-8.6,32.0,10
5,-16.1,25.9,83
5,-4.9,19.5,27
5,58.3,97.1,1
5,9.2,98.9,3
5,-9.4,159.8,4
5,-28.7,150.3,6
5,-25.3,30.0,11
5,-23.1,-56.2,3
5,43.3,-71.3,1
5,-13.8,135.9,20
5,8.1,-8.6,1
5,-11.8,-69.2,3
5,20.9,80.1,1
5,-3.0,31.4,2
5,-4.8,27.0,137
5,-6.4,25.7,13
5,15.4,-4.2,2
5,-3.2,135.7,1
5,-24.2,-55.6,3
5,39.3,53.7,34
5,48.2,-92.3,259
5,-9.6,15.4,118
5,60.3,-101.7,482
5,48.2,38.2,1
5,-12.5,135.9,3
5,-8.1,-46.1,13
5,-12.7,37.4,74
5,-10.7,-77.8,18
5,-6.2,-75.8,1
5,38.1,115.8,1
5,3.5,7.3,7
5,-28.7,30.6,5
5,-3.1,-45.0,2
5,15.7,-86.2,9
5,-15.9,19.3,16
5,-17.4,123.7,2
5,-15.1,33.8,17
5,-11.6,33.4,13
5,-9.6,23.7,169
5,-14.8,36.3,15
5,-19.4,47.2,4
5,-6.7,-69.7,1
5,56.8,-122.1,10
5,40.4,22.5,1
5,51.5,37.6,1
5,8.9,-73.8,2
5,-10.6,29.9,2
5,-11.6,131.3,632
5,14.1,-87.7,1
5,-32.6,117.3,3
5,-4.6,21.9,9
5,-6.6,-79.9,27
5,-13.6,25.3,17
5,-18.5,31.8,1
5,20.1,44.7,1
5,12.9,99.5,4
5,-8.1,-40.1,1
5,54.4,37.7,1
5,-10.6,16.9,83
5,-15.2,33.2,192
5,-10.7,17.9,179
5,-15.7,-46.2,1
5,-26.4,25.4,28
5,-14.7,33.2,7
5,59.6,110.6,33
5,-1.7,31.0,5
5,-12.2,15.4,67
5,-18.5,31.4,4
5,-32.2,28.3,3
5,-16.1,-63.2,1
5,0.2,29.2,8
5,-33.3,-60.3,117
5,-7.6,25.6,155
5,30.1,105.3,2
5,-13.1,19.3,19
5,14.5,101.9,2
5,-3.7,-61.8,3
5,-24.8,-55.5,12
5,-20.5,29.1,1
5,-4.5,14.5,28
5,13.2,79.1,1
5,48.3,34.7,5
5,-35.9,137.0,805
5,-8.1,-48.1,2
5,-1.5,-79.7,3
5,-10.1,147.8,22
5,-2.1,26.9,1
5,-14.1,40.1,26
5,40.4,18.1,17
5,37.1,39.8,82
5,-6.8,-47.2,5
5,-13.3,25.1,96
5,45.8,123.2,4
5,11.0,15.2,1
5,-11.5,30.6,75
5,39.4,110.6,33
5,-27.3,-55.4,2
5,36.6,38.4,2
5,-9.6,15.1,29
5,20.7,-98.2,4
5,19.1,70.9,5
5,13.9,-7.4,5
5,-15.5,-51.3,1
5,-18.5,-50.5,2
5,8.6,81.0,1
5,-16.2,37.6,7
5,49.9,127.0,1
5,-23.0,33.7,1
5,27.9,115.8,1
5,41.0,72.8,3
5,-16.3,124.9,2
5,37.7,-109.3,1
5,20.5,-100.0,1
5,-8.0,142.8,28
5,4.5,45.2,2
5,31.3,121.0,1
5,12.9,-8.2,1
5,52.4,-66.2,235
5,-19.8,47.0,2
5,11.0,-9.5,1
5,-25.0,30.6,27
5,40.0,65.3,3
5,13.9,-10.8,5
5,23.8,-106.1,2
5,28.3,80.6,1
5,-15.9,-50.9,5
5,-17.2,30.0,58
5,-13.5,37.7,12
5,-16.9,122.6,8
5,40.7,22.9,85
5,-13.1,20.7,1
5,15.1,-1.8,2
5,30.2,75.4,3
5,-29.0,-58.1,25
5,-14.5,-39.9,10
5,54.0,45.0,1
5,-6.5,20.5,115
5,14.1,-87.8,2
5,16.5,-93.0,6
5,-4.5,20.9,14
5,59.3,89.4,47
5,-8.9,13.8,1
5,-11.6,16.9,221
5,-15.3,-48.6,18
5,-27.2,152.0,3
5,31.5,75.7,3
5,0.1,110.9,2
5,40.4,118.9,2
5,-6.9,113.2,1
5,-26.0,31.6,1
5,-6.2,30.8,9
5,15.8,108.0,4
5,14.6,36.2,2
5,37.3,42.0,1
5,16.1,107.7,1
5,58.0,63.6,2
5,32.5,-117.0,1
5,-10.8,39.0,2
5,-24.1,35.3,3
5,-14.6,40.0,3
5,-4.8,28.4,182
5,-9.0,13.9,3
5,41.0,72.7,1
5,-7.9,24.2,61
5,-28.0,29.3,20
5,6.3,-73.0,3
5,-1.0,109.9,6
5,-30.5,-68.7,5
5,13.3,14.8,1
5,53.5,10.0,62
5,-3.4,105.8,2
5,7.5,-6.2,2
5,-5.7,23.1,49
5,-14.0,24.9,41
5,-17.9,45.0,89
5,-3.6,141.7,1
5,-8.8,18.6,26
5,6.5,29.6,1
5,38.9,-97.2,6
5,-0.5,23.5,14
5,-38.8,-72.4,3
5,-11.5,-68.7,1
5,-0.1,110.2,1
5,-11.2,-68.7,2
5,-8.8,-35.8,1
5,-20.3,-58.4,6
5,6.4,34.0,5
5,-4.9,105.0,2
5,-17.1,30.3,22
5,64.9,78.4,1
5,11.2,-68.8,5
5,-12.4,132.1,28
5,64.6,96.9,72
5,13.0,74.8,1
5,-30.6,-58.0,6
5,19.2,-89.3,2
5,-1.0,115.2,1
5,-15.2,33.0,119
5,51.9,-67.9,3
5,-5.6,149.1,23
5,-7.3,140.3,4
5,-2.3,114.4,1
5,35.4,-112.0,1
5,51.6,4.6,6
5,51.1,24.9,1
5,27.1,82.6,2
5,12.1,106.1,6
5,-9.3,22.8,211
5,34.6,113.9,12
5,-15.5,26.3,177
5,22.0,71.8,2
5,37.1,58.1,1
5,-4.8,-42.7,1
5,47.5,36.6,55
5,44.9,38.4,2
5,18.4,-94.1,10
5,-8.6,114.2,14
5,-4.6,25.5,6
5,-6.6,-47.4,1
5,2.1,25.3,3
5,-13.6,18.9,2
5,-16.4,-61.4,3
5,40.7,-84.5,1
5,52.3,43.8,1
5,-13.7,-45.6,7
5,-5.8,144.2,23
5,-11.4,35.4,2
5,44.8,-120.2,91
5,41.4,15.4,6
5,46.6,49.0,1
5,-11.6,36.9,4
5,-4.0,-60.6,1
5,29.5,52.2,2
5,41.3,12.9,6
5,18.9,-71.7,6
5,-9.3,18.1,400
5,-17.6,28.9,1
5,35.4,-78.9,1
5,34.5,-88.0,2
5,-14.5,-65.5,3
5,25.2,117.4,1
5,4.6,113.9,1
5,35.1,35.9,2
5,-13.3,18.7,53
5,14.7,-10.5,5
5,-9.0,-38.2,1
5,9.7,-67.9,5
5,-9.9,-46.4,1
5,16.5,-93.8,3
5,29.7,71.3,3
5,30.1,113.1,2
5,47.8,36.9,37
5,1.9,111.2,1
5,46.2,3.3,1
5,30.3,104.4,1
5,40.0,117.0,4
5,-2.4,115.5,3
5,-0.7,15.6,38
5,-9.7,147.3,8
5,38.6,-8.2,6
5,55.7,38.2,4
5,55.0,60.1,3
5,-10.9,-45.1,69
5,-12.1,26.4,394
5,-34.4,-71.3,5
5,4.7,29.1,1
5,-16.1,38.8,37
5,-24.9,30.1,335
5,-13.2,15.6,75
5,-17.7,45.1,111
5,-20.0,-42.3,1
5,30.1,31.3,2
5,51.7,14.6,1
5,-13.6,143.1,14
5,-20.1,23.6,5
5,36.2,7.6,1
5,-14.2,16.9,121
5,13.0,-6.7,1
5,29.8,-95.1,11
5,-31.3,-58.1,1
5,49.5,24.9,1
5,55.6,-4.8,1
5,-15.5,27.5,9
5,47.0,-98.6,1
5,-28.6,-55.0,1
5,-6.2,12.8,26
5,13.9,-11.1,7
5,8.4,2.0,1
5,-12.9,-65.4,84
5,28.5,-99.0,1
5,30.6,-95.3,1
5,52.0,86.5,5
5,22.2,71.7,3
5,-13.6,24.4,168
5,36.7,37.5,12
5,-28.7,-54.8,1
5,37.6,40.4,1
5,-26.9,27.8,149
5,-18.1,34.5,25
5,-8.8,-46.9,8
5,-6.6,-41.8,10
5,-3.1,29.2,13
5,54.5,-116.8,9
5,29.4,113.1,1
5,-8.7,148.0,6
5,-13.7,-45.3,6
5,10.7,32.6,4
5,-3.9,104.8,2
5,-20.7,34.1,2
5,-29.9,-70.3,3
5,1.9,23.3,1
5,62.8,133.8,404
5,-16.8,-60.9,2
5,65.5,-118.1,926
5,49.0,12.1,1
5,11.2,-73.3,2
5,3.4,31.6,1
5,-33.8,142.3,24
5,-7.5,25.9,75
5,4.8,116.4,1
5,53.2,50.4,9
5,-11.8,35.2,8
5,-2.6,106.0,8
5,33.2,35.4,5
5,-0.6,34.5,1
5,-12.3,31.9,26
5,-12.1,39.7,44
5,-10.2,31.2,67
5,40.1,27.9,2
5,-1.6,13.9,28
5,51.5,-89.7,14
5,-13.7,131.5,34
5,-13.9,135.9,93
5,8.8,-74.2,8
5,4.4,19.6,2
5,-12.1,134.4,2
5,-12.4,24.6,17
5,-9.7,34.3,8
5,19.6,-89.2,1
5,-7.2,37.7,1
5,8.5,-9.5,1
5,42.4,-87.9,22
5,-16.9,45.9,90
5,34.7,-79.7,4
5,33.0,111.7,4
5,39.7,67.3,1
5,-31.4,-58.2,2
5,47.9,33.4,2
5,-35.2,148.4,1
5,-8.8,118.5,4
5,2.8,20.9,2
5,-27.2,-61.0,1
5,47.3,15.0,38
5,-17.7,26.9,4
5,-17.0,45.4,30
5,-32.8,-55.0,1
5,-0.8,133.6,3
5,12.3,79.8,4
5,9.3,2.5,1
5,44.9,89.2,28
5,43.4,-90.8,3
5,-37.4,-64.6,1
5,-7.1,31.9,62
5,45.0,20.0,3
5,49.5,17.9,3
5,0.6,24.4,2
5,-15.1,27.0,145
5,-9.7,21.5,155
5,25.1,49.2,4
5,-19.7,147.3,7
5,35.2,-92.1,1
5,-11.8,19.0,10
5,-25.7,28.8,58
5,32.3,36.5,1
5,63.9,-120.0,1
5,-1.7,34.7,217
5,38.0,-93.6,1
5,22.3,-99.1,2
5,32.6,46.0,1
5,-8.2,21.7,323
5,1.9,117.3,6
5,34.1,116.1,1
5,37.1,60.5,12
5,5.2,-4.1,2
5,-16.4,28.6,48
5,37.4,59.6,13
5,-31.3,152.0,2
5,-20.8,-45.2,2
5,36.1,10.2,19
5,35.9,-99.2,2
5,-12.4,132.9,88
5,-26.1,25.4,10
5,-5.1,12.3,10
5,-4.8,144.9,12
5,64.3,-123.7,80
5,-1.8,31.7,7
5,-14.2,37.0,8
5,-7.8,147.0,1
5,-12.3,133.9,399
5,-17.2,45.2,34
5,-30.2,150.1,15
5,34.6,46.6,1
5,63.6,-119.0,2
5,36.0,115.4,1
5,35.4,36.3,237
5,-14.3,39.3,9
5,-5.2,24.2,37
5,-11.3,27.6,285
5,-8.8,-47.3,2
5,31.2,118.9,2
5,-1.1,116.8,7
5,21.1,-105.1,1
5,-2.4,25.7,3
5,-27.5,-50.6,1
5,-7.7,35.9,1
5,-30.7,-58.6,30
5,-2.4,111.6,3
5,5.7,19.0,4
5,15.2,-11.3,8
5,-14.4,-63.8,11
5,38.5,16.5,12
5,-9.1,25.2,107
5,16.0,120.5,3
5,2.5,18.6,1
5,15.5,78.5,1
5,-3.9,105.4,1
5,48.0,-103.6,1
5,-29.0,-63.5,1
5,2.1,35.3,1
5,24.0,55.4,30
5,15.6,-86.8,6
5,0.9,31.8,16
5,44.3,-81.0,4
5,-11.6,20.0,126
5,52.2,50.8,32
5,-10.8,-56.8,74
5,-23.8,-54.5,2
5,-2.5,115.4,5
5,-15.5,143.9,27
5,-2.3,-55.8,2
5,56.0,44.1,220
5,-12.8,25.3,18
5,-17.2,-68.5,3
5,54.6,131.0,1
5,-22.4,-57.6,5
5,7.8,0.8,1
5,51.1,4.4,9
5,59.5,87.8,3
5,34.6,45.3,1
5,-10.3,123.6,6
5,-20.2,31.0,1
5,-11.7,22.0,171
5,19.5,-71.7,3
5,11.3,78.7,2
5,-5.8,-45.1,388
5,-18.7,36.1,39
5,64.4,-145.5,21
5,32.8,35.0,29
5,40.5,47.4,1
5,48.3,26.2,1
5,-6.7,14.9,118
5,-4.2,11.3,9
5,-10.6,31.4,15
5,-33.9,115.9,16
5,-11.2,20.4,61
5,19.3,104.3,2
5,31.8,117.4,10
5,26.6,-81.6,1
5,-16.5,45.1,38
5,-15.9,25.0,30
5,50.5,-104.7,256
5,-6.9,26.5,331
5,35.2,-95.7,1
5,-7.3,33.1,132
5,-6.4,20.9,122
5,-12.3,-69.2,4
5,33.8,113.8,1
5,14.9,45.4,3
5,31.8,-103.3,12
5,39.8,-82.9,1
5,14.3,80.0,3
5,-5.3,151.1,1
5,42.7,-71.2,1
5,-5.0,144.8,1
5,-30.2,-58.1,7
5,-15.0,29.0,15
5,-34.3,116.1,1
5,-16.3,17.7,23
5,7.7,32.9,5
5,5.9,-75.2,2
5,54.0,103.5,51
5,3.8,32.5,1
5,-14.1,31.0,191
5,3.3,29.3,5
5,34.4,113.4,2
5,-0.8,127.5,1
5,2.2,18.3,12
5,-11.2,30.4,4
5,-9.6,23.2,255
5,-17.5,28.3,12
5,54.5,67.3,1
5,15.3,-11.5,16
5,15.6,107.4,3
5,-0.7,31.7,24
5,38.5,-101.8,3
5,-32.0,148.5,1
5,-12.4,133.7,336
5,-14.2,28.9,1
5,-22.1,16.9,1
5,-26.4,29.8,3
5,-10.0,28.5,31
5,-16.2,36.1,2
5,39.9,-4.3,3
5,48.8,44.0,8
5,51.3,-89.6,813
5,15.5,79.7,2
5,37.2,105.2,2
5,-11.8,14.0,1
5,-22.7,47.2,5
5,-11.6,131.2,130
5,-11.8,31.4,23
5,13.3,14.9,1
5,13.4,78.8,1
5,-8.9,18.7,22
5,-2.6,119.1,1
5,-17.8,19.8,1
5,20.8,80.7,1
5,52.3,-89.6,2
5,19.8,-105.0,1
5,20.5,-100.2,9
5,42.4,14.1,1
5,40.6,19.4,14
5,25.9,72.1,7
5,63.7,94.2,54
5,-15.8,24.1,32
5,-11.6,-40.3,1
5,37.1,-6.9,2
5,56.8,41.7,2
5,49.8,37.2,1
5,21.1,-104.7,6
5,37.7,106.2,8
5,-1.2,31.3,159
5,7.1,30.5,6
5,19.2,-103.8,1
5,-16.6,44.9,46
5,10.7,-71.3,4
5,-2.3,15.5,37
5,-6.0,146.6,1
5,35.0,-105.7,14
5,43.1,88.1,57
5,58.6,84.1,4
5,41.3,80.6,9
5,31.3,-87.7,9
5,27.4,-99.7,1
5,1.5,109.8,4
5,17.6,83.2,29
5,0.7,-60.5,1
5,-37.5,-69.4,76
5,-26.0,28.9,86
5,-6.5,33.2,2
5,23.8,-99.0,2
5,-24.7,-55.7,9
5,-5.2,25.3,97
5,-8.7,118.8,1
5,-5.8,30.0,52
5,-19.8,23.3,19
5,18.0,-15.9,2
5,-23.7,35.2,3
5,4.0,114.3,1
5,6.8,31.7,4
5,-6.0,15.5,112
5,4.0,19.1,1
5,6.4,117.0,1
5,-11.0,17.5,203
5,56.1,-120.5,2
5,-18.2,24.4,44
5,-7.8,17.3,120
5,-9.7,-48.5,3
5,-16.5,37.9,7
5,8.2,-81.1,1
5,-11.0,35.4,1
5,38.2,64.3,5
5,-20.4,31.4,1
5,-12.8,-63.9,9
5,4.1,27.9,1
5,-18.7,20.1,12
5,-2.7,11.6,79
5,17.5,-94.6,8
5,-6.3,26.6,72
5,-7.7,22.1,249
5,-6.9,110.9,1
5,-6.2,-53.9,1
5,37.9,57.9,2
5,-15.7,48.2,3
5,27.8,68.3,6
5,-14.5,-47.3,1
5,5.6,20.3,3
5,0.9,31.9,12
5,13.3,35.2,3
5,-13.3,27.7,23
5,-7.0,19.2,86
5,43.6,11.4,2
5,-15.1,16.1,12
5,-12.6,18.3,13
5,1.8,21.2,1
5,-6.6,32.0,11
5,-6.3,12.6,4
5,-10.0,-55.0,3
5,-19.6,147.4,5
5,-11.0,-43.1,392
5,-10.0,147.6,50
5,1.3,32.4,3
5,31.3,73.4,1
5,-11.2,-50.5,4
5,-19.3,17.5,14
5,40.8,-85.6,1
5,58.4,-102.6,1
5,44.9,38.5,2
5,2.6,-76.7,2
5,-8.0,-77.5,2
5,-8.3,-46.0,1
5,-6.0,-49.9,3
5,-3.4,104.7,4
5,-2.6,15.0,61
5,45.7,-74.0,51
5,24.0,47.2,2
5,-16.5,36.9,1
5,35.7,-0.4,3
5,-16.9,23.5,94
5,-30.3,-58.6,1
5,44.9,85.2,1
5,-6.6,18.5,57
5,-19.7,34.2,38
5,37.7,-5.7,9
5,18.7,72.3,1
5,-20.0,139.0,2
5,35.0,110.5,1
5,14.0,13.4,8
5,-0.8,110.5,1
5,-0.9,15.7,47
5,-15.4,39.5,2
5,30.0,52.9,17
5,36.0,4.2,10
5,28.8,-97.8,8
5,42.9,22.1,2
5,-6.8,-38.5,3
5,46.1,133.3,1
5,25.0,-97.8,1
5,-27.1,-54.2,1
5,-33.0,151.2,2
5,-30.5,-51.8,2
5,-15.9,132.4,34
5,-17.8,20.2,18
5,30.3,-85.0,6
5,12.3,4.8,1
5,-11.3,22.3,98
5,-1.8,13.5,10
5,-15.0,127.8,36
5,37.6,59.3,2
5,65.0,109.1,3
5,-9.1,37.5,4
5,48.6,-104.0,2
5,18.4,-93.8,3
5,-10.0,123.8,1
5,4.2,18.4,2
5,-14.8,-70.4,1
5,-16.8,34.0,4
5,-3.7,138.1,4
5,29.3,104.8,11
5,-6.9,22.1,160
5,-7.2,24.3,292
5,-21.8,-45.7,1
5,-20.3,46.2,22
5,-8.5,146.2,6
5,37.3,59.5,4
5,-11.6,28.7,1
5,20.8,-76.5,12
5,-12.2,31.1,14
5,-14.9,47.3,3
5,-16.5,44.7,93
5,6.7,81.1,8
5,24.2,47.1,1
5,-23.6,-61.3,1
5,53.5,83.7,1
5,13.8,102.3,1
5,-22.6,-57.4,5
5,-15.7,34.6,28
5,-11.6,36.5,1
5,-3.8,24.7,51
5,32.6,-103.5,5
5,35.5,6.8,11
5,15.5,101.0,5
5,4.4,31.7,1
5,-32.8,151.9,1
5,23.5,101.2,1
5,39.8,-99.8,1
5,-14.8,24.4,44
5,31.4,-103.6,10
5,40.9,28.9,1
5,-3.3,119.1,2
5,50.8,72.8,6
5,33.3,-79.6,3
5,-25.7,30.4,74
5,49.8,66.9,21
5,1.2,20.2,3
5,-29.6,149.9,4
5,-28.8,31.6,13
5,55.6,37.5,1
5,-6.0,-46.0,9
5,32.3,-83.6,3
5,-11.3,33.4,43
5,30.3,113.4,1
5,41.3,-104.2,1
5,-22.1,-52.9,2
5,48.1,28.7,7
5,-8.8,-71.7,1
5,1.6,32.8,2
5,-2.0,26.4,7
5,-15.2,40.4,12
5,60.3,70.9,3
5,-11.2,39.9,3
5,-16.6,137.2,14
5,-29.4,-50.6,10
5,-10.5,38.8,2
5,-10.8,24.4,180
5,-11.5,-40.9,1
5,44.9,15.8,1
5,37.2,37.0,7
5,55.6,-105.5,1
5,-21.3,118.2,2
5,-8.4,21.3,99
5,13.4,14.2,3
5,17.9,-15.6,2
5,-6.4,-42.6,3
5,22.0,71.0,1
5,-4.8,15.4,27
5,-19.3,-42.5,3
5,37.7,115.2,13
5,31.0,29.8,77
5,31.7,-103.8,3
5,-4.3,17.0,66
5,5.6,-74.8,9
5,-14.6,22.9,82
5,51.0,38.1,3
5,-7.5,29.5,107
5,-17.5,44.5,108
5,24.7,67.7,1
5,62.2,86.4,4
5,-9.5,25.5,121
5,-20.4,14.9,5
5,-38.3,-60.9,2
5,50.8,5.2,1
5,-12.4,-42.8,4
5,-27.7,-58.4,11
5,18.7,-103.8,1
5,40.6,29.2,2
5,-6.6,25.1,141
5,34.8,36.8,4
5,21.4,-104.3,5
5,-4.9,16.7,65
5,-34.0,-61.2,3
5,30.4,76.8,1
5,-4.5,-49.7,2
5,-20.3,30.3,1
5,52.1,42.0,1
5,51.7,82.6,1
5,30.3,51.2,13
5,58.7,84.5,661
5,-13.5,36.0,2
5,29.5,81.9,1
5,-9.3,27.4,275
5,-25.2,32.1,11
5,47.7,20.4,1
5,-7.7,112.6,3
5,-7.2,140.5,2
5,-17.6,27.8,1
5,-16.6,-47.6,1
5,13.3,45.2,1
5,-20.6,-64.8,4
5,6.1,-69.5,11
5,-2.2,-49.3,1
5,-20.2,-68.7,1
5,-7.5,39.2,2
5,-5.6,-43.5,1
5,8.0,-5.4,1
5,-25.5,-56.2,1
5,-3.9,12.6,80
5,-1.0,14.9,17
5,-10.5,-50.2,154
5,34.6,105.3,8
5,49.0,20.4,1
5,32.7,-103.4,7
5,30.7,-106.4,2
5,39.9,-91.5,1
5,-6.3,28.4,63
5,39.2,47.3,1
5,-8.4,36.6,11
5,16.9,-90.2,1
5,-12.8,14.9,18
5,45.1,27.2,1
5,28.4,-99.0,8
5,26.9,49.5,274
5,56.8,75.2,1
5,-10.5,-69.2,1
5,-17.1,122.6,50
5,-7.7,-78.6,1
5,-3.2,31.4,46
5,40.5,47.1,7
5,-9.3,27.9,41
5,36.8,58.6,1
5,29.1,34.6,2
5,16.7,106.7,1
5,-15.6,131.7,166
5,58.1,-97.9,3
5,50.3,30.2,1
5,10.1,-14.1,1
5,54.5,51.2,1
5,6.4,-76.3,1
5,17.8,-90.8,6
5,49.3,35.4,1
5,51.1,25.3,1
5,-6.4,18.2,69
5,37.3,114.6,1
5,30.9,-98.4,1
5,-23.2,-48.3,4
5,-27.9,30.5,31
5,-8.6,141.2,25
5,-2.2,27.8,5
5,4.4,20.8,1
5,-33.7,-71.5,3
5,31.6,72.8,13
5,17.6,-92.3,1
5,-13.5,32.8,53
5,9.3,79.2,2
5,32.3,-102.1,2
5,0.4,32.8,1
5,-15.3,16.0,99
5,31.0,117.9,7
5,21.4,-98.7,4
5,-25.0,28.2,1
5,37.8,28.3,2
5,9.9,10.7,1
5,29.0,75.7,2
5,35.9,-92.1,3
5,-17.9,-44.5,3
5,-18.5,44.4,65
5,-7.4,20.9,154
5,-1.2,18.8,3
5,-26.9,-56.5,7
5,-28.7,27.0,1
5,-7.5,-76.5,10
5,-2.5,-80.2,2
5,-24.5,-59.4,3
5,34.6,-1.1,3
5,-17.2,136.7,1
5,-3.4,25.6,22
5,-16.6,15.8,1
5,-8.9,148.3,12
5,51.6,-4.0,1
5,-29.8,28.5,3
5,-8.6,-49.5,3
5,-12.1,22.3,84
5,62.5,113.8,7
5,-16.3,126.4,16
5,53.5,-70.4,22
5,-29.2,-59.7,3
5,-26.2,32.2,69
5,44.3,-72.6,1
5,-8.3,21.5,171
5,30.9,46.7,7
5,18.1,-90.7,4
5,5.2,31.4,1
5,-1.1,21.9,1
5,-10.5,18.4,71
5,49.0,74.0,4
5,60.3,-113.4,2
5,-20.2,34.7,4
5,-34.3,-70.9,3
5,44.9,12.2,2
5,47.9,2.1,1
5,9.9,39.7,3
5,-11.3,27.1,313
5,48.8,38.0,6
5,10.5,-72.3,5
5,-15.0,26.3,194
5,0.9,110.8,2
5,-14.2,35.4,10
5,-17.4,123.6,5
5,15.9,-85.1,3
5,-5.7,23.9,14
5,52.2,77.4,2
5,-30.7,-53.1,2
5,-16.8,22.7,161
5,-17.1,45.5,51
5,23.4,121.3,9
5,36.0,-85.1,2
5,-18.0,45.7,118
5,-6.7,39.1,15
5,-12.8,35.1,1
5,-15.2,22.4,31
5,48.5,12.1,3
5,-20.5,149.0,3
5,-10.2,17.8,253
5,-9.7,-46.9,4
5,34.0,118.7,1
5,52.2,-0.1,1
5,-11.0,-41.9,1
5,52.2,4.6,3
5,36.4,3.3,53
5,34.7,5.9,1
5,-6.6,22.2,129
5,66.4,76.7,3
5,5.4,95.7,18
5,-16.8,48.0,44
5,39.7,3.0,1
5,28.8,57.6,1
5,-25.7,-54.9,1
5,-23.8,34.7,1
5,-13.9,-43.8,4
5,-14.1,-50.6,1
5,9.9,-73.8,1
5,37.8,41.1,1
5,18.1,-101.8,9
5,31.3,25.8,1
5,56.7,-121.0,2
5,-18.1,45.9,30
5,-6.0,20.1,211
5,25.7,-107.9,2
5,54.0,34.8,8
5,-12.0,28.4,104
5,13.7,-8.6,1
5,38.8,-6.7,1
5,-9.9,25.9,322
5,18.5,-93.2,1
5,-7.3,33.9,63
5,27.1,78.5,1
5,-8.4,27.6,32
5,62.7,-121.4,25
5,-11.5,25.5,70
5,46.7,131.2,1
5,8.1,-7.9,1
5,24.3,81.8,1
5,-13.1,25.7,79
5,39.3,-84.9,1
5,58.9,72.7,35
5,-17.3,36.4,3
5,-30.7,-53.3,4
5,-10.3,26.6,269
5,-15.2,-41.2,1
5,51.2,33.5,3
5,-5.1,18.5,39
5,-4.6,17.1,68
5,-14.9,144.9,14
5,33.3,118.0,1
5,12.2,-16.6,1
5,28.4,92.4,1
5,-1.2,119.4,1
5,-17.4,46.8,11
5,46.4,81.8,1
5,38.9,-6.0,1
5,49.0,18.1,2
5,12.7,10.6,5
5,-19.8,29.9,5
5,-27.7,27.1,21
5,39.5,64.7,1
5,59.5,143.3,1
5,18.2,-102.5,15
5,-15.8,125.3,29
5,35.7,-94.8,1
5,-6.5,19.4,205
5,12.0,107.8,2
5,-2.7,115.2,7
5,-6.6,-61.9,1
5,18.1,-76.9,13
5,-8.3,137.8,5
5,55.9,160.6,1
5,49.6,82.4,3
5,-19.8,-44.1,5
5,-7.2,19.7,262
5,0.3,36.4,1
5,-29.1,30.6,65
5,-14.4,-42.9,2
5,-1.8,14.6,119
5,44.5,-121.0,16
5,31.3,119.6,1
5,54.2,-72.9,405
5,-13.3,38.4,6
5,38.6,-95.2,1
5,-7.5,21.9,181
5,-12.3,135.9,6
5,0.8,11.5,4
5,68.3,75.8,3
5,5.1,31.6,1
5,-13.8,16.9,106
5,12.3,3.8,1
5,21.1,71.1,3
5,45.0,-118.9,1
5,55.3,45.8,3
5,-24.2,25.2,2
5,-15.6,32.5,43
5,0.8,25.5,5
5,-16.0,46.0,89
5,8.0,-7.5,1
5,-14.1,39.7,6
5,21.9,81.5,1
5,24.5,70.7,1
5,54.8,4.6,4
5,38.0,114.9,1
5,-7.5,111.1,3
5,-16.9,20.1,16
5,-15.2,-61.4,6
5,45.8,126.6,2
5,57.7,-100.1,5
5,2.4,31.8,4
5,21.6,-98.2,2
5,34.5,73.2,16
5,18.6,-88.3,9
5,-7.0,31.2,39
5,-7.9,-78.2,3
5,48.3,47.2,13
5,-14.5,36.3,1
5,-11.2,23.6,153
5,-14.1,21.4,3
5,-15.5,46.8,48
5,2.7,-59.9,1
5,4.8,-61.4,1
5,-7.5,17.6,203
5,20.5,-76.1,18
5,-9.4,-76.2,5
5,-13.0,35.5,1
5,-13.8,36.9,1
5,31.6,116.4,3
5,-14.8,40.8,15
5,13.1,101.2,3
5,41.6,15.1,51
5,-13.4,29.3,30
5,56.9,65.7,11
5,-10.7,-58.8,3
5,12.1,11.1,1
5,-14.4,129.6,292
5,43.7,81.9,1
5,-1.1,30.4,17
5,5.5,95.7,7
5,21.2,73.0,1
5,-1.0,14.6,26
5,-14.6,132.4,1
5,-1.6,27.8,2
5,9.0,-71.1,2
5,-22.2,45.1,38
5,45.4,-98.1,5
5,37.4,-120.7,2
5,-17.9,-42.0,7
5,-15.1,32.7,88
5,59.5,84.8,131
5,-13.2,16.3,117
5,48.8,44.8,1
5,6.8,29.1,3
5,14.1,-11.0,1
5,9.6,105.7,1
5,31.3,96.9,1
5,-9.7,-64.6,1
5,20.3,81.4,2
5,-12.2,26.6,305
5,-9.5,24.7,16
5,-13.1,31.3,1
5,-11.5,-61.8,2
5,-12.2,15.2,23
5,-16.8,137.1,82
5,-10.4,17.2,52
5,-10.8,18.2,45
5,32.6,34.9,1
5,-5.6,18.5,93
5,-27.9,30.9,93
5,-23.4,33.7,6
5,2.8,20.0,4
5,-11.4,36.9,37
5,-6.4,31.6,77
5,-25.3,-42.6,7
5,-13.1,17.9,16
5,36.2,-5.5,4
5,37.2,55.4,26
5,-15.8,46.9,15
5,35.6,-77.6,1
5,-31.7,27.9,92
5,46.4,28.3,1
5,49.2,4.3,3
5,15.1,77.7,2
5,49.7,26.9,1
5,-5.5,30.1,14
5,57.3,159.2,34
5,10.1,33.2,25
5,-14.8,-42.9,6
5,23.7,103.2,1
5,33.6,-82.4,1
5,-6.4,32.0,89
5,-6.6,13.6,10
5,-9.0,141.0,5
5,65.9,80.2,11
5,51.8,5.1,1
5,51.1,60.6,68
5,-15.5,21.6,8
5,43.7,73.7,2
5,26.1,32.1,1
5,49.9,36.3,1
5,6.2,36.2,16
5,51.8,49.8,1
5,-8.1,-75.0,9
5,-8.4,120.3,2
5,28.5,-98.3,5
5,-9.9,130.2,202
5,-7.3,31.9,27
5,-13.9,27.4,132
5,-9.9,-69.0,2
5,35.4,3.1,1
5,6.7,-3.9,1
5,-14.4,38.4,25
5,51.1,23.5,21
5,30.2,8.1,1
5,-18.7,44.4,94
5,49.9,74.8,2
5,67.7,83.4,79
5,-16.7,35.8,1
5,52.1,12.3,2
5,47.0,32.0,4
5,-13.1,142.0,356
5,15.4,-84.7,1
5,-11.7,39.5,4
5,3.2,-72.7,1
5,9.3,78.2,3
5,66.1,-139.7,35
5,9.2,-71.1,6
5,-15.6,19.6,10
5,38.5,106.3,6
5,52.9,4.7,3
5,65.4,-117.5,19
5,32.0,-102.3,1
5,-30.0,-69.5,3
5,-2.5,31.1,122
5,23.9,71.9,1
5,-14.3,-64.9,14
5,28.5,112.1,6
5,-28.8,30.7,2
5,30.9,-83.2,3
5,-4.8,26.9,315
5,-16.1,-64.0,2
5,29.8,-81.8,5
5,-15.4,47.7,31
5,34.6,-117.2,64
5,50.2,129.2,1
5,-14.4,38.7,1
5,-4.8,-80.4,5
5,-9.2,13.2,2
5,-0.3,112.9,7
5,37.9,116.5,4
5,-24.0,47.5,1
5,-5.2,-50.5,4
5,40.5,-86.4,1
5,-33.0,116.6,3
5,-27.8,-58.7,1
5,-5.5,104.3,1
5,62.0,136.5,112
5,42.0,21.4,10
5,-12.9,32.0,102
5,-20.7,45.6,6
5,-25.4,-60.4,1
5,30.2,48.3,3
5,-9.7,28.1,184
5,-17.6,-67.4,4
5,-21.0,-41.1,14
5,-14.0,-41.0,3
5,-4.3,18.3,66
5,5.8,38.0,1
5,-16.4,23.8,3
5,-14.9,40.7,10
5,51.3,71.0,7
5,44.8,19.2,4
5,36.9,-84.6,15
5,0.7,124.3,1
5,-18.7,-65.9,2
5,33.1,-6.1,2
5,6.1,-68.9,4
5,15.0,32.3,9
5,-24.0,-55.1,1
5,-11.0,23.8,220
5,10.9,33.8,4
5,22.7,-80.9,2
5,-14.9,18.2,17
5,9.5,125.6,1
5,61.8,88.1,38
5,13.6,-87.9,4
5,58.7,-102.1,131
5,-1.2,133.8,3
5,-13.7,17.3,26
5,36.1,7.1,1
5,-34.0,149.7,4
5,31.2,72.6,36
5,-3.1,130.4,5
5,-21.7,114.9,79
5,60.5,72.5,84
5,35.5,2.3,3
5,-5.0,21.4,10
5,-8.4,35.4,8
5,-14.3,27.0,12
5,57.3,-97.6,41
5,0.3,21.2,1
5,-15.4,27.7,114
5,-6.2,144.2,1
5,-29.7,-51.8,5
5,59.3,31.2,3
5,-13.0,130.6,1
5,-18.8,46.2,20
5,40.0,64.6,4
5,-6.6,13.4,14
5,-5.2,16.7,115
5,-18.6,20.1,2
5,-28.8,150.3,11
5,-17.1,126.7,1
5,-8.2,-70.3,1
5,51.3,81.3,5
5,-5.4,-43.3,1
5,31.5,6.2,2
5,12.9,-3.6,16
5,1.4,111.3,13
5,-15.9,17.8,19
5,-14.1,34.4,59
5,-17.1,45.2,46
5,14.8,32.3,41
5,-21.5,45.0,4
5,43.3,23.9,1
5,4.6,103.2,3
5,26.0,85.6,2
5,44.8,33.6,1
5,-11.3,31.9,3
5,-7.4,111.1,24
5,6.1,-74.8,2
5,-29.1,151.3,28
5,7.6,30.4,1
5,-33.4,-71.6,2
5,51.0,-70.6,92
5,32.6,-81.3,1
5,24.8,103.4,1
5,31.3,-111.0,1
5,47.3,35.2,35
5,53.0,-66.7,2
5,31.1,74.4,1
5,-7.8,24.1,60
5,-7.4,16.1,63
5,46.4,2.0,2
5,22.7,-104.9,1
5,-2.8,103.7,4
5,2.3,33.2,7
5,-11.6,19.6,125
5,58.7,-104.0,256
5,-14.0,-65.7,3
5,27.1,68.0,3
5,20.6,98.2,2
5,-15.0,48.8,10
5,33.5,45.1,2
5,50.3,18.8,42
5,-6.2,13.6,82
5,-4.5,12.9,91
5,43.6,124.1,1
5,38.7,-97.0,1
5,8.5,-6.9,1
5,-6.7,17.3,39
5,-30.3,-58.7,5
5,-16.5,24.5,13
5,4.8,-61.2,1
5,38.3,114.9,6
5,-14.8,33.1,85
5,-23.2,35.4,6
5,51.5,7.4,1
5,-2.9,111.3,6
5,-27.8,152.5,3
5,-5.9,13.5,86
5,33.5,-117.3,2
5,41.2,-88.7,11
5,25.0,71.5,1
5,-40.4,-72.6,2
5,-4.6,21.4,21
5,-10.6,26.4,414
5,35.8,10.5,3
5,4.3,-70.3,1
5,-17.6,-44.9,5
5,-8.6,29.6,104
5,22.4,56.9,237
5,8.0,-5.0,2
5,-31.7,-60.2,2
5,8.1,1.8,3
5,41.1,-85.4,127
5,54.7,-97.8,1
5,-9.9,-47.2,2
5,29.2,69.9,1
5,45.7,-99.1,1
5,-7.7,28.2,191
5,27.8,-97.5,52
5,-3.1,16.6,55
5,34.4,72.6,35
5,-13.6,16.1,83
5,-5.5,27.1,148
5,-6.6,20.6,130
5,-21.1,-44.0,1
5,52.3,48.0,4
5,-12.4,16.2,257
5,-12.9,21.5,100
5,6.4,36.1,41
5,-15.5,24.6,56
5,16.2,106.9,5
5,12.5,-9.0,1
5,6.1,5.9,1
5,-10.0,-40.6,3
5,-11.6,24.1,148
5,26.2,-98.7,1
5,-16.2,26.6,9
5,32.2,75.6,1
5,-1.5,-79.0,4
5,-13.8,40.5,73
5,7.3,-3.7,1
5,-38.4,142.5,8
5,-14.5,134.7,102
5,-8.7,16.4,43
5,-21.1,28.9,4
5,19.7,-90.5,2
5,-22.9,45.6,8
5,27.8,112.8,26
5,3.2,103.1,2
5,55.5,-65.8,22
5,-11.0,20.2,116
5,7.6,-75.1,4
5,-17.4,21.7,132
5,38.7,-7.0,5
5,-7.0,108.2,6
5,36.7,45.1,2
5,-14.6,23.8,39
5,1.7,31.4,6
5,-6.7,140.8,8
5,24.8,49.2,68
5,-31.0,152.6,3
5,33.4,46.4,5
5,35.8,14.3,1
5,-30.1,149.6,2
5,-7.1,15.4,134
5,-12.4,35.4,4
5,52.8,42.0,5
5,45.8,124.3,25
5,-28.5,-59.0,3
5,3.6,-75.2,1
5,64.1,94.9,1
5,53.0,158.5,1
5,17.9,-71.7,6
5,-14.1,25.3,69
5,-15.3,-69.0,1
5,-3.5,16.3,95
5,-2.7,14.8,43
5,-18.1,36.5,16
5,-9.5,21.1,276
5,-9.7,35.4,23
5,-19.3,33.7,4
5,-26.5,-64.3,17
5,-0.7,30.8,15
5,41.0,19.5,5
5,-9.9,16.0,6
5,-22.0,44.3,6
5,-12.8,35.4,18
5,52.0,12.2,3
5,36.7,128.6,1
5,3.8,27.2,1
5,-15.9,25.7,68
5,40.4,70.7,2
5,-3.6,17.1,42
5,66.8,92.6,1
5,39.4,-84.3,2
5,52.3,74.5,92
5,17.3,100.8,1
5,52.1,30.4,4
5,36.7,115.4,4
5,-15.2,-48.8,25
5,31.5,100.9,1
5,32.6,47.3,11
5,9.6,-70.3,1
5,57.4,82.2,6
5,-7.2,106.6,2
5,49.8,36.7,1
5,-4.8,103.9,1
5,45.7,-103.7,2
5,-17.5,45.8,54
5,-7.2,25.2,124
5,21.4,107.6,3
5,-5.2,-76.8,6
5,-7.5,111.6,22
5,46.7,5.1,1
5,-6.5,30.2,3
5,54.1,12.3,1
5,-1.7,133.7,1
5,38.6,-1.1,2
5,36.7,40.3,65
5,46.2,31.7,3
5,20.9,-88.6,1
5,33.9,106.5,1
5,-13.5,24.5,187
5,-32.2,-61.5,6
5,27.0,118.2,1
5,-0.6,110.2,4
5,-2.9,24.3,1
5,-17.3,-46.6,2
5,-15.0,31.2,176
5,13.9,-13.8,10
5,-7.8,39.0,2
5,-28.0,-59.1,4
5,-7.3,14.0,38
5,-22.8,128.8,33
5,36.7,-87.8,4
5,39.6,98.5,7
5,6.2,6.0,1
5,-1.7,105.8,3
5,19.9,105.6,1
5,36.7,4.5,12
5,-17.7,44.5,79
5,-16.9,46.5,50
5,-3.0,10.9,95
5,26.3,107.4,2
5,45.5,38.1,10
5,22.6,71.8,2
5,-12.2,-43.9,2
5,-13.1,134.1,64
5,-12.0,-69.1,1
5,-17.7,-39.7,1
5,25.7,55.8,2
5,51.7,-60.2,100
5,-10.5,-65.2,1
5,-20.7,33.2,19
5,-6.3,-76.0,4
5,-13.2,38.3,6
5,-6.1,33.4,1
5,-8.8,116.7,1
5,-8.1,19.5,204
5,20.0,56.1,6
5,36.7,14.9,9
5,38.5,-1.0,6
5,9.5,-73.9,7
5,-26.2,25.6,30
5,-29.0,-61.3,2
5,44.3,125.0,1
5,-12.2,142.2,95
5,10.9,-2.4,1
5,23.2,31.5,2
5,16.3,79.8,1
5,56.4,56.3,1
5,46.9,-98.8,1
5,-5.0,-50.7,1
5,-12.0,17.3,3
5,43.4,82.5,3
5,-6.6,139.1,32
5,-33.1,149.1,19
5,50.7,5.6,120
5,30.1,107.9,35
5,-13.4,31.2,5
5,-18.1,31.7,7
5,8.9,-10.9,1
5,-1.9,110.3,2
5,-1.4,14.5,7
5,-14.9,-39.4,2
5,21.9,85.2,19
5,-24.7,33.2,5
5,-8.7,146.5,19
5,29.2,106.4,36
5,-16.6,27.1,21
5,57.6,65.7,3
5,12.2,27.5,3
5,-22.8,-43.1,1
5,-14.7,-48.1,3
5,-27.9,-64.1,6
5,-14.2,18.1,6
5,33.3,-97.0,1
5,-14.7,-65.3,8
5,-17.9,44.9,61
5,-11.2,20.8,40
5,-27.0,26.4,5
5,12.2,34.9,1
5,-13.1,21.6,72
5,-16.5,34.0,19
5,35.4,-90.9,1
5,-24.9,31.0,6
5,34.3,43.8,13
5,3.4,-60.6,1
5,-24.5,33.9,7
5,-11.6,15.2,134
5,35.3,-86.4,2
5,22.9,120.2,1
5,-14.7,37.0,34
5,-36.3,174.7,2
5,-14.6,127.2,84
5,-5.4,19.2,52
5,28.5,68.0,4
5,-15.9,20.5,13
5,-12.1,29.1,128
5,-15.6,142.0,31
5,-23.7,34.1,8
5,39.4,28.1,1
5,-23.9,-56.9,9
5,6.0,36.4,15
5,51.9,-4.5,1
5,36.7,6.2,128
5,40.2,48.2,1
5,-7.3,-77.0,1
5,19.4,105.2,3
5,15.7,-10.7,2
5,5.5,34.0,2
5,-6.0,149.4,1
5,-10.9,24.6,177
5,50.3,37.1,4
5,36.8,127.1,1
5,-27.0,-64.9,1
5,1.1,19.2,1
5,44.1,-78.3,2
5,28.0,55.8,1
5,59.8,136.7,40
5,34.3,73.1,1
5,46.4,125.8,1
5,48.9,38.8,2
5,42.3,-1.2,387
5,-5.7,-46.6,1
5,-6.7,33.2,26
5,23.7,84.5,1
5,-17.8,45.9,50
5,-17.2,46.7,12
5,61.2,134.0,61
5,52.1,29.0,6
5,-8.7,116.1,8
5,-16.9,-46.7,1
5,-1.7,-45.7,1
5,-31.4,29.4,97
5,37.8,-108.7,11
5,53.4,125.8,1
5,11.6,38.9,1
5,-8.0,24.8,63
5,-15.8,23.2,1
5,-9.0,21.9,176
5,53.7,-114.5,1
5,-2.3,17.0,57
5,17.8,-88.3,3
5,-7.4,15.5,305
5,52.2,92.4,2
5,35.5,-78.9,3
5,12.4,-86.3,3
5,25.0,74.6,1
5,-8.8,25.7,301
5,-8.8,-46.7,2
5,-11.2,14.3,39
5,40.9,68.3,1
5,54.3,35.5,1
5,32.5,62.2,2
5,-24.4,46.3,14
5,-16.0,24.0,17
5,7.1,19.4,1
5,-4.2,143.2,26
5,16.5,-15.0,1
5,34.5,-89.1,2
5,-7.8,20.5,58
5,47.6,3.1,1
5,-17.3,-63.1,1
5,23.9,99.6,1
5,-20.9,165.2,1
5,-6.1,-77.1,3
5,47.8,36.0,4
5,-4.4,-46.5,2
5,0.6,25.6,1
5,-23.8,33.6,11
5,17.1,-91.7,3
5,-3.9,104.6,2
5,25.7,-97.9,2
5,-12.8,29.7,10
5,-14.6,133.0,24
5,-8.6,-47.1,1
5,-11.5,-41.8,1
5,35.1,108.3,3
5,-8.8,118.4,4
5,16.5,121.4,2
5,-26.1,32.0,2
5,-22.8,33.2,2
5,26.2,-108.9,6
5,30.2,-93.3,127
5,-10.1,30.2,19
5,-20.9,45.4,12
5,-29.6,29.8,78
5,-4.6,14.8,76
5,-12.5,-53.0,1
5,-18.7,47.3,2
5,52.7,78.8,1
5,0.3,99.9,1
5,57.1,98.7,1
5,-28.5,-62.1,1
5,33.8,-97.4,5
5,-27.3,151.0,3
5,15.2,103.1,1
5,-28.8,153.4,4
5,-18.9,30.5,32
5,53.6,91.1,175
5,1.3,109.1,4
5,-4.3,11.9,1
5,-23.2,46.8,5
5,39.5,-75.6,1
5,-13.0,36.5,16
5,65.5,-119.1,1638
5,-28.0,148.7,38
5,63.1,81.1,12
5,-29.1,-56.0,5
5,40.6,68.5,1
5,23.4,-99.1,1
5,21.6,-104.8,1
5,7.9,-75.1,1
5,39.1,117.4,1
5,-15.9,-61.0,1
5,47.5,6.8,1
5,-31.6,117.1,6
5,-11.0,35.8,8
5,-4.2,29.5,3
5,31.1,48.5,6
5,30.9,20.1,24
5,-22.4,148.4,95
5,-2.3,14.3,21
5,46.0,39.5,1
5,-18.6,29.1,1
5,24.5,121.8,3
5,-28.5,31.0,37
5,42.1,-76.9,1
5,10.9,-74.2,2
5,31.4,-82.4,7
5,30.5,73.0,14
5,-27.6,149.6,8
5,39.0,117.0,2
5,30.5,49.0,6
5,-13.7,24.5,113
5,-11.8,25.4,55
5,-15.4,16.1,5
5,-10.8,29.5,42
5,35.1,136.4,24
5,35.4,-85.4,1
5,-13.0,36.9,8
5,-28.3,148.5,8
5,-3.2,-60.3,1
5,47.9,-3.7,1
5,6.8,30.9,13
5,-15.9,34.2,67
5,38.9,-112.9,119
5,21.2,83.8,7
5,2.2,-76.9,2
5,-13.2,134.7,141
5,25.2,103.8,14
5,-27.9,30.4,12
5,-14.7,19.1,48
5,-4.7,30.5,135
5,-12.0,14.3,12
5,48.9,11.9,1
5,-1.8,14.4,116
5,-19.3,44.4,39
5,-12.4,22.5,152
5,-37.9,-67.7,5
5,-20.4,-60.8,3
5,19.8,-89.9,1
5,9.3,39.3,1
5,-4.5,11.6,2
5,-24.9,29.9,7
5,27.5,-99.1,2
5,-12.7,26.2,14
5,-7.1,34.6,197
5,42.9,-74.5,2
5,49.7,-103.0,5
5,-10.2,33.0,49
5,-10.9,-45.8,7
5,30.5,111.2,5
5,-9.7,19.1,11
5,27.9,120.5,1
5,-13.2,33.5,21
5,-13.0,28.7,612
5,-13.2,22.6,56
5,-9.7,22.3,162
5,-5.5,26.5,28
5,9.8,39.9,3
5,-9.9,26.3,132
5,23.2,103.3,2
5,-6.6,18.4,39
5,-22.4,-59.1,7
5,-8.7,18.3,97
5,21.8,-98.0,2
5,-5.0,15.7,98
5,56.4,-99.9,27
5,-17.0,178.7,2
5,-15.9,38.6,1
5,6.3,35.4,7
5,36.2,-88.7,6
5,-7.0,25.8,204
5,-17.5,36.6,2
5,-5.4,25.3,261
5,35.0,109.6,1
5,49.2,84.3,10
5,-15.0,-41.5,4
5,10.3,123.9,1
5,62.3,87.4,114
5,5.2,30.5,1
5,-13.3,32.2,153
5,-5.7,-44.4,43
5,-10.6,-38.5,3
5,50.8,26.9,2
5,6.4,36.5,38
5,12.0,24.5,1
5,15.3,36.7,3
5,26.2,89.2,4
5,-4.6,103.3,5
5,20.9,109.9,3
5,58.1,-102.4,1
5,-8.6,142.7,9
5,17.3,-90.6,3
5,-9.4,34.6,4
5,3.1,20.4,9
5,-33.6,-62.4,1
5,-10.6,26.7,214
5,1.9,-60.7,3
5,3.1,20.3,11
5,36.4,-86.4,1
5,-13.4,35.2,7
5,10.0,-68.8,1
5,24.9,118.0,1
5,22.1,112.2,1
5,7.9,33.1,108
5,40.9,117.4,3
5,-18.2,28.8,1
5,35.1,-78.4,3
5,-29.4,-60.1,1
5,57.9,-100.3,86
5,52.4,-1.6,2
5,-11.7,26.2,71
5,-9.6,18.4,101
5,22.9,-81.5,2
5,34.3,-118.6,105
5,-0.8,28.9,86
5,21.8,107.4,1
5,31.1,-89.5,1
5,-14.4,18.1,35
5,-20.4,22.8,55
5,-3.2,-42.4,2
5,24.1,-103.9,1
5,-9.0,31.9,7
5,43.7,-88.4,73
5,36.2,-82.6,1
5,14.5,77.5,2
5,-15.5,31.0,119
5,56.6,-99.4,234
5,-12.6,22.9,101
5,-21.9,-43.4,2
5,-7.9,-73.0,4
5,-27.6,29.6,4
5,42.9,74.6,3
5,44.9,18.6,1
5,-13.7,131.9,157
5,-26.5,32.1,89
5,30.1,51.7,3
5,-17.0,25.4,90
5,13.8,25.9,2
5,40.9,24.9,7
5,-6.6,28.7,161
5,36.1,37.6,39
5,-16.2,-39.2,1
5,40.4,-75.8,1
5,-2.3,116.2,8
5,-30.9,29.5,40
5,27.1,86.7,1
5,-8.6,17.1,257
5,-13.8,22.4,58
5,61.7,-122.5,224
5,1.2,110.3,2
5,21.1,-106.7,1
5,39.7,-105.1,1
5,48.7,35.0,2
5,23.3,72.0,1
5,-4.6,17.8,55
5,56.0,54.2,3
5,40.6,81.1,7
5,-8.0,110.9,5
5,-13.2,40.0,82
5,-14.4,21.8,45
5,48.6,1.6,2
5,-1.9,-55.6,1
5,-6.4,16.5,103
5,-11.7,130.4,139
5,-15.2,-65.8,3
5,32.4,-82.5,8
5,-23.9,-56.3,18
5,26.0,32.2,1
5,-0.3,110.0,3
5,-15.2,-39.5,1
5,18.0,-66.8,3
5,42.6,-9.0,1
5,-5.9,-61.7,1
5,-15.3,36.6,19
5,-4.9,17.2,43
5,-5.9,-46.2,9
5,43.4,24.1,1
5,21.5,74.2,2
5,-11.1,38.0,5
5,53.6,-2.9,5
5,20.4,-97.5,1
5,-22.7,149.9,41
5,35.0,44.3,41
5,-22.1,-41.7,1
5,-13.5,18.8,9
5,-26.9,27.4,1
5,-5.3,-48.5,3
5,23.0,-82.7,5
5,52.1,-68.0,87
5,59.7,10.0,1
5,-13.0,142.6,133
5,-8.0,15.5,83
5,-18.9,-44.9,2
5,29.3,71.9,4
5,38.7,-86.1,5
5,-37.2,142.1,1
5,-11.7,18.3,55
5,13.8,102.8,2
5,-3.5,21.9,7
5,-12.2,16.6,119
5,20.5,-104.5,1
5,-13.2,21.8,65
5,31.1,109.8,1
5,52.1,32.4,1
5,30.1,102.9,7
5,-9.1,28.0,33
5,38.9,111.2,1
5,4.7,19.5,1
5,-4.6,18.2,95
5,-9.2,-49.0,1
5,-11.9,43.4,1
5,-29.8,151.5,14
5,0.1,32.1,14
5,-19.1,-66.2,9
5,7.2,-6.0,1
5,47.8,33.3,132
5,-27.7,151.1,4
5,-6.1,34.1,2
5,49.5,10.9,2
5,39.9,-86.9,179
5,8.1,-75.3,1
5,47.0,31.6,71
5,-15.5,30.5,33
5,-12.7,-69.2,7
5,35.6,-91.3,2
5,40.6,80.3,1
5,-5.1,15.0,155
5,36.7,8.8,8
5,5.3,7.1,1
5,-11.9,-66.3,4
5,-35.9,-72.1,6
5,14.9,102.2,1
5,40.8,-84.6,6
5,1.4,30.9,14
5,-37.3,143.9,3
5,7.1,-1.6,1
5,24.1,106.4,4
5,34.8,10.6,6
5,-14.5,133.3,18
5,48.0,44.6,2
5,17.0,-89.7,2
5,37.0,-86.4,2
5,8.2,-73.9,3
5,-4.4,12.0,4
5,34.5,-83.0,4
5,-1.7,-54.2,3
5,1.8,21.1,2
5,-5.3,-76.8,1
5,-28.8,-49.8,1
5,-22.2,-43.0,1
5,-13.2,15.9,22
5,-5.4,145.0,2
5,-39.8,174.4,1
5,30.4,49.1,115
5,3.0,32.6,17
5,-7.2,20.5,203
5,0.2,32.2,11
5,37.5,13.7,8
5,-24.8,31.5,2
5,-13.7,-55.4,1
5,70.0,-75.9,1
5,-9.8,16.4,335
5,-17.3,22.1,67
5,-5.5,144.6,16
5,40.3,27.6,1
5,16.6,-90.0,2
5,34.5,9.5,3
5,-17.2,19.3,1
5,-8.5,30.1,95
5,9.5,-70.5,18
5,49.7,34.3,1
5,-12.8,30.6,2
5,-8.2,22.3,151
5,-19.4,34.0,1
5,46.9,29.3,1
5,-7.3,-79.4,5
5,53.4,-1.4,6
5,40.6,109.7,583
5,35.7,114.9,1
5,-7.1,21.4,180
5,4.6,34.3,1
5,-26.4,27.5,69
5,-13.1,-41.1,5
5,41.3,13.5,5
5,5.0,25.6,7
5,-15.4,-60.2,10
5,-6.0,18.0,134
5,-5.5,32.6,1
5,-4.5,38.0,1
5,33.0,74.4,1
5,31.5,-83.4,5
5,38.1,28.0,2
5,-14.4,32.2,15
5,1.2,33.9,1
5,-30.0,-58.6,7
5,-27.7,-51.8,1
5,32.2,50.5,1
5,-12.5,24.9,47
5,-14.9,142.3,148
5,-13.9,16.4,60
5,-12.9,24.5,1
5,-6.0,24.5,123
5,29.5,52.5,8
5,34.2,-78.5,30
5,-8.3,29.4,57
5,-5.6,22.4,40
5,-34.3,-56.7,7
5,18.4,-88.5,6
5,-9.6,19.5,56
5,-8.2,28.1,397
5,6.0,35.4,4
5,-4.2,28.2,171
5,18.1,-90.3,3
5,-16.1,128.9,2
5,-15.5,30.1,19
5,-1.6,20.1,5
5,33.2,-117.5,11
5,-5.9,12.8,48
5,-29.3,-50.8,6
5,14.7,37.9,1
5,50.0,1.7,6
5,3.0,32.0,16
5,63.6,107.9,252
5,0.0,22.4,1
5,-28.0,-56.1,13
5,-16.9,44.5,48
5,55.0,105.0,1
5,6.5,34.0,5
5,-13.8,33.6,7
5,-20.0,34.4,39
5,-14.8,27.9,138
5,38.1,-93.2,1
5,19.1,30.3,3
5,-10.6,25.4,307
5,-11.0,40.4,2
5,7.4,-73.5,2
5,-11.4,13.8,1
5,-13.5,28.8,23
5,-7.4,141.4,3
5,-14.3,-54.6,5
5,54.2,41.9,1
5,-6.7,13.2,1
5,-1.5,-48.1,1
5,-6.1,28.0,171
5,-23.2,34.3,1
5,-29.3,26.8,2
5,-27.7,-62.5,8
5,-8.4,113.5,1
5,-6.8,18.0,148
5,-8.1,-71.3,3
5,18.1,100.2,1
5,19.6,-103.6,2
5,-9.8,120.0,21
5,-2.4,14.2,48
5,30.9,-108.4,1
5,38.5,-89.2,2
5,23.8,70.3,2
5,-30.4,115.0,5
5,35.3,107.2,1
5,40.1,111.4,76
5,-0.4,117.3,6
5,-4.7,14.3,1
5,4.5,-70.7,1
5,19.0,-103.0,6
5,17.7,-91.9,2
5,65.7,-119.4,2
5,-7.8,19.0,166
5,58.6,86.7,1
5,-0.9,117.1,11
5,48.2,28.3,1
5,-15.1,134.7,67
5,56.0,45.1,4
5,4.0,113.8,4
5,-12.8,24.5,15
5,-12.6,-75.4,1
5,0.0,111.8,3
5,-26.9,152.1,3
5,-4.0,143.0,48
5,-9.2,25.1,46
5,-7.0,22.5,138
5,10.5,77.6,1
5,51.5,-91.9,92
5,35.9,57.8,3
5,-16.3,-45.6,1
5,-13.2,-55.7,7
5,64.1,87.6,242
5,0.4,30.5,8
5,-1.4,14.2,103
5,14.2,-13.8,1
5,13.7,-13.1,2
5,-6.2,146.6,39
5,-8.4,27.5,148
5,-3.8,26.8,7
5,33.4,-91.5,1
5,36.0,-83.1,7
5,-4.8,36.9,13
5,10.2,41.6,7
5,-17.5,19.6,315
5,-3.6,14.2,19
5,51.5,-92.4,35
5,24.0,117.8,10
5,16.6,-98.8,7
5,47.4,9.4,1
5,64.0,90.4,83
5,-16.6,27.4,7
5,-6.1,14.9,120
5,34.1,113.4,8
5,2.9,18.8,5
5,-5.5,27.8,144
5,-17.7,46.0,47
5,-16.5,32.8,4
5,33.9,71.4,2
5,64.8,110.2,691
5,35.4,134.7,1
5,-15.2,25.1,28
5,32.4,-97.3,1
5,-15.0,21.1,3
5,-14.7,16.3,79
5,-3.5,15.2,70
5,-28.2,-68.0,1
5,59.8,110.8,155
5,0.0,35.5,18
5,-6.2,24.1,156
5,-14.4,19.5,34
5,39.4,16.2,5
5,37.3,14.8,11
5,23.4,70.5,6
5,25.0,106.5,1
5,58.3,12.3,113
5,-10.6,18.8,29
5,60.2,89.2,29
5,-7.7,28.4,304
5,-9.4,17.7,239
5,-25.6,148.4,140
5,-3.9,27.4,47
5,-13.2,15.4,81
5,-23.1,44.1,22
5,23.8,70.8,1
5,30.2,75.2,4
5,25.9,-108.4,2
5,10.5,6.5,4
5,-10.1,-44.3,2
5,-26.7,27.3,3
5,48.7,0.7,2
5,28.8,81.6,1
5,-29.4,30.4,60
5,-22.6,118.1,12
5,-8.2,33.3,3
5,-3.0,104.0,27
5,5.9,-71.8,1
5,3.1,32.6,13
5,53.4,-76.6,1
5,34.9,-88.6,2
5,-2.4,13.8,7
5,24.7,39.2,8
5,-38.2,144.5,1
5,26.7,81.0,1
5,-19.5,22.3,13
5,-8.7,122.1,7
5,6.5,18.0,1
5,12.8,105.6,6
5,45.0,11.4,2
5,51.9,30.8,4
5,25.4,52.3,205
5,5.6,-76.7,1
5,-1.6,18.1,1
5,-2.5,24.0,54
5,39.0,-80.2,2
5,-7.9,114.4,5
5,-27.3,31.0,34
5,54.5,9.3,5
5,47.1,18.1,2
5,0.9,118.9,12
5,53.1,59.5,10
5,-16.6,46.1,63
5,-26.5,-61.7,25
5,-9.5,119.9,41
5,-6.3,-47.5,4
5,62.8,87.6,503
5,-17.9,34.6,82
5,20.7,-76.9,1
5,-20.5,44.8,29
5,-4.5,-55.0,2
5,30.7,107.4,2
5,-10.3,22.8,158
5,-10.5,28.9,13
5,2.6,29.2,1
5,39.6,118.9,22
5,53.3,35.7,2
5,29.3,104.5,1
5,-16.0,30.2,11
5,21.9,101.0,1
5,-1.6,31.0,6
5,-11.7,37.6,2
5,-9.5,-40.8,4
5,36.6,41.4,6
5,43.0,59.0,1
5,-6.9,13.6,45
5,-12.4,31.1,3
5,-6.4,14.8,65
5,-7.8,23.2,128
5,18.8,-102.8,7
5,-21.2,-54.7,1
5,30.8,-88.2,5
5,-26.1,31.7,1
5,33.1,-90.1,2
5,-5.9,21.5,15
5,46.4,44.5,2
5,34.6,36.6,11
5,-10.3,-48.2,1
5,-7.2,39.2,1
5,-25.4,30.3,4
5,-17.8,30.2,12
5,34.2,105.2,3
5,22.9,69.1,6
5,62.5,75.2,25
5,-31.7,116.3,1
5,46.5,122.4,1
5,-5.6,13.5,147
5,6.1,35.2,36
5,-6.3,14.3,23
5,-1.3,15.6,6
5,-28.9,30.8,3
5,62.3,67.2,3
5,-20.9,-44.4,2
5,66.6,-118.3,1
5,-28.8,-56.8,59
5,9.6,32.1,1
5,-6.9,-44.8,8
5,-6.9,33.6,96
5,-1.2,25.7,1
5,25.8,-109.2,7
5,-0.7,29.5,10
5,-11.4,-41.8,1
5,18.3,-70.6,6
5,45.2,38.0,2
5,53.0,11.8,7
5,11.6,41.6,23
5,-14.6,142.1,28
5,36.7,117.9,10
5,-30.8,148.4,2
5,37.4,112.6,5
5,49.9,10.5,2
5,47.6,38.2,1
5,12.7,-3.3,3
5,-8.2,-74.8,1
5,-28.5,-56.5,19
5,-5.4,144.0,1
5,-10.3,17.7,192
5,11.9,33.7,22
5,30.6,76.2,7
5,66.5,-118.4,1277
5,9.7,-73.8,1
5,-17.5,30.4,91
5,-30.1,30.7,17
5,-8.0,28.2,365
5,56.4,-93.4,15
5,3.3,103.0,5
5,-6.6,-48.4,4
5,35.3,-79.4,2
5,46.9,35.4,4
5,-16.8,-67.8,7
5,5.7,-61.6,4
5,39.9,-4.5,10
5,21.7,92.1,1
5,-13.0,-66.3,30
5,-17.7,19.6,21
5,-8.4,20.8,237
5,37.1,46.0,1
5,-31.4,-53.9,1
5,27.7,54.0,1
5,-29.7,-61.3,24
5,16.9,-89.4,7
5,47.3,17.5,2
5,0.9,30.0,5
5,61.6,-106.2,270
5,50.3,70.0,1
5,-34.0,116.2,2
5,-32.6,-54.7,2
5,-8.7,17.1,481
5,-14.7,29.4,13
5,-24.1,-48.6,3
5,10.5,-1.1,1
5,53.6,-64.6,64
5,-18.3,25.2,82
5,16.0,36.0,1
5,-19.7,20.7,84
5,60.1,92.5,27
5,-6.9,34.9,29
5,47.7,65.3,2
5,-18.2,33.2,1
5,13.9,77.9,3
5,18.0,-99.2,2
5,-28.7,-55.4,14
5,51.8,13.5,1
5,44.7,-118.5,270
5,61.7,-73.8,5
5,-11.6,35.4,20
5,-22.7,-46.6,3
5,-5.3,16.1,61
5,-26.8,32.2,59
5,-19.1,-45.0,1
5,-18.8,-40.6,3
5,-11.7,29.2,18
5,-24.4,33.5,1
5,48.7,4.4,1
5,44.4,-119.5,1
5,46.0,124.3,6
5,-13.1,134.6,43
5,40.6,29.4,1
5,12.0,121.3,2
5,-10.4,27.3,131
5,2.5,31.0,10
5,-11.4,-40.4,2
5,-30.3,-61.3,4
5,49.5,5.8,3
5,43.4,-89.7,1
5,21.7,82.2,5
5,14.1,33.9,1
5,-14.5,142.1,39
5,13.8,-87.8,1
5,-11.5,38.8,82
5,18.9,101.5,1
5,19.4,100.9,1
5,5.4,35.9,7
5,44.7,118.4,4
5,-10.6,15.8,86
5,-34.5,-71.7,1
5,20.4,105.9,11
5,-19.9,139.0,8
5,-12.1,30.0,4
5,-26.6,-53.2,1
5,-12.6,36.8,6
5,0.5,30.7,9
5,-3.7,-43.2,2
5,-11.1,-55.1,7
5,47.4,44.7,2
5,2.9,103.3,2
5,-3.4,-50.8,3
5,60.1,19.7,6
5,-13.2,-66.3,9
5,15.7,99.7,3
5,-14.8,19.0,5
5,-7.7,15.5,83
5,16.1,44.5,2
5,53.1,51.0,122
5,-4.2,23.2,28
5,-12.7,32.5,19
5,-15.2,19.4,4
5,-18.4,25.2,99
5,-20.4,45.2,23
5,37.6,40.6,1
5,-9.7,24.1,55
5,-1.7,121.1,2
5,11.4,-3.0,1
5,55.9,125.5,3
5,29.9,121.7,3
5,-9.8,18.7,249
5,-13.1,35.5,4
5,-27.7,140.1,1
5,24.1,55.0,6
5,-7.4,28.6,177
5,-14.6,-53.6,3
5,-22.7,-52.1,9
5,32.8,114.0,2
5,-20.0,28.9,27
5,25.2,-108.2,62
5,-16.4,36.4,3
5,47.0,39.3,1
5,-7.7,-73.3,1
5,27.9,113.2,1
5,33.5,43.7,5
5,23.2,110.9,1
5,34.5,-90.9,3
5,5.9,5.3,17
5,-14.1,17.0,17
5,-18.7,-65.6,1
5,-15.7,27.9,35
5,-11.7,18.5,55
5,-16.6,30.0,9
5,51.7,11.7,3
5,-4.2,34.5,1
5,-28.8,-55.5,1
5,-9.0,17.0,226
5,1.6,30.0,4
5,-26.1,26.1,20
5,44.9,27.2,1
5,-31.1,-55.8,3
5,12.6,-15.3,2
5,-8.6,117.6,18
5,48.4,2.9,1
5,19.7,73.4,2
5,-4.0,122.2,4
5,42.6,-89.1,1
5,-27.4,-56.2,18
5,-1.3,31.0,8
5,34.4,-117.0,2
5,28.1,-110.7,5
5,-3.4,15.7,118
5,24.9,73.9,1
5,19.5,-103.5,14
5,-26.1,29.8,7
5,-11.0,26.2,203
5,2.3,-51.0,4
5,25.5,55.9,96
5,10.1,-73.2,3
5,-18.4,31.9,13
5,7.5,28.2,1
5,-29.4,30.5,66
5,12.5,35.9,2
5,31.4,74.6,3
5,40.1,27.7,4
5,20.3,109.9,1
5,56.8,60.6,1
5,-8.6,30.4,39
5,30.4,-108.6,1
5,14.1,13.4,7
5,0.6,22.8,3
5,62.4,86.4,128
5,-5.1,20.5,78
5,-8.4,24.2,42
5,-15.7,-47.0,2
5,6.0,-68.7,13
5,30.1,52.5,54
5,5.7,-75.5,4
5,-2.0,-55.3,1
5,-24.2,35.2,5
5,-30.3,-59.1,16
